ticker,sector,price,dcf_value,relative_value,fair_value,margin_of_safety,undervalued,valuation_signals_agree,valuation_gap_pct,revenue_not_declining,profitable,fcf_positive,debt_reasonable,analyst_consensus_agrees,quality_checks_passed,quality_checks_applicable,high_confidence_pick,market_cap,last_updated
GLXY,Financial Services,22.65,,2794.37,2794.37,0.9919,True,True,,,False,False,True,True,2,4,False,13347585024,2026-10-06T02:26:47.143659+00:00
PAGS,Technology,10.95,1257.72,506.1,957.08,0.9886,True,True,85.23,True,True,True,True,True,5,5,True,3018323712,2026-10-06T02:26:47.143659+00:00
STNE,Technology,11.54,,280.66,280.66,0.9589,True,True,,True,True,False,True,True,4,5,False,2661073664,2026-10-06T02:26:47.143659+00:00
FWONA,Communication Services,87.49,1275.15,103.66,806.55,0.8915,True,True,169.93,True,True,True,True,True,5,5,True,21934483456,2026-10-06T02:26:47.143659+00:00
BBUC,Industrials,25.95,,237.48,237.48,0.8907,True,True,,False,True,True,False,True,3,5,False,5331220480,2026-10-06T02:26:47.143659+00:00
CHTR,Communication Services,107.77,,929.69,929.69,0.8841,True,True,,True,True,True,False,True,4,5,False,14005530624,2026-10-06T02:26:47.143659+00:00
RUSHB,Consumer Cyclical,56.3,641.31,133.13,438.04,0.8715,True,True,131.24,True,True,True,True,,4,4,True,6571922432,2026-10-06T02:26:47.143659+00:00
CTVA,Basic Materials,12.39,125.65,35.86,89.74,0.8619,True,True,111.18,False,True,True,,True,3,4,False,8266558976,2026-10-06T02:26:47.143659+00:00
VSNT,Communication Services,31.02,251.46,127.58,201.91,0.8464,True,True,65.36,False,True,True,True,True,4,5,False,4317056000,2026-10-06T02:26:47.143659+00:00
DX,Real Estate,10.83,,68.13,68.13,0.841,True,True,,True,True,,False,True,3,4,False,2679662080,2026-10-06T02:26:47.143659+00:00
EE,Energy,34.13,275.2,51.28,185.63,0.8161,True,True,137.17,False,True,True,True,True,4,5,False,3870413824,2026-10-06T02:26:47.143659+00:00
AGNC,Real Estate,8.65,,46.2,46.2,0.8128,True,True,,,True,,False,True,2,3,False,10254413824,2026-10-06T02:26:47.143659+00:00
NLY,Real Estate,18.27,,96.18,96.18,0.81,True,True,,True,True,False,False,True,3,5,False,13770362880,2026-10-06T02:26:47.143659+00:00
BIPC,Utilities,36.36,,189.51,189.51,0.8081,True,True,,True,False,True,False,,2,4,False,4472847360,2026-10-06T02:26:47.143659+00:00
G,Technology,33.52,215.07,102.52,170.05,0.8029,True,True,70.88,True,True,True,True,True,5,5,True,5632513024,2026-10-06T02:26:47.143659+00:00
ADT,Industrials,6.21,,31.48,31.48,0.8027,True,True,,True,True,True,False,True,4,5,False,4536772608,2026-10-06T02:26:47.143659+00:00
CENT,Consumer Defensive,39.7,,193.08,193.08,0.7944,True,True,,False,True,True,True,,3,4,False,2484926208,2026-10-06T02:26:47.143659+00:00
FIS,Technology,33.58,,157.36,157.36,0.7866,True,True,,True,True,True,True,True,5,5,False,17356802048,2026-10-06T02:26:47.143659+00:00
LYFT,Technology,15.73,32.3,131.01,71.78,0.7809,True,True,120.89,True,True,True,True,True,5,5,True,5954438144,2026-10-06T02:26:47.143659+00:00
LEN-B,Consumer Cyclical,73.36,,322.33,322.33,0.7724,True,True,,True,True,True,True,,4,4,False,17672067072,2026-10-06T02:26:47.143659+00:00
PII,Consumer Cyclical,52.66,330.32,63.47,223.58,0.7645,True,True,135.53,False,False,True,False,True,2,5,False,2996539648,2026-10-06T02:26:47.143659+00:00
OMC,Communication Services,75.25,484.15,53.32,311.81,0.7587,True,False,160.32,True,False,True,True,True,4,5,False,21446717440,2026-10-06T02:26:47.143659+00:00
MD,Healthcare,26.1,154.89,33.56,106.36,0.7546,True,True,128.77,False,True,True,True,True,4,5,False,2120710400,2026-10-06T02:26:47.143659+00:00
DLO,Technology,14.52,77.48,25.77,56.8,0.7444,True,True,100.15,True,True,True,True,True,5,5,True,4272787712,2026-10-06T02:26:47.143659+00:00
BBWI,Consumer Cyclical,17.46,72.4,60.92,67.81,0.7425,True,True,17.22,False,True,True,,True,3,4,False,3520727040,2026-10-06T02:26:47.143659+00:00
APTV,Consumer Cyclical,43.89,229.24,81.05,169.96,0.7418,True,True,95.52,True,True,True,True,True,5,5,True,9288025088,2026-10-06T02:26:47.143659+00:00
EEFT,Technology,64.25,,248.61,248.61,0.7416,True,True,,True,True,True,False,True,4,5,False,2446134528,2026-10-06T02:26:47.143659+00:00
FISV,,46.14,169.18,,169.18,0.7273,True,True,,True,True,True,,True,4,4,False,24535715840,2026-10-06T02:26:47.143659+00:00
TTD,Communication Services,11.98,59.81,18.14,43.14,0.7223,True,True,106.93,True,True,True,True,True,5,5,True,5664084992,2026-10-06T02:26:47.143659+00:00
LNC,Financial Services,40.91,,146.29,146.29,0.7203,True,True,,False,True,,True,True,3,4,False,7832110080,2026-10-06T02:26:47.143659+00:00
GDDY,Technology,99.74,453.91,203.35,353.68,0.718,True,True,76.24,True,True,True,False,True,4,5,False,12631841792,2026-10-06T02:26:47.143659+00:00
HRMY,Healthcare,39.92,195.62,55.32,139.5,0.7138,True,True,111.82,True,True,True,True,True,5,5,True,2324796672,2026-10-06T02:26:47.143659+00:00
NWS,Communication Services,32.0,151.38,45.44,109.01,0.7064,True,True,107.66,True,True,True,True,,4,4,True,17256357888,2026-10-06T02:26:47.143659+00:00
KMT,Industrials,32.86,,111.36,111.36,0.7049,True,True,,True,True,False,True,False,3,5,False,2510176512,2026-10-06T02:26:47.143659+00:00
EIX,Utilities,54.24,,183.8,183.8,0.7049,True,True,,True,True,False,False,True,3,5,False,20872310784,2026-10-06T02:26:47.143659+00:00
KTB,Consumer Cyclical,64.2,303.78,86.94,217.04,0.7042,True,True,110.99,True,True,True,False,True,4,5,False,3508762112,2026-10-06T02:26:47.143659+00:00
LBTYK,Communication Services,8.8,,29.5,29.5,0.7017,True,True,,True,False,False,True,,2,4,False,3001570560,2026-10-06T02:26:47.143659+00:00
SEB,Industrials,3978.74,,13331.37,13331.37,0.7016,True,True,,False,True,True,True,,3,4,False,3810817280,2026-10-06T02:26:47.143659+00:00
PBI,Industrials,16.81,67.46,36.06,54.9,0.6938,True,True,60.66,False,True,True,,True,3,4,False,2304486400,2026-10-06T02:26:47.143659+00:00
GEN,Technology,22.28,81.77,58.07,72.29,0.6918,True,True,33.89,True,True,True,False,True,4,5,False,13336518656,2026-10-06T02:26:47.143659+00:00
ADM,Consumer Defensive,82.47,403.41,62.15,266.91,0.691,True,False,146.6,False,True,True,True,False,3,5,False,39746953216,2026-10-06T02:26:47.143659+00:00
CRC,Energy,53.01,262.47,32.73,170.57,0.6892,True,False,155.64,True,True,True,True,True,5,5,False,4708342784,2026-10-06T02:26:47.143659+00:00
CMCSA,Communication Services,21.57,,68.98,68.98,0.6873,True,True,,True,True,True,True,True,5,5,False,76544090112,2026-10-06T02:26:47.143659+00:00
REZI,Industrials,18.56,,59.05,59.05,0.6857,True,True,,True,False,False,True,True,3,5,False,2818287104,2026-10-06T02:26:47.143659+00:00
BHF,Financial Services,49.82,,157.88,157.88,0.6845,True,True,,False,True,,True,True,3,4,False,2865225984,2026-10-06T02:26:47.143659+00:00
SFD,Consumer Defensive,18.73,65.71,49.27,59.13,0.6832,True,True,28.6,False,True,True,True,True,4,5,False,7375263744,2026-10-06T02:26:47.143659+00:00
HG,Financial Services,34.16,,106.75,106.75,0.68,True,True,,True,True,,True,True,4,4,False,3368667392,2026-10-06T02:26:47.143659+00:00
THC,Healthcare,259.47,1082.51,400.34,809.64,0.6795,True,True,92.01,True,True,True,True,True,5,5,True,20892264448,2026-10-06T02:26:47.143659+00:00
DLB,Industrials,59.36,256.28,78.05,184.98,0.6791,True,True,106.62,True,True,True,True,True,5,5,True,5560179712,2026-10-06T02:26:47.143659+00:00
PURR,Financial Services,12.92,,40.03,40.03,0.6773,True,True,,,True,,,True,2,2,False,3073917440,2026-10-06T02:26:47.143659+00:00
VGNT,Consumer Cyclical,47.27,162.38,122.41,146.39,0.6771,True,True,28.07,True,True,True,False,True,4,5,False,3348382976,2026-10-06T02:26:47.143659+00:00
WSC,Industrials,17.07,72.18,23.48,52.7,0.6761,True,True,101.83,True,False,True,False,True,3,5,False,3092929536,2026-10-06T02:26:47.143659+00:00
M,Consumer Cyclical,22.51,83.92,47.2,69.24,0.6749,True,True,56.01,False,True,True,True,True,4,5,False,5879086080,2026-10-06T02:26:47.143659+00:00
DBD,Technology,65.63,232.35,153.5,200.81,0.6732,True,True,40.87,False,True,True,True,True,4,5,False,2227914496,2026-10-06T02:26:47.143659+00:00
MMS,Industrials,54.41,,166.37,166.37,0.673,True,True,,True,True,True,True,,4,4,False,2848785920,2026-10-06T02:26:47.143659+00:00
GHC,Industrials,1155.36,3859.44,3030.64,3527.92,0.6725,True,True,24.06,True,True,True,True,,4,4,True,4892866560,2026-10-06T02:26:47.143659+00:00
LULU,Consumer Cyclical,93.14,315.06,231.88,281.79,0.6695,True,True,30.42,True,True,True,True,True,5,5,True,10311531520,2026-10-06T02:26:47.143659+00:00
MRP,Real Estate,22.51,,67.65,67.65,0.6673,True,True,,,True,,True,True,3,3,False,3737738752,2026-10-06T02:26:47.143659+00:00
PSN,Technology,42.11,171.27,56.14,125.22,0.6637,True,True,101.25,True,True,True,True,True,5,5,True,4497574912,2026-10-06T02:26:47.143659+00:00
TRN,Industrials,26.39,,78.43,78.43,0.6635,True,True,,True,True,False,False,,2,4,False,2102477696,2026-10-06T02:26:47.143659+00:00
VNT,Technology,31.89,103.9,80.85,94.68,0.6632,True,True,24.96,False,True,True,True,True,4,5,False,4311527936,2026-10-06T02:26:47.143659+00:00
CVSA,Consumer Defensive,125.39,522.35,139.44,369.19,0.6604,True,True,115.72,True,True,True,True,True,5,5,True,4268127744,2026-10-06T02:26:47.143659+00:00
INTU,Technology,284.68,1037.03,512.98,827.41,0.6559,True,True,67.62,True,True,True,True,True,5,5,True,76076744704,2026-10-06T02:26:47.143659+00:00
NTCT,Technology,41.2,162.42,55.43,119.63,0.6556,True,True,98.22,False,True,True,True,True,4,5,False,2995541248,2026-10-06T02:26:47.143659+00:00
TAP,Consumer Defensive,36.52,,105.06,105.06,0.6524,True,True,,True,False,True,True,True,4,5,False,6809297920,2026-10-06T02:26:47.143659+00:00
PINS,Communication Services,20.06,91.38,6.97,57.61,0.6518,True,False,171.66,True,True,True,True,True,5,5,False,11236755456,2026-10-06T02:26:47.143659+00:00
KD,Technology,11.61,22.85,48.66,33.17,0.65,True,True,72.2,False,True,True,False,True,3,5,False,2528869888,2026-10-06T02:26:47.143659+00:00
CAH,Healthcare,233.12,1021.49,122.79,662.01,0.6479,True,False,157.08,True,True,True,,True,4,4,False,53981114368,2026-10-06T02:26:47.143659+00:00
TDC,Technology,29.91,59.94,121.13,84.41,0.6457,True,True,67.59,False,True,True,True,True,4,5,False,2781629952,2026-10-06T02:26:47.143659+00:00
ALL,Financial Services,224.71,,633.36,633.36,0.6452,True,True,,True,True,True,True,True,5,5,False,56819712000,2026-10-06T02:26:47.143659+00:00
TALO,Energy,17.01,,47.86,47.86,0.6446,True,True,,True,False,True,True,True,4,5,False,2840082688,2026-10-06T02:26:47.143659+00:00
LBTYA,Communication Services,8.99,,25.27,25.27,0.6443,True,True,,True,False,False,True,True,3,5,False,3066376960,2026-10-06T02:26:47.143659+00:00
BCO,Industrials,102.76,366.19,170.21,287.79,0.6429,True,True,73.07,True,True,True,False,True,4,5,False,4232646656,2026-10-06T02:26:47.143659+00:00
KSS,Consumer Cyclical,19.53,,54.24,54.24,0.6399,True,True,,False,True,True,True,False,3,5,False,2214242048,2026-10-06T02:26:47.143659+00:00
LDOS,Technology,119.45,,330.21,330.21,0.6383,True,True,,True,True,True,True,True,5,5,False,15025073152,2026-10-06T02:26:47.143659+00:00
UHS,Healthcare,176.05,548.72,386.05,483.65,0.636,True,True,34.8,True,True,True,True,True,5,5,True,10375774208,2026-10-06T02:26:47.143659+00:00
NATL,Technology,45.5,,124.81,124.81,0.6354,True,True,,True,True,True,False,,3,4,False,3362310656,2026-10-06T02:26:47.143659+00:00
TDW,Energy,83.93,334.03,71.19,228.9,0.6333,True,False,129.73,True,True,True,True,True,5,5,False,4176040448,2026-10-06T02:26:47.143659+00:00
RUSHA,Consumer Cyclical,47.16,180.18,51.16,128.57,0.6332,True,True,111.54,True,True,True,True,True,5,5,True,5505006592,2026-10-06T02:26:47.143659+00:00
AES,Utilities,14.9,,40.06,40.06,0.6281,True,True,,False,True,False,False,True,2,5,False,10626049024,2026-10-06T02:26:47.143659+00:00
SFM,Consumer Defensive,64.92,228.5,91.91,173.86,0.6266,True,True,85.26,True,True,True,True,True,5,5,True,6053635584,2026-10-06T02:26:47.143659+00:00
MIDD,Industrials,105.11,354.16,171.76,281.2,0.6262,True,True,69.36,False,False,True,True,True,3,5,False,4753320960,2026-10-06T02:26:47.143659+00:00
DOX,Technology,58.46,,154.52,154.52,0.6217,True,True,,False,True,True,True,True,4,5,False,6104100864,2026-10-06T02:26:47.143659+00:00
GNTX,Consumer Cyclical,21.91,73.53,33.35,57.45,0.6187,True,True,75.19,True,True,True,True,True,5,5,True,4665774592,2026-10-06T02:26:47.143659+00:00
FLOC,Energy,18.49,56.7,35.67,48.29,0.6171,True,True,45.54,True,True,True,True,True,5,5,True,2011633024,2026-10-06T02:26:47.143659+00:00
VC,Consumer Cyclical,89.27,297.7,135.48,232.81,0.6166,True,True,74.89,True,True,True,True,True,5,5,True,2382974976,2026-10-06T02:26:47.143659+00:00
NOG,Energy,24.03,,62.04,62.04,0.6127,True,True,,True,True,True,True,True,5,5,False,2560375552,2026-10-06T02:26:47.143659+00:00
CRUS,Technology,121.35,356.41,245.68,312.12,0.6112,True,True,36.78,True,True,True,True,True,5,5,True,6081765888,2026-10-06T02:26:47.143659+00:00
PTEN,Energy,11.55,39.97,14.13,29.63,0.6102,True,True,95.5,True,False,True,True,True,4,5,False,4384584192,2026-10-06T02:26:47.143659+00:00
ITRI,Technology,87.79,262.42,168.95,225.03,0.6099,True,True,43.33,True,True,True,True,True,5,5,True,3844038912,2026-10-06T02:26:47.143659+00:00
SOLV,Healthcare,88.03,,225.52,225.52,0.6097,True,True,,True,True,False,True,True,4,5,False,14984794112,2026-10-06T02:26:47.143659+00:00
SLDE,Financial Services,24.14,,61.5,61.5,0.6075,True,True,,True,True,True,True,True,5,5,False,2819834880,2026-10-06T02:26:47.143659+00:00
TNL,Consumer Cyclical,61.72,213.42,71.37,156.6,0.6059,True,True,99.76,True,True,True,,True,4,4,True,3782330368,2026-10-06T02:26:47.143659+00:00
BULL,Technology,7.36,29.11,3.01,18.67,0.6058,True,False,162.49,True,True,True,True,True,5,5,False,3972127232,2026-10-06T02:26:47.143659+00:00
GPOR,Energy,157.84,,399.59,399.59,0.605,True,True,,False,True,,True,True,3,4,False,2836327936,2026-10-06T02:26:47.143659+00:00
ZM,Technology,93.62,223.1,257.23,236.75,0.6046,True,True,14.21,True,True,True,True,True,5,5,True,27316791296,2026-10-06T02:26:47.143659+00:00
BTDR,Technology,10.93,,27.6,27.6,0.604,True,True,,True,True,False,True,True,4,5,False,2970579968,2026-10-06T02:26:47.143659+00:00
MKC,Consumer Defensive,45.54,133.54,84.23,113.81,0.5999,True,True,45.29,True,True,True,True,True,5,5,True,12253196288,2026-10-06T02:26:47.143659+00:00
UAL,Industrials,110.0,276.73,268.53,273.45,0.5977,True,True,3.01,True,True,True,False,True,4,5,False,35704213504,2026-10-06T02:26:47.143659+00:00
BEPC,Utilities,28.32,,70.06,70.06,0.5958,True,True,,False,False,False,False,True,1,5,False,5257407488,2026-10-06T02:26:47.143659+00:00
ZTS,Healthcare,71.41,232.07,93.05,176.46,0.5953,True,True,85.51,True,True,True,False,True,4,5,False,29508300800,2026-10-06T02:26:47.143659+00:00
WEX,Technology,172.48,,416.23,416.23,0.5856,True,True,,True,True,True,False,True,4,5,False,5878396416,2026-10-06T02:26:47.143659+00:00
CHWY,Consumer Cyclical,18.22,62.82,15.25,43.8,0.584,True,False,121.86,True,True,True,False,True,4,5,False,7323114496,2026-10-06T02:26:47.143659+00:00
BWA,Consumer Cyclical,60.26,194.92,69.05,144.57,0.5832,True,True,95.37,True,True,True,True,True,5,5,True,12272933888,2026-10-06T02:26:47.143659+00:00
KBH,Consumer Cyclical,45.04,148.53,46.81,107.84,0.5824,True,True,104.15,False,True,True,True,True,4,5,False,2738432000,2026-10-06T02:26:47.143659+00:00
ROP,Technology,363.38,1002.21,658.83,864.86,0.5798,True,True,41.35,True,True,True,True,True,5,5,True,35938598912,2026-10-06T02:26:47.143659+00:00
EPAM,Technology,109.95,261.14,261.95,261.46,0.5795,True,True,0.31,True,True,True,True,True,5,5,True,5671988224,2026-10-06T02:26:47.143659+00:00
DECK,Consumer Cyclical,80.21,236.04,122.64,190.68,0.5794,True,True,63.23,True,True,True,True,True,5,5,True,10923146240,2026-10-06T02:26:47.143659+00:00
PNR,Industrials,52.78,146.76,91.43,124.63,0.5765,True,True,46.46,True,True,True,True,True,5,5,True,8529540096,2026-10-06T02:26:47.143659+00:00
TKO,Communication Services,177.04,623.2,109.85,417.86,0.5763,True,False,140.06,True,True,True,True,True,5,5,False,33508308992,2026-10-06T02:26:47.143659+00:00
ULS,Industrials,68.25,202.82,96.85,160.43,0.5746,True,True,70.72,True,True,True,True,True,5,5,True,13756683264,2026-10-06T02:26:47.143659+00:00
ABG,Consumer Cyclical,171.83,,403.86,403.86,0.5745,True,True,,True,True,True,True,True,5,5,False,3084677632,2026-10-06T02:26:47.143659+00:00
INGM,Technology,27.58,60.0,71.24,64.49,0.5724,True,True,17.13,True,True,True,True,True,5,5,True,6344417792,2026-10-06T02:26:47.143659+00:00
PLNT,Consumer Cyclical,42.07,129.39,51.7,98.31,0.5721,True,True,85.8,True,True,True,,True,4,4,True,3190976768,2026-10-06T02:26:47.143659+00:00
CNX,Energy,32.24,64.3,90.92,74.95,0.5698,True,True,34.3,False,True,True,True,True,4,5,False,4769702912,2026-10-06T02:26:47.143659+00:00
PCG,Utilities,12.35,,28.64,28.64,0.5687,True,True,,True,True,False,True,True,4,5,False,37079232512,2026-10-06T02:26:47.143659+00:00
AZZ,Industrials,139.15,427.8,163.57,322.11,0.568,True,True,89.36,True,True,True,True,True,5,5,True,4181666048,2026-10-06T02:26:47.143659+00:00
AM,Energy,20.56,71.69,10.85,47.35,0.5658,True,False,147.44,True,True,True,True,True,5,5,False,9759296512,2026-10-06T02:26:47.143659+00:00
NEM,Basic Materials,115.82,331.93,167.15,266.02,0.5646,True,True,66.03,True,True,True,True,True,5,5,True,122038640640,2026-10-06T02:26:47.143659+00:00
EXE,Energy,86.43,,198.19,198.19,0.5639,True,True,,True,True,True,True,True,5,5,False,20676548608,2026-10-06T02:26:47.143659+00:00
STNG,Energy,86.41,,197.91,197.91,0.5634,True,True,,False,True,True,True,True,4,5,False,4327529984,2026-10-06T02:26:47.143659+00:00
AGCO,Industrials,116.19,322.14,180.66,265.55,0.5625,True,True,56.28,False,True,True,True,True,4,5,False,8136986624,2026-10-06T02:26:47.143659+00:00
MTCH,Communication Services,40.33,119.93,49.08,91.59,0.5597,True,True,83.85,True,True,True,,True,4,4,True,9257791488,2026-10-06T02:26:47.143659+00:00
FOX,Communication Services,56.7,133.92,120.3,128.47,0.5587,True,True,10.71,True,True,True,True,,4,4,True,23908894720,2026-10-06T02:26:47.143659+00:00
CF,Basic Materials,116.02,258.52,268.38,262.46,0.558,True,True,3.75,False,True,True,True,True,4,5,False,17558249472,2026-10-06T02:26:47.143659+00:00
AU,Basic Materials,94.48,252.63,151.62,212.23,0.5548,True,True,49.97,True,True,True,True,True,5,5,True,47785078784,2026-10-06T02:26:47.143659+00:00
OSCR,Healthcare,32.42,96.64,37.04,72.8,0.5547,True,True,89.16,True,False,True,True,True,4,5,False,10006269952,2026-10-06T02:26:47.143659+00:00
HAYW,Industrials,12.43,34.15,18.54,27.91,0.5546,True,True,59.25,False,True,True,True,True,4,5,False,2636646400,2026-10-06T02:26:47.143659+00:00
HRB,Consumer Cyclical,42.0,,93.79,93.79,0.5522,True,True,,True,True,True,False,True,4,5,False,5144708608,2026-10-06T02:26:47.143659+00:00
RNR,Financial Services,323.39,,722.2,722.2,0.5522,True,True,,True,True,,True,True,4,4,False,13437466624,2026-10-06T02:26:47.143659+00:00
T,Communication Services,24.24,,54.02,54.02,0.5513,True,True,,True,True,True,True,True,5,5,False,166101827584,2026-10-06T02:26:47.143659+00:00
FG,Financial Services,22.01,,48.91,48.91,0.55,True,True,,True,True,True,True,,4,4,False,2881883904,2026-10-06T02:26:47.143659+00:00
APA,Energy,43.85,,97.35,97.35,0.5496,True,True,,False,True,True,True,True,4,5,False,15362913280,2026-10-06T02:26:47.143659+00:00
COTY,Consumer Defensive,2.72,,6.03,6.03,0.5488,True,True,,True,False,True,True,False,3,5,False,2395467264,2026-10-06T02:26:47.143659+00:00
MCY,Financial Services,101.91,,225.57,225.57,0.5482,True,True,,True,True,True,True,,4,4,False,5644655104,2026-10-06T02:26:47.143659+00:00
AAL,Industrials,12.83,,28.32,28.32,0.547,True,True,,True,True,False,,True,3,4,False,8493073920,2026-10-06T02:26:47.143659+00:00
MWH,Utilities,25.09,77.97,21.45,55.36,0.5468,True,False,113.71,True,True,True,True,True,5,5,False,5077882880,2026-10-06T02:26:47.143659+00:00
SMCI,Technology,43.19,,95.04,95.04,0.5455,True,True,,True,True,False,True,False,3,5,False,27938445312,2026-10-06T02:26:47.143659+00:00
SON,Consumer Cyclical,48.22,,105.4,105.4,0.5425,True,True,,True,True,True,True,True,5,5,False,4767448064,2026-10-06T02:26:47.143659+00:00
TNK,Energy,103.38,,225.72,225.72,0.542,True,True,,False,True,True,True,False,3,5,False,3581481728,2026-10-06T02:26:47.143659+00:00
CHRD,Energy,139.11,,303.18,303.18,0.5412,True,True,,True,True,True,True,True,5,5,False,7609020928,2026-10-06T02:26:47.143659+00:00
EQT,Energy,51.12,135.54,74.47,111.11,0.5399,True,True,58.16,False,True,True,True,True,4,5,False,31976378368,2026-10-06T02:26:47.143659+00:00
FOXA,Communication Services,63.33,143.74,127.68,137.32,0.5388,True,True,11.83,True,True,True,True,True,5,5,True,26704592896,2026-10-06T02:26:47.143659+00:00
SAIC,Technology,126.9,,274.58,274.58,0.5378,True,True,,False,True,True,True,True,4,5,False,5316810240,2026-10-06T02:26:47.143659+00:00
PBH,Healthcare,45.6,,98.55,98.55,0.5373,True,True,,False,True,True,True,True,4,5,False,2160278016,2026-10-06T02:26:47.143659+00:00
VICI,Real Estate,22.53,,48.49,48.49,0.5353,True,True,,True,True,True,True,True,5,5,False,24807276544,2026-10-06T02:26:47.143659+00:00
CTSH,Technology,58.17,104.15,154.82,124.42,0.5325,True,True,39.13,True,True,True,True,True,5,5,True,27514408960,2026-10-06T02:26:47.143659+00:00
NGVT,Basic Materials,73.14,231.43,43.24,156.15,0.5316,True,False,137.03,False,False,True,False,True,2,5,False,2514401024,2026-10-06T02:26:47.143659+00:00
AOS,Industrials,56.97,138.36,95.31,121.14,0.5297,True,True,36.84,True,True,True,True,True,5,5,True,7742711808,2026-10-06T02:26:47.143659+00:00
YOU,Technology,41.25,110.18,53.56,87.53,0.5287,True,True,69.17,True,True,True,True,True,5,5,True,4245080832,2026-10-06T02:26:47.143659+00:00
EXEL,Healthcare,58.85,172.78,52.77,124.78,0.5284,True,False,106.41,True,True,True,True,False,4,5,False,14581952512,2026-10-06T02:26:47.143659+00:00
CZR,Consumer Cyclical,29.65,,62.72,62.72,0.5273,True,True,,True,False,True,False,True,3,5,False,6042080768,2026-10-06T02:26:47.143659+00:00
ARW,Technology,240.22,,507.02,507.02,0.5262,True,True,,False,True,False,True,False,2,5,False,12228501504,2026-10-06T02:26:47.143659+00:00
WTM,Financial Services,2019.44,,4258.89,4258.89,0.5258,True,True,,True,True,,True,,3,3,False,4819839488,2026-10-06T02:26:47.143659+00:00
JBS,Consumer Defensive,11.89,18.67,34.63,25.06,0.5255,True,True,59.87,True,True,True,False,True,4,5,False,39110537216,2026-10-06T02:26:47.143659+00:00
CNM,Industrials,41.82,105.64,61.14,87.84,0.5239,True,True,53.37,True,True,True,True,True,5,5,True,7713427456,2026-10-06T02:26:47.143659+00:00
FDX,Industrials,289.13,652.81,532.62,604.74,0.5219,True,True,20.28,True,True,True,True,True,5,5,True,68428521472,2026-10-06T02:26:47.143659+00:00
KBR,Industrials,34.52,,72.07,72.07,0.521,True,True,,True,True,True,True,True,5,5,False,4351858688,2026-10-06T02:26:47.143659+00:00
ACI,Consumer Defensive,11.51,,24.03,24.03,0.521,True,True,,True,True,True,False,True,4,5,False,5637349888,2026-10-06T02:26:47.143659+00:00
BAH,Industrials,68.61,,142.87,142.87,0.5198,True,True,,True,True,True,False,True,4,5,False,8252752384,2026-10-06T02:26:47.143659+00:00
GPK,Consumer Cyclical,8.61,,17.89,17.89,0.5187,True,True,,False,True,False,True,True,3,5,False,2547590400,2026-10-06T02:26:47.143659+00:00
PLGO,Financial Services,24.53,,50.76,50.76,0.5167,True,True,,True,True,False,True,True,4,5,False,2029326080,2026-10-06T02:26:47.143659+00:00
RRX,Industrials,161.26,448.11,158.71,332.35,0.5148,True,False,95.38,True,True,True,True,True,5,5,False,10738604032,2026-10-06T02:26:47.143659+00:00
DBX,Technology,34.37,,70.76,70.76,0.5143,True,True,,True,True,True,,False,3,4,False,7473502720,2026-10-06T02:26:47.143659+00:00
PPC,Consumer Defensive,27.99,,57.48,57.48,0.5131,True,True,,True,True,True,True,True,5,5,False,6664657408,2026-10-06T02:26:47.143659+00:00
BC,Consumer Cyclical,64.83,174.51,70.69,132.98,0.5125,True,True,84.68,False,False,True,True,True,3,5,False,4200817408,2026-10-06T02:26:47.143659+00:00
PK,Real Estate,15.26,,31.18,31.18,0.5106,True,True,,True,False,True,True,True,4,5,False,3072423168,2026-10-06T02:26:47.143659+00:00
POST,Consumer Defensive,72.68,,148.39,148.39,0.5102,True,True,,True,True,True,False,True,4,5,False,3194780416,2026-10-06T02:26:47.143659+00:00
BR,Technology,159.08,341.29,295.33,322.91,0.5073,True,True,14.44,True,True,True,True,True,5,5,True,17960136704,2026-10-06T02:26:47.143659+00:00
PCTY,Technology,147.39,390.23,158.58,297.57,0.5047,True,True,84.42,True,True,True,True,True,5,5,True,7820065792,2026-10-06T02:26:47.143659+00:00
SIRI,Communication Services,26.31,55.03,49.69,52.9,0.5026,True,True,10.21,False,True,True,True,True,4,5,False,8868229120,2026-10-06T02:26:47.143659+00:00
BFAM,Consumer Cyclical,64.21,172.64,63.12,128.83,0.5016,True,False,92.91,True,True,True,False,True,4,5,False,3122872832,2026-10-06T02:26:47.143659+00:00
CART,Consumer Cyclical,45.67,130.38,33.0,91.42,0.5005,True,False,119.21,True,True,True,True,True,5,5,False,10839016448,2026-10-06T02:26:47.143659+00:00
IP,Consumer Cyclical,32.05,,63.73,63.73,0.4971,True,True,,True,False,False,True,True,3,5,False,16972715008,2026-10-06T02:26:47.143659+00:00
HOG,Consumer Cyclical,26.19,63.91,34.3,52.07,0.497,True,True,60.28,False,True,True,True,True,4,5,False,2725658880,2026-10-06T02:26:47.143659+00:00
WFRD,Energy,82.32,213.55,88.52,163.54,0.4966,True,True,82.78,True,True,True,True,True,5,5,True,5886876160,2026-10-06T02:26:47.143659+00:00
HHH,Real Estate,71.66,,142.29,142.29,0.4964,True,True,,False,True,True,True,True,4,5,False,4279496960,2026-10-06T02:26:47.143659+00:00
NWSA,Communication Services,28.95,76.52,28.23,57.21,0.4939,True,False,92.2,True,True,True,True,True,5,5,False,15611612160,2026-10-06T02:26:47.143659+00:00
NEU,Basic Materials,924.35,2474.19,851.16,1824.98,0.4935,True,False,97.62,False,True,True,True,,3,4,False,8500697600,2026-10-06T02:26:47.143659+00:00
COKE,Consumer Defensive,194.26,524.44,170.69,382.94,0.4927,True,False,101.78,True,True,True,,,3,3,False,12930780160,2026-10-06T02:26:47.143659+00:00
SLM,Financial Services,22.74,,44.77,44.77,0.4921,True,True,,True,True,,False,True,3,4,False,4275119872,2026-10-06T02:26:47.143659+00:00
ARE,Real Estate,45.88,,90.13,90.13,0.491,True,True,,True,False,,True,True,3,4,False,7895731712,2026-10-06T02:26:47.143659+00:00
LAUR,Consumer Defensive,38.51,98.44,41.21,75.55,0.4903,True,True,81.97,True,True,True,True,True,5,5,True,5304727552,2026-10-06T02:26:47.143659+00:00
PVH,Consumer Cyclical,74.9,145.88,148.19,146.8,0.4898,True,True,1.57,False,True,True,True,True,4,5,False,3455723776,2026-10-06T02:26:47.143659+00:00
PHM,Consumer Cyclical,113.98,260.56,166.42,222.9,0.4887,True,True,44.09,True,True,True,True,True,5,5,True,21711634432,2026-10-06T02:26:47.143659+00:00
HON,Industrials,214.14,356.6,511.77,418.67,0.4885,True,True,35.74,True,True,True,True,True,5,5,True,67869532160,2026-10-06T02:26:47.143659+00:00
DOCU,Technology,70.03,193.46,51.4,136.64,0.4875,True,False,116.03,True,True,True,True,False,4,5,False,13088778240,2026-10-06T02:26:47.143659+00:00
HCA,Healthcare,434.92,1126.84,430.15,848.16,0.4872,True,False,89.49,True,True,True,,True,4,4,False,96482574336,2026-10-06T02:26:47.143659+00:00
LEA,Consumer Cyclical,121.33,218.15,261.79,235.61,0.485,True,True,18.19,True,True,True,True,True,5,5,True,5984573952,2026-10-06T02:26:47.143659+00:00
ADBE,Technology,238.78,409.65,539.91,461.75,0.4829,True,True,27.44,True,True,True,True,True,5,5,True,92935127040,2026-10-06T02:26:47.143659+00:00
HCI,Financial Services,185.91,,359.17,359.17,0.4824,True,True,,True,True,True,True,True,5,5,False,2312509696,2026-10-06T02:26:47.143659+00:00
RNG,Technology,79.06,212.94,61.44,152.34,0.481,True,False,110.43,True,True,True,,False,3,4,False,6601996800,2026-10-06T02:26:47.143659+00:00
IT,Technology,187.76,356.62,369.25,361.68,0.4809,True,True,3.48,True,True,True,,False,3,4,False,11856850944,2026-10-06T02:26:47.143659+00:00
NCLH,Consumer Cyclical,14.87,,28.63,28.63,0.4806,True,True,,True,True,False,False,True,3,5,False,6828123136,2026-10-06T02:26:47.143659+00:00
TTC,Industrials,98.94,253.44,94.8,189.99,0.4792,True,False,91.11,False,True,True,True,True,4,5,False,9365994496,2026-10-06T02:26:47.143659+00:00
BYD,Consumer Cyclical,68.71,33.38,279.6,131.87,0.479,True,False,157.33,True,True,True,True,True,5,5,False,4992153600,2026-10-06T02:26:47.143659+00:00
STUB,Communication Services,5.53,10.57,,10.57,0.4771,True,True,,True,False,True,True,True,4,5,False,2112957568,2026-10-06T02:26:47.143659+00:00
JKHY,Technology,145.12,320.85,211.2,276.99,0.4761,True,True,41.22,True,True,True,True,True,5,5,True,10174653440,2026-10-06T02:26:47.143659+00:00
CNC,Healthcare,64.3,166.38,56.87,122.57,0.4754,True,False,98.1,True,False,True,True,True,4,5,False,31763879936,2026-10-06T02:26:47.143659+00:00
BILL,Technology,44.49,129.62,16.51,84.38,0.4727,True,False,154.82,True,False,True,True,True,4,5,False,4431058432,2026-10-06T02:26:47.143659+00:00
BSX,Healthcare,42.4,109.06,37.25,80.34,0.4722,True,False,98.16,True,True,True,True,True,5,5,False,61447335936,2026-10-06T02:26:47.143659+00:00
INGR,Consumer Defensive,96.85,181.97,185.55,183.4,0.4719,True,True,1.95,False,True,True,True,True,4,5,False,6107746304,2026-10-06T02:26:47.143659+00:00
GPI,Consumer Cyclical,241.44,,456.28,456.28,0.4708,True,True,,True,True,,True,True,4,4,False,2878502144,2026-10-06T02:26:47.143659+00:00
MHK,Consumer Cyclical,124.93,273.53,179.77,236.03,0.4707,True,True,41.37,False,True,True,True,True,4,5,False,8462526464,2026-10-06T02:26:47.143659+00:00
GLPI,Real Estate,37.91,,71.29,71.29,0.4682,True,True,,True,True,True,True,True,5,5,False,11354062848,2026-10-06T02:26:47.143659+00:00
DHI,Consumer Cyclical,133.23,303.0,168.3,249.12,0.4652,True,True,57.16,True,True,True,True,True,5,5,True,37264601088,2026-10-06T02:26:47.143659+00:00
CALM,Consumer Defensive,64.99,177.21,37.82,121.45,0.4649,True,False,129.65,False,True,True,,True,3,4,False,3035722496,2026-10-06T02:26:47.143659+00:00
RAMP,Technology,37.71,74.37,64.27,70.33,0.4638,True,True,14.56,True,True,True,True,True,5,5,True,2292578816,2026-10-06T02:26:47.143659+00:00
NMRK,Real Estate,12.58,,23.42,23.42,0.4627,True,True,,True,True,True,True,True,5,5,False,3078778112,2026-10-06T02:26:47.143659+00:00
PFGC,Consumer Defensive,92.58,249.1,56.76,172.16,0.4623,True,False,125.77,True,True,True,True,True,5,5,False,14541768704,2026-10-06T02:26:47.143659+00:00
SSNC,Technology,79.08,163.51,121.74,146.8,0.4613,True,True,29.29,True,True,True,True,True,5,5,True,18556516352,2026-10-06T02:26:47.143659+00:00
OSIS,Technology,197.87,423.09,281.61,366.5,0.4601,True,True,40.15,True,True,True,True,True,5,5,True,3154437120,2026-10-06T02:26:47.143659+00:00
WERN,Industrials,34.15,,63.23,63.23,0.4599,True,True,,False,False,False,True,True,2,5,False,2047296512,2026-10-06T02:26:47.143659+00:00
HPQ,Technology,31.47,39.05,87.1,58.27,0.4599,True,True,76.18,False,True,True,,False,2,4,False,28379361280,2026-10-06T02:26:47.143659+00:00
ACN,Technology,195.05,321.49,419.48,360.69,0.4592,True,True,26.45,True,True,True,True,True,5,5,True,119359307776,2026-10-06T02:26:47.143659+00:00
LCII,Consumer Cyclical,82.58,147.83,158.92,152.27,0.4577,True,True,7.23,False,True,True,True,True,4,5,False,2007644416,2026-10-06T02:26:47.143659+00:00
AXS,Financial Services,95.62,,176.08,176.08,0.4569,True,True,,True,True,,True,True,4,4,False,7049415680,2026-10-06T02:26:47.143659+00:00
NSIT,Technology,159.39,304.72,275.42,293.0,0.456,True,True,10.1,False,True,True,True,True,4,5,False,4677913088,2026-10-06T02:26:47.143659+00:00
DVA,Healthcare,178.72,,326.83,326.83,0.4532,True,True,,True,True,True,False,True,4,5,False,11471142912,2026-10-06T02:26:47.143659+00:00
DV,Communication Services,13.44,35.16,8.6,24.53,0.4522,True,False,121.39,True,True,True,True,True,5,5,False,2099091840,2026-10-06T02:26:47.143659+00:00
LRN,Consumer Defensive,78.88,,143.92,143.92,0.4519,True,True,,True,True,True,True,,4,4,False,3278240256,2026-10-06T02:26:47.143659+00:00
CSTM,Basic Materials,25.29,22.93,80.5,45.96,0.4497,True,False,111.31,False,True,True,True,True,4,5,False,3427496448,2026-10-06T02:26:47.143659+00:00
TIGO,Communication Services,91.17,208.48,99.87,165.03,0.4476,True,True,70.45,True,True,True,False,True,4,5,False,15290120192,2026-10-06T02:26:47.143659+00:00
DPZ,Consumer Cyclical,297.27,725.68,256.85,538.15,0.4476,True,False,95.43,True,True,True,,True,4,4,False,9834207232,2026-10-06T02:26:47.143659+00:00
CRM,Technology,229.79,481.16,312.56,413.72,0.4446,True,True,42.48,True,True,True,True,True,5,5,True,189117169664,2026-10-06T02:26:47.143659+00:00
LUMN,Communication Services,5.62,,10.04,10.04,0.4405,True,True,,False,False,True,,True,2,4,False,5790347776,2026-10-06T02:26:47.143659+00:00
NWL,Consumer Defensive,5.48,,9.79,9.79,0.4402,True,True,,False,False,True,False,True,2,5,False,2333932032,2026-10-06T02:26:47.143659+00:00
AMTM,Industrials,18.24,,32.55,32.55,0.4396,True,True,,True,True,True,True,True,5,5,False,4459796992,2026-10-06T02:26:47.143659+00:00
SPNT,Financial Services,24.5,,43.69,43.69,0.4393,True,True,,True,True,,True,True,4,4,False,2846042880,2026-10-06T02:26:47.143659+00:00
TPC,Industrials,86.43,205.38,77.09,154.06,0.439,True,False,90.83,True,True,True,True,True,5,5,False,4543548928,2026-10-06T02:26:47.143659+00:00
MBGL,Technology,17.59,35.87,24.45,31.3,0.438,True,True,37.86,True,True,True,True,True,5,5,True,5190407168,2026-10-06T02:26:47.143659+00:00
OSK,Industrials,132.67,241.35,227.54,235.83,0.4374,True,True,5.89,True,True,True,True,True,5,5,True,8272147968,2026-10-06T02:26:47.143659+00:00
FOUR,Technology,37.55,59.35,77.43,66.58,0.436,True,True,26.43,True,True,True,False,True,4,5,False,2964952320,2026-10-06T02:26:47.143659+00:00
TDS,Communication Services,35.11,,62.16,62.16,0.4351,True,True,,False,False,True,True,,2,4,False,4041722880,2026-10-06T02:26:47.143659+00:00
SIG,Consumer Cyclical,100.89,189.52,160.97,178.1,0.4335,True,True,16.29,False,True,True,True,True,4,5,False,3865826816,2026-10-06T02:26:47.143659+00:00
SNA,Industrials,367.4,775.73,457.43,648.41,0.4334,True,True,51.62,True,True,True,True,True,5,5,True,19004545024,2026-10-06T02:26:47.143659+00:00
FAF,Financial Services,61.97,,109.21,109.21,0.4326,True,True,,False,True,True,True,True,4,5,False,6327137280,2026-10-06T02:26:47.143659+00:00
SPSC,Technology,80.46,181.45,82.06,141.69,0.4322,True,True,75.43,True,True,True,True,False,4,5,False,2896574208,2026-10-06T02:26:47.143659+00:00
BF-A,Consumer Defensive,26.79,,47.08,47.08,0.431,True,True,,False,True,True,True,,3,4,False,12292973568,2026-10-06T02:26:47.143659+00:00
CAG,Consumer Defensive,13.19,,23.13,23.13,0.4298,True,True,,False,False,True,True,True,3,5,False,6297057792,2026-10-06T02:26:47.143659+00:00
BKV,Energy,21.79,,38.1,38.1,0.4281,True,True,,False,True,False,True,True,3,5,False,2384650496,2026-10-06T02:26:47.143659+00:00
DUOL,Technology,147.1,289.11,209.26,257.17,0.428,True,True,32.04,True,True,True,True,False,4,5,False,6882260480,2026-10-06T02:26:47.143659+00:00
CRK,Energy,13.06,,22.71,22.71,0.4249,True,True,,False,True,False,True,True,3,5,False,3834684416,2026-10-06T02:26:47.143659+00:00
PAYX,Technology,99.78,181.31,159.0,172.38,0.4212,True,True,13.11,True,True,True,True,True,5,5,True,35519733760,2026-10-06T02:26:47.143659+00:00
AN,Consumer Cyclical,161.67,,279.01,279.01,0.4206,True,True,,True,True,False,False,True,3,5,False,5344940544,2026-10-06T02:26:47.143659+00:00
CROX,Consumer Cyclical,118.19,209.77,195.02,203.87,0.4203,True,True,7.29,True,False,True,True,True,4,5,False,5666628608,2026-10-06T02:26:47.143659+00:00
UBER,Technology,69.48,124.32,112.89,119.75,0.4198,True,True,9.63,True,True,True,True,True,5,5,True,141917077504,2026-10-06T02:26:47.143659+00:00
NTNX,Technology,73.41,137.53,109.91,126.48,0.4196,True,True,22.32,True,True,True,False,True,4,5,False,19862556672,2026-10-06T02:26:47.143659+00:00
DLTR,Consumer Defensive,113.19,232.71,138.06,194.85,0.4191,True,True,51.06,True,True,True,False,True,4,5,False,21237874688,2026-10-06T02:26:47.143659+00:00
CENTA,Consumer Defensive,34.26,,58.91,58.91,0.4185,True,True,,False,True,True,True,True,4,5,False,2144422400,2026-10-06T02:26:47.143659+00:00
ALRM,Technology,56.24,114.83,69.05,96.52,0.4173,True,True,49.8,True,True,True,True,True,5,5,True,2760834560,2026-10-06T02:26:47.143659+00:00
HNI,Consumer Cyclical,47.08,103.59,46.53,80.77,0.4171,True,False,76.02,True,True,True,True,True,5,5,False,3398319360,2026-10-06T02:26:47.143659+00:00
VZ,Communication Services,45.85,,78.65,78.65,0.417,True,True,,True,True,True,True,True,5,5,False,190496440320,2026-10-06T02:26:47.143659+00:00
EXLS,Technology,35.9,69.58,48.96,61.33,0.4147,True,True,34.8,True,True,True,True,True,5,5,True,5484907520,2026-10-06T02:26:47.143659+00:00
PAYO,Technology,7.15,15.23,7.65,12.2,0.4138,True,True,66.26,True,True,True,True,True,5,5,True,2422783488,2026-10-06T02:26:47.143659+00:00
NVST,Healthcare,23.34,58.77,11.27,39.77,0.4131,True,False,135.63,True,True,True,True,True,5,5,False,3748817408,2026-10-06T02:26:47.143659+00:00
SYF,Financial Services,71.88,,121.84,121.84,0.4101,True,True,,True,True,,,True,3,3,False,23387656192,2026-10-06T02:26:47.143659+00:00
DOCS,Healthcare,28.58,69.07,17.44,48.41,0.4097,True,False,119.36,True,True,True,True,True,5,5,False,5094270464,2026-10-06T02:26:47.143659+00:00
PTON,Consumer Cyclical,5.01,11.47,3.95,8.46,0.408,True,False,97.47,False,True,True,,True,3,4,False,2198747904,2026-10-06T02:26:47.143659+00:00
PARR,Energy,87.52,92.08,231.17,147.72,0.4075,True,True,86.05,True,True,True,True,False,4,5,False,4384719360,2026-10-06T02:26:47.143659+00:00
WDAY,Technology,188.96,425.48,156.34,317.82,0.4055,True,False,92.52,True,True,True,True,True,5,5,False,45539360768,2026-10-06T02:26:47.143659+00:00
ZGN,Consumer Cyclical,12.54,31.91,4.85,21.09,0.4053,True,False,147.25,True,True,True,True,True,5,5,False,3371872768,2026-10-06T02:26:47.143659+00:00
ACGL,Financial Services,94.36,,158.36,158.36,0.4042,True,True,,True,True,True,True,True,5,5,False,32176760832,2026-10-06T02:26:47.143659+00:00
CINF,Financial Services,162.14,,272.03,272.03,0.404,True,True,,True,True,True,True,True,5,5,False,24884930560,2026-10-06T02:26:47.143659+00:00
KEX,Industrials,139.85,272.0,178.17,234.47,0.4035,True,True,41.69,True,True,True,True,True,5,5,True,7384080384,2026-10-06T02:26:47.143659+00:00
GMED,Healthcare,76.57,164.95,72.8,128.09,0.4022,True,False,77.52,True,True,True,True,True,5,5,False,10280434688,2026-10-06T02:26:47.143659+00:00
CPAY,Technology,401.72,724.15,593.63,671.94,0.4021,True,True,19.81,True,True,True,False,True,4,5,False,26376773632,2026-10-06T02:26:47.143659+00:00
JLL,Real Estate,302.41,,505.75,505.75,0.4021,True,True,,True,True,True,True,True,5,5,False,13913190400,2026-10-06T02:26:47.143659+00:00
RDN,Financial Services,33.5,,55.66,55.66,0.3981,True,True,,True,True,True,True,True,5,5,False,4432094208,2026-10-06T02:26:47.143659+00:00
DAN,Consumer Cyclical,28.1,39.38,57.06,46.45,0.3951,True,True,36.67,False,True,True,True,True,4,5,False,3022904832,2026-10-06T02:26:47.143659+00:00
LKQ,Consumer Cyclical,22.4,,36.98,36.98,0.3943,True,True,,True,True,True,True,True,5,5,False,5667246592,2026-10-06T02:26:47.143659+00:00
NMIH,Financial Services,39.39,,64.77,64.77,0.3919,True,True,,True,True,True,True,True,5,5,False,2962831104,2026-10-06T02:26:47.143659+00:00
BBT,Financial Services,28.13,,46.14,46.14,0.3904,True,True,,True,True,True,,True,4,4,False,2357746432,2026-10-06T02:26:47.143659+00:00
STZ,Consumer Defensive,113.31,,185.41,185.41,0.3889,True,True,,False,True,True,True,True,4,5,False,19350902784,2026-10-06T02:26:47.143659+00:00
ENS,Industrials,193.02,367.93,236.74,315.46,0.3881,True,True,43.39,True,True,True,True,True,5,5,True,6961309696,2026-10-06T02:26:47.143659+00:00
INSW,Energy,116.6,,190.23,190.23,0.3871,True,True,,False,True,True,True,False,3,5,False,5775350784,2026-10-06T02:26:47.143659+00:00
PLUS,Technology,93.02,,151.7,151.7,0.3868,True,True,,True,True,False,True,,3,4,False,2432620288,2026-10-06T02:26:47.143659+00:00
HAE,Healthcare,104.68,262.57,32.81,170.67,0.3866,True,False,155.57,True,True,True,True,True,5,5,False,4762631168,2026-10-06T02:26:47.143659+00:00
SKYW,Industrials,96.06,74.83,279.2,156.58,0.3865,True,False,115.45,True,True,True,True,True,5,5,False,3809766400,2026-10-06T02:26:47.143659+00:00
BFH,Financial Services,98.9,,160.88,160.88,0.3852,True,True,,False,True,True,,True,3,4,False,3799665664,2026-10-06T02:26:47.143659+00:00
KHC,Consumer Defensive,21.84,,35.52,35.52,0.385,True,True,,False,False,True,True,True,3,5,False,25898391552,2026-10-06T02:26:47.143659+00:00
KALU,Basic Materials,155.76,,253.21,253.21,0.3849,True,True,,False,True,False,True,True,3,5,False,2546534400,2026-10-06T02:26:47.143659+00:00
OZK,Financial Services,46.59,,75.58,75.58,0.3835,True,True,,True,True,True,,True,4,4,False,5080062464,2026-10-06T02:26:47.143659+00:00
RITM,Real Estate,8.74,,14.14,14.14,0.3821,True,True,,False,True,False,False,True,2,5,False,4880477184,2026-10-06T02:26:47.143659+00:00
INCY,Healthcare,114.13,216.0,137.27,184.51,0.3814,True,True,44.57,True,True,True,True,True,5,5,True,23133892608,2026-10-06T02:26:47.143659+00:00
EG,Financial Services,366.81,,589.64,589.64,0.3779,True,True,,True,True,,True,True,4,4,False,14064498688,2026-10-06T02:26:47.143659+00:00
CALY,Consumer Cyclical,14.28,27.89,15.5,22.93,0.3773,True,True,57.13,False,False,True,True,True,3,5,False,2566938112,2026-10-06T02:26:47.143659+00:00
BMI,Technology,124.89,243.25,136.21,200.43,0.3769,True,True,56.42,True,True,True,True,True,5,5,True,3620167424,2026-10-06T02:26:47.143659+00:00
ACM,Industrials,59.76,106.87,79.2,95.8,0.3762,True,True,29.75,True,True,True,True,True,5,5,True,7690897920,2026-10-06T02:26:47.143659+00:00
SLB,Energy,50.28,111.99,33.43,80.57,0.3759,True,False,108.04,True,True,True,True,True,5,5,False,74622722048,2026-10-06T02:26:47.143659+00:00
ACIW,Technology,51.22,91.22,68.2,82.01,0.3755,True,True,28.89,True,True,True,True,True,5,5,True,5170927616,2026-10-06T02:26:47.143659+00:00
ALLE,Industrials,153.67,291.86,177.06,245.94,0.3752,True,True,48.96,True,True,True,True,True,5,5,True,13067602944,2026-10-06T02:26:47.143659+00:00
ECPG,Financial Services,97.92,,156.65,156.65,0.3749,True,True,,True,True,True,False,True,4,5,False,2076821120,2026-10-06T02:26:47.143659+00:00
ST,Technology,43.17,83.42,46.81,68.78,0.3723,True,True,56.23,False,True,True,True,True,4,5,False,6282782720,2026-10-06T02:26:47.143659+00:00
CPB,Consumer Defensive,19.3,,30.68,30.68,0.3709,True,True,,True,True,True,True,True,5,5,False,5755929088,2026-10-06T02:26:47.143659+00:00
ORI,Financial Services,37.79,,60.02,60.02,0.3704,True,True,,True,True,,True,,3,3,False,9123750912,2026-10-06T02:26:47.143659+00:00
APAM,Financial Services,34.4,,54.63,54.63,0.3703,True,True,,True,True,True,True,True,5,5,False,2442277376,2026-10-06T02:26:47.143659+00:00
CBT,Basic Materials,77.38,139.25,97.92,122.72,0.3695,True,True,34.85,False,True,True,True,True,4,5,False,3994465024,2026-10-06T02:26:47.143659+00:00
MOS,Basic Materials,21.29,,33.74,33.74,0.3689,True,True,,False,True,False,True,True,3,5,False,6767998464,2026-10-06T02:26:47.143659+00:00
DAR,Consumer Defensive,62.7,123.0,63.56,99.23,0.3681,True,True,63.72,False,True,True,True,True,4,5,False,9894242304,2026-10-06T02:26:47.143659+00:00
GFF,Industrials,94.09,162.69,126.12,148.06,0.3645,True,True,25.32,False,True,True,False,True,3,5,False,4261779712,2026-10-06T02:26:47.143659+00:00
OGN,Healthcare,13.7,,21.53,21.53,0.3637,True,True,,True,True,True,False,False,3,5,False,3597749248,2026-10-06T02:26:47.143659+00:00
DHT,Energy,23.82,,37.43,37.43,0.3636,True,True,,True,True,False,True,False,3,5,False,3840631296,2026-10-06T02:26:47.143659+00:00
ABM,Industrials,48.49,,76.11,76.11,0.3629,True,True,,True,True,True,True,True,5,5,False,2842221568,2026-10-06T02:26:47.143659+00:00
AVA,Utilities,35.13,,55.05,55.05,0.3618,True,True,,True,True,False,True,True,4,5,False,2942237184,2026-10-06T02:26:47.143659+00:00
NOV,Energy,19.51,43.36,11.3,30.54,0.3611,True,False,117.32,True,True,True,True,True,5,5,False,6954888192,2026-10-06T02:26:47.143659+00:00
SW,Consumer Cyclical,42.41,81.14,43.52,66.09,0.3583,True,True,60.36,True,True,True,True,True,5,5,True,22245017600,2026-10-06T02:26:47.143659+00:00
ZION,Financial Services,63.28,,97.9,97.9,0.3536,True,True,,True,True,True,,True,4,4,False,9235928064,2026-10-06T02:26:47.143659+00:00
BRK-B,Financial Services,504.26,,779.06,779.06,0.3527,True,True,,True,True,True,True,True,5,5,False,1079474323456,2026-10-06T02:26:47.143659+00:00
OVV,Energy,60.95,96.83,90.11,94.14,0.3526,True,True,7.19,,True,True,True,True,4,4,True,16858770432,2026-10-06T02:26:47.143659+00:00
TTAM,Basic Materials,13.5,22.37,18.44,20.8,0.3509,True,True,19.23,True,True,True,True,True,5,5,True,2489040128,2026-10-06T02:26:47.143659+00:00
UTHR,Healthcare,536.4,1050.39,481.29,822.75,0.348,True,False,74.31,True,True,True,,True,4,4,False,23006568448,2026-10-06T02:26:47.143659+00:00
FNF,Financial Services,39.0,,59.69,59.69,0.3466,True,True,,True,True,True,True,True,5,5,False,10459520000,2026-10-06T02:26:47.143659+00:00
HST,Real Estate,22.44,,34.33,34.33,0.3464,True,True,,True,True,True,True,True,5,5,False,15589662720,2026-10-06T02:26:47.143659+00:00
GRBK,Consumer Cyclical,65.47,95.34,107.32,100.14,0.3462,True,True,11.82,True,True,True,True,,4,4,True,2815910400,2026-10-06T02:26:47.143659+00:00
RELY,Technology,22.91,,35.03,35.03,0.346,True,True,,True,True,True,True,True,5,5,False,4849681408,2026-10-06T02:26:47.143659+00:00
TPR,Consumer Cyclical,116.95,220.75,115.74,178.75,0.3457,True,False,62.41,True,True,True,False,True,4,5,False,23207012352,2026-10-06T02:26:47.143659+00:00
AXTA,Basic Materials,32.68,60.16,34.6,49.93,0.3455,True,True,53.95,True,True,True,True,True,5,5,True,6994173440,2026-10-06T02:26:47.143659+00:00
OC,Industrials,117.48,121.38,265.55,179.05,0.3439,True,True,74.52,True,False,True,True,True,4,5,False,9286639616,2026-10-06T02:26:47.143659+00:00
NOC,Industrials,476.11,,725.56,725.56,0.3438,True,True,,True,True,True,True,True,5,5,False,67637624832,2026-10-06T02:26:47.143659+00:00
FSLR,Technology,176.16,120.52,490.41,268.47,0.3438,True,False,121.09,True,True,True,True,True,5,5,False,18931879936,2026-10-06T02:26:47.143659+00:00
MUR,Energy,38.39,,58.34,58.34,0.3419,True,True,,False,True,True,True,True,4,5,False,5504400896,2026-10-06T02:26:47.143659+00:00
PRVA,Healthcare,20.45,48.08,5.31,30.97,0.3396,True,False,160.23,True,True,True,True,True,5,5,False,2612164608,2026-10-06T02:26:47.143659+00:00
CARG,Communication Services,29.35,48.87,37.61,44.37,0.3385,True,True,26.03,False,True,True,True,True,4,5,False,2614306560,2026-10-06T02:26:47.143659+00:00
SLGN,Consumer Cyclical,34.99,,52.84,52.84,0.3378,True,True,,True,True,True,False,True,4,5,False,3697814016,2026-10-06T02:26:47.143659+00:00
EFX,Industrials,142.6,246.01,166.78,214.31,0.3346,True,True,38.39,True,True,True,True,True,5,5,True,16753346560,2026-10-06T02:26:47.143659+00:00
GEO,Industrials,32.34,,48.57,48.57,0.3342,True,True,,True,True,False,True,True,4,5,False,4256577280,2026-10-06T02:26:47.143659+00:00
ESNT,Financial Services,61.09,,91.72,91.72,0.334,True,True,,True,True,True,True,True,5,5,False,5490555392,2026-10-06T02:26:47.143659+00:00
KFY,Industrials,71.71,95.9,125.24,107.64,0.3338,True,True,26.53,True,True,True,True,True,5,5,True,4012809216,2026-10-06T02:26:47.143659+00:00
NE,Energy,42.55,88.95,26.1,63.81,0.3332,True,False,109.26,True,True,True,True,True,5,5,False,6792776704,2026-10-06T02:26:47.143659+00:00
MTG,Financial Services,27.12,,40.52,40.52,0.3307,True,True,,True,True,True,True,True,5,5,False,5562985472,2026-10-06T02:26:47.143659+00:00
RMD,Healthcare,222.86,438.7,173.97,332.81,0.3304,True,False,86.42,True,True,True,True,True,5,5,False,31342862336,2026-10-06T02:26:47.143659+00:00
QLYS,Technology,198.68,379.89,171.87,296.68,0.3303,True,False,75.4,True,True,True,True,False,4,5,False,6996914688,2026-10-06T02:26:47.143659+00:00
CWK,Real Estate,11.85,,17.64,17.64,0.3281,True,True,,True,True,True,True,True,5,5,False,2781357568,2026-10-06T02:26:47.143659+00:00
VRSK,Industrials,163.28,303.3,152.21,242.86,0.3277,True,False,66.34,True,True,True,,True,4,4,False,21393246208,2026-10-06T02:26:47.143659+00:00
EAT,Consumer Cyclical,194.16,352.86,191.02,288.12,0.3261,True,False,59.51,True,True,True,False,True,4,5,False,8131665408,2026-10-06T02:26:47.143659+00:00
HII,Industrials,266.48,,394.36,394.36,0.3243,True,True,,True,True,True,True,True,5,5,False,10500538368,2026-10-06T02:26:47.143659+00:00
HIG,Financial Services,126.21,,186.47,186.47,0.3232,True,True,,True,True,True,True,True,5,5,False,34186754048,2026-10-06T02:26:47.143659+00:00
OMF,Financial Services,56.24,,82.81,82.81,0.3208,True,True,,True,True,,False,True,3,4,False,6469932544,2026-10-06T02:26:47.143659+00:00
AIG,Financial Services,75.12,,110.21,110.21,0.3184,True,True,,False,True,,True,True,3,4,False,39279738880,2026-10-06T02:26:47.143659+00:00
FCN,Industrials,138.02,,201.95,201.95,0.3165,True,True,,True,True,True,True,,4,4,False,3810949888,2026-10-06T02:26:47.143659+00:00
SSRM,Basic Materials,33.91,44.39,57.39,49.59,0.3162,True,True,25.55,True,True,True,True,True,5,5,True,7036022272,2026-10-06T02:26:47.143659+00:00
MKL,Financial Services,1726.58,,2517.01,2517.01,0.314,True,True,,True,True,True,True,True,5,5,False,21392252928,2026-10-06T02:26:47.143659+00:00
UHAL,Industrials,61.1,,88.98,88.98,0.3133,True,True,,True,True,False,True,True,4,5,False,11877441536,2026-10-06T02:26:47.143659+00:00
IBM,Technology,221.58,322.55,321.59,322.17,0.3122,True,True,0.3,True,True,True,True,True,5,5,True,208758145024,2026-10-06T02:26:47.143659+00:00
AR,Energy,34.69,,50.42,50.42,0.312,True,True,,False,True,True,True,True,4,5,False,10665058304,2026-10-06T02:26:47.143659+00:00
WAL,Financial Services,76.02,,110.49,110.49,0.312,True,True,,True,True,False,,True,3,4,False,8293847552,2026-10-06T02:26:47.143659+00:00
PCAR,Industrials,109.36,197.12,101.32,158.8,0.3113,True,False,64.2,False,True,True,True,True,4,5,False,57563271168,2026-10-06T02:26:47.143659+00:00
CHD,Consumer Defensive,95.66,192.47,57.99,138.67,0.3102,True,False,107.39,True,True,True,True,True,5,5,False,22690926592,2026-10-06T02:26:47.143659+00:00
BKNG,Consumer Cyclical,158.33,279.09,154.27,229.16,0.3091,True,False,57.61,True,True,True,,True,4,4,False,122686504960,2026-10-06T02:26:47.143659+00:00
EOG,Energy,144.08,,208.4,208.4,0.3086,True,True,,False,True,True,True,True,4,5,False,76741124096,2026-10-06T02:26:47.143659+00:00
PFSI,Financial Services,62.95,,90.67,90.67,0.3057,True,True,,True,True,False,False,True,3,5,False,3268670976,2026-10-06T02:26:47.143659+00:00
LOPE,Consumer Defensive,154.93,263.18,161.7,222.59,0.304,True,True,47.77,True,True,True,True,True,5,5,True,4038255872,2026-10-06T02:26:47.143659+00:00
AA,Basic Materials,43.49,41.52,93.65,62.37,0.3027,True,False,77.14,True,True,True,True,True,5,5,False,11477422080,2026-10-06T02:26:47.143659+00:00
MAN,Industrials,54.2,,77.57,77.57,0.3013,True,True,,False,False,False,True,True,2,5,False,2520601856,2026-10-06T02:26:47.143659+00:00
LVS,Consumer Cyclical,36.61,51.55,53.63,52.38,0.3011,True,True,3.94,True,True,True,False,True,4,5,False,23712339968,2026-10-06T02:26:47.143659+00:00
NFG,Energy,76.34,,109.13,109.13,0.3005,True,True,,True,True,True,True,,4,4,False,7255742464,2026-10-06T02:26:47.143659+00:00
GAP,Consumer Cyclical,23.3,22.81,48.87,33.24,0.299,True,False,72.7,False,True,True,True,True,4,5,False,8184593920,2026-10-06T02:26:47.143659+00:00
AUPH,Healthcare,15.72,13.71,35.41,22.39,0.2979,True,False,88.33,True,True,True,True,True,5,5,False,2091564416,2026-10-06T02:26:47.143659+00:00
MMSI,Healthcare,87.14,179.47,40.99,124.08,0.2977,True,False,125.63,True,True,True,True,True,5,5,False,5203166208,2026-10-06T02:26:47.143659+00:00
AYI,Industrials,304.84,457.64,396.43,433.15,0.2962,True,True,14.33,True,True,True,True,True,5,5,True,9125552128,2026-10-06T02:26:47.143659+00:00
AGX,Industrials,387.74,716.85,298.65,549.57,0.2945,True,False,82.36,True,True,True,True,True,5,5,False,5439930880,2026-10-06T02:26:47.143659+00:00
LII,Industrials,361.15,,511.84,511.84,0.2944,True,True,,True,True,,True,True,4,4,False,12481588224,2026-10-06T02:26:47.143659+00:00
BKE,Consumer Cyclical,43.45,55.17,70.96,61.49,0.2934,True,True,25.03,False,True,True,True,,3,4,False,2238215168,2026-10-06T02:26:47.143659+00:00
FTDR,Consumer Cyclical,77.62,134.65,71.84,109.53,0.2913,True,False,60.84,True,True,True,False,True,4,5,False,5347499008,2026-10-06T02:26:47.143659+00:00
PBF,Energy,84.16,,118.76,118.76,0.2913,True,True,,False,False,False,True,False,1,5,False,9976060928,2026-10-06T02:26:47.143659+00:00
OTTR,Industrials,88.42,,124.76,124.76,0.2913,True,True,,False,True,True,True,,3,4,False,3712364800,2026-10-06T02:26:47.143659+00:00
ALLY,Financial Services,37.63,,53.0,53.0,0.29,True,True,,False,True,False,,True,2,4,False,11447033856,2026-10-06T02:26:47.143659+00:00
RPM,Basic Materials,95.3,162.12,91.98,134.06,0.2891,True,False,55.21,True,True,True,True,True,5,5,False,12158766080,2026-10-06T02:26:47.143659+00:00
DRH,Real Estate,12.42,,17.41,17.41,0.2866,True,True,,True,True,True,True,True,5,5,False,2550932736,2026-10-06T02:26:47.143659+00:00
PEB,Real Estate,19.1,,26.7,26.7,0.2846,True,True,,True,False,,True,True,3,4,False,2147830272,2026-10-06T02:26:47.143659+00:00
CSL,Industrials,330.98,490.57,420.51,462.55,0.2844,True,True,15.38,False,True,True,True,True,4,5,False,13144584192,2026-10-06T02:26:47.143659+00:00
PEGA,Technology,34.53,50.75,44.43,48.22,0.2839,True,True,13.28,True,True,True,True,True,5,5,True,5676902400,2026-10-06T02:26:47.143659+00:00
CI,Healthcare,271.29,,377.12,377.12,0.2806,True,True,,True,True,True,True,True,5,5,False,71685799936,2026-10-06T02:26:47.143659+00:00
GGG,Industrials,78.83,132.12,75.73,109.56,0.2805,True,False,54.27,True,True,True,True,True,5,5,False,12766820352,2026-10-06T02:26:47.143659+00:00
PPG,Basic Materials,105.27,162.4,122.15,146.3,0.2804,True,True,28.29,True,True,True,True,True,5,5,True,23401521152,2026-10-06T02:26:47.143659+00:00
AVT,Technology,106.19,,147.44,147.44,0.2798,True,True,,True,True,False,True,True,4,5,False,8715329536,2026-10-06T02:26:47.143659+00:00
COR,Healthcare,314.93,587.32,209.48,436.18,0.278,True,False,94.84,True,True,True,False,True,4,5,False,60097200128,2026-10-06T02:26:47.143659+00:00
DKS,Consumer Cyclical,137.13,,189.72,189.72,0.2772,True,True,,True,True,True,True,True,5,5,False,13510947840,2026-10-06T02:26:47.143659+00:00
BLX,Financial Services,55.02,,75.58,75.58,0.272,True,True,,True,True,True,,True,4,4,False,2048406016,2026-10-06T02:26:47.143659+00:00
QCOM,Technology,180.79,247.3,249.43,248.16,0.2715,True,True,0.86,True,True,True,True,True,5,5,True,193094647808,2026-10-06T02:26:47.143659+00:00
BBY,Consumer Cyclical,87.39,120.06,119.51,119.84,0.2708,True,True,0.46,False,True,True,True,False,3,5,False,18328102912,2026-10-06T02:26:47.143659+00:00
CUBI,Financial Services,75.03,,102.76,102.76,0.2699,True,True,,True,True,True,,True,4,4,False,2534798592,2026-10-06T02:26:47.143659+00:00
GIS,Consumer Defensive,31.68,,43.29,43.29,0.2682,True,True,,False,False,True,True,True,3,5,False,16938888192,2026-10-06T02:26:47.143659+00:00
INSP,Healthcare,70.75,112.69,72.29,96.53,0.2671,True,True,43.67,True,True,True,True,False,4,5,False,2045409152,2026-10-06T02:26:47.143659+00:00
PAYC,Technology,225.79,313.33,299.9,307.96,0.2668,True,True,4.38,True,True,True,True,False,4,5,False,10176720896,2026-10-06T02:26:47.143659+00:00
MO,Consumer Defensive,67.88,,92.57,92.57,0.2667,True,True,,False,True,True,,True,3,4,False,113342210048,2026-10-06T02:26:47.143659+00:00
EXPE,Consumer Cyclical,260.17,396.33,291.92,354.57,0.2662,True,True,30.34,True,True,True,False,True,4,5,False,31225434112,2026-10-06T02:26:47.143659+00:00
GTES,Industrials,27.81,39.03,36.14,37.87,0.2657,True,True,7.69,False,True,True,True,True,4,5,False,7040133632,2026-10-06T02:26:47.143659+00:00
WLY,Communication Services,48.54,66.29,65.74,66.07,0.2653,True,True,0.83,False,True,True,True,,3,4,False,2460197888,2026-10-06T02:26:47.143659+00:00
HOS,Industrials,7.85,,10.65,10.65,0.2631,True,True,,True,True,False,True,,3,4,False,2566949888,2026-10-06T02:26:47.143659+00:00
CCK,Consumer Cyclical,106.58,,144.49,144.49,0.2624,True,True,,False,True,True,True,True,4,5,False,11591695360,2026-10-06T02:26:47.143659+00:00
AGO,Financial Services,69.13,,93.66,93.66,0.2619,True,True,,True,True,,True,True,4,4,False,3040282624,2026-10-06T02:26:47.143659+00:00
MTX,Basic Materials,66.2,84.3,97.73,89.67,0.2617,True,True,14.75,False,False,True,True,True,3,5,False,2060723968,2026-10-06T02:26:47.143659+00:00
CBZ,Industrials,54.72,84.2,58.82,74.05,0.261,True,True,35.5,True,True,True,True,,4,4,True,3006343168,2026-10-06T02:26:47.143659+00:00
TRV,Financial Services,360.7,,487.0,487.0,0.2593,True,True,,True,True,,True,False,3,4,False,75233009664,2026-10-06T02:26:47.143659+00:00
GPN,Industrials,82.18,,110.53,110.53,0.2565,True,True,,False,True,True,True,True,4,5,False,21746339840,2026-10-06T02:26:47.143659+00:00
THO,Consumer Cyclical,67.24,99.93,76.07,90.39,0.2561,True,True,27.12,False,True,True,True,True,4,5,False,3470549504,2026-10-06T02:26:47.143659+00:00
PFS,Financial Services,22.38,,29.93,29.93,0.2523,True,True,,True,True,True,,True,4,4,False,2918857984,2026-10-06T02:26:47.143659+00:00
COLM,Consumer Cyclical,56.93,77.92,73.48,76.14,0.2523,True,True,5.87,False,True,True,True,True,4,5,False,2914428416,2026-10-06T02:26:47.143659+00:00
NYT,Communication Services,64.0,112.63,44.95,85.56,0.252,True,False,85.9,True,True,True,,True,4,4,False,10322149376,2026-10-06T02:26:47.143659+00:00
PTC,Technology,192.26,239.65,282.56,256.81,0.2514,True,True,16.43,True,True,True,True,False,4,5,False,20861413376,2026-10-06T02:26:47.143659+00:00
OGS,Utilities,72.57,,96.63,96.63,0.249,True,True,,False,True,False,True,True,3,5,False,4561479680,2026-10-06T02:26:47.143659+00:00
ORCL,Technology,142.48,,189.35,189.35,0.2475,True,True,,True,True,False,False,True,3,5,False,431928246272,2026-10-06T02:26:47.143659+00:00
AAP,Consumer Cyclical,39.65,,52.68,52.68,0.2474,True,True,,False,True,False,False,True,2,5,False,2394860032,2026-10-06T02:26:47.143659+00:00
ANDE,Consumer Defensive,66.9,,88.44,88.44,0.2436,True,True,,False,True,False,True,True,3,5,False,2278216448,2026-10-06T02:26:47.143659+00:00
OXY,Energy,58.31,,76.94,76.94,0.2421,True,True,,False,True,True,True,True,4,5,False,58288857088,2026-10-06T02:26:47.143659+00:00
VVX,Industrials,70.87,,93.49,93.49,0.2419,True,True,,True,True,True,True,True,5,5,False,2221445632,2026-10-06T02:26:47.143659+00:00
MAT,Consumer Cyclical,16.05,,21.15,21.15,0.2413,True,True,,False,True,True,True,True,4,5,False,4585484800,2026-10-06T02:26:47.143659+00:00
AEO,Consumer Cyclical,18.11,18.89,31.29,23.85,0.2408,True,True,49.41,True,True,True,True,True,5,5,True,3034753024,2026-10-06T02:26:47.143659+00:00
REYN,Consumer Cyclical,22.23,,29.27,29.27,0.2406,True,True,,False,True,True,True,True,4,5,False,4685358592,2026-10-06T02:26:47.143659+00:00
EPR,Real Estate,55.59,,73.19,73.19,0.2405,True,True,,True,True,,True,True,4,4,False,4258689792,2026-10-06T02:26:47.143659+00:00
BIRK,Consumer Cyclical,33.77,49.21,37.32,44.45,0.2403,True,True,27.47,True,True,True,True,True,5,5,True,5576312320,2026-10-06T02:26:47.143659+00:00
PATK,Consumer Cyclical,66.59,87.61,87.65,87.62,0.2401,True,True,0.04,False,True,True,True,True,4,5,False,2138755072,2026-10-06T02:26:47.143659+00:00
MAS,Industrials,68.46,80.45,103.9,89.83,0.2379,True,True,25.45,False,True,True,,True,3,4,False,13499450368,2026-10-06T02:26:47.143659+00:00
WAFD,Financial Services,30.17,,39.53,39.53,0.2368,True,True,,True,True,True,,True,4,4,False,2232927488,2026-10-06T02:26:47.143659+00:00
FIVN,Technology,34.37,56.21,27.97,44.91,0.2347,True,False,67.08,True,True,True,True,True,5,5,False,2568247552,2026-10-06T02:26:47.143659+00:00
TROW,Financial Services,103.93,,135.39,135.39,0.2324,True,True,,True,True,True,True,True,5,5,False,22169917440,2026-10-06T02:26:47.143659+00:00
SM,Energy,35.05,19.79,84.44,45.65,0.2321,True,False,124.06,False,True,True,True,True,4,5,False,8336784896,2026-10-06T02:26:47.143659+00:00
GTX,Consumer Cyclical,26.68,36.16,32.54,34.71,0.2314,True,True,10.52,False,True,True,,True,3,4,False,4994189312,2026-10-06T02:26:47.143659+00:00
KVYO,Technology,16.7,35.39,1.13,21.68,0.2299,True,False,187.62,True,False,True,True,True,4,5,False,4754948096,2026-10-06T02:26:47.143659+00:00
ALSN,Consumer Cyclical,115.75,174.81,113.43,150.26,0.2297,True,False,42.59,True,True,True,False,True,4,5,False,9558408192,2026-10-06T02:26:47.143659+00:00
HAL,Energy,32.78,50.0,31.19,42.48,0.2283,True,False,46.32,True,True,True,True,True,5,5,False,27384338432,2026-10-06T02:26:47.143659+00:00
BF-B,Consumer Defensive,26.27,,34.03,34.03,0.228,True,True,,False,True,True,True,True,4,5,False,12054364160,2026-10-06T02:26:47.143659+00:00
TXT,Industrials,75.75,76.34,130.37,97.95,0.2266,True,True,52.27,True,True,True,True,True,5,5,True,13172089856,2026-10-06T02:26:47.143659+00:00
ACT,Financial Services,45.87,,59.11,59.11,0.224,True,True,,True,True,,True,True,4,4,False,6306375680,2026-10-06T02:26:47.143659+00:00
INDV,Healthcare,35.99,,46.37,46.37,0.2239,True,True,,True,True,False,,True,3,4,False,4247969536,2026-10-06T02:26:47.143659+00:00
EXC,Utilities,40.82,,52.56,52.56,0.2234,True,True,,True,True,False,True,True,4,5,False,42054967296,2026-10-06T02:26:47.143659+00:00
CPRT,Industrials,27.65,34.38,37.25,35.53,0.2217,True,True,8.03,True,True,True,True,True,5,5,True,25613035520,2026-10-06T02:26:47.143659+00:00
EHC,Healthcare,120.97,193.84,96.28,154.82,0.2186,True,False,67.26,True,True,True,True,True,5,5,False,11934100480,2026-10-06T02:26:47.143659+00:00
MZTI,Consumer Defensive,99.49,,127.3,127.3,0.2185,True,True,,True,True,True,True,True,5,5,False,2715181568,2026-10-06T02:26:47.143659+00:00
BKR,Energy,57.38,92.04,44.97,73.21,0.2162,True,False,68.72,True,True,True,True,True,5,5,False,56959639552,2026-10-06T02:26:47.143659+00:00
PHIN,Consumer Cyclical,60.18,64.47,95.08,76.71,0.2155,True,True,38.38,True,True,True,True,True,5,5,True,2204880128,2026-10-06T02:26:47.143659+00:00
WK,Technology,71.88,137.73,22.44,91.61,0.2154,True,False,143.96,True,False,True,,True,3,4,False,4033857792,2026-10-06T02:26:47.143659+00:00
KRG,Real Estate,24.13,,30.75,30.75,0.2153,True,True,,True,True,True,True,True,5,5,False,5017016320,2026-10-06T02:26:47.143659+00:00
ES,Utilities,64.69,,82.3,82.3,0.214,True,True,,True,True,False,True,True,4,5,False,24367089664,2026-10-06T02:26:47.143659+00:00
POR,Utilities,44.25,,56.29,56.29,0.214,True,True,,True,True,False,True,True,4,5,False,5204142592,2026-10-06T02:26:47.143659+00:00
BSY,Technology,34.75,54.93,28.1,44.2,0.2138,True,False,64.62,True,True,True,True,True,5,5,False,10497728512,2026-10-06T02:26:47.143659+00:00
ASO,Consumer Cyclical,51.98,41.03,103.44,66.0,0.2124,True,False,86.39,False,True,True,True,True,4,5,False,3200870656,2026-10-06T02:26:47.143659+00:00
TYL,Technology,328.32,542.1,226.89,416.02,0.2108,True,False,81.98,True,True,True,True,True,5,5,False,13445450752,2026-10-06T02:26:47.143659+00:00
CHDN,Consumer Cyclical,77.57,,98.26,98.26,0.2105,True,True,,True,True,True,False,True,4,5,False,5406647808,2026-10-06T02:26:47.143659+00:00
BLDR,Industrials,55.63,81.74,53.47,70.43,0.2102,True,False,41.82,False,True,True,True,True,4,5,False,5985590784,2026-10-06T02:26:47.143659+00:00
FRSH,Technology,13.22,17.78,15.13,16.72,0.2095,True,True,16.09,True,True,True,True,True,5,5,True,3449372672,2026-10-06T02:26:47.143659+00:00
CRGY,Energy,13.56,,17.14,17.14,0.209,True,True,,True,True,False,True,True,4,5,False,4480274432,2026-10-06T02:26:47.143659+00:00
TOL,Consumer Cyclical,135.38,148.83,204.2,170.98,0.2082,True,True,31.37,True,True,True,True,True,5,5,True,12474861568,2026-10-06T02:26:47.143659+00:00
LAD,Consumer Cyclical,303.0,,382.07,382.07,0.207,True,True,,True,True,True,False,True,4,5,False,6660883968,2026-10-06T02:26:47.143659+00:00
HIW,Real Estate,29.49,,37.16,37.16,0.2064,True,True,,False,True,,True,True,3,4,False,3312220928,2026-10-06T02:26:47.143659+00:00
CNA,Financial Services,46.21,,58.16,58.16,0.2054,True,True,,True,True,True,True,,4,4,False,12504468480,2026-10-06T02:26:47.143659+00:00
APPF,Technology,204.25,326.28,151.28,256.28,0.203,True,False,73.29,True,True,True,True,True,5,5,False,7233920512,2026-10-06T02:26:47.143659+00:00
LINE,Real Estate,34.98,,43.87,43.87,0.2027,True,True,,True,False,True,True,True,4,5,False,8700911616,2026-10-06T02:26:47.143659+00:00
APLE,Real Estate,16.4,,20.53,20.53,0.2011,True,True,,True,True,True,True,True,5,5,False,3871756288,2026-10-06T02:26:47.143659+00:00
MBIN,Financial Services,49.72,,62.11,62.11,0.1994,False,True,,True,True,False,,,2,3,False,2283908608,2026-10-06T02:26:47.143659+00:00
USFD,Consumer Defensive,94.63,153.63,65.0,118.18,0.1993,False,False,81.07,True,True,True,True,True,5,5,False,20471375872,2026-10-06T02:26:47.143659+00:00
TMUS,Communication Services,164.64,,205.62,205.62,0.1993,False,True,,True,True,True,False,True,4,5,False,176604659712,2026-10-06T02:26:47.143659+00:00
MSA,Industrials,183.13,250.7,195.63,228.67,0.1991,False,True,24.68,True,True,True,True,True,5,5,True,7064842240,2026-10-06T02:26:47.143659+00:00
OHI,Real Estate,45.36,,56.47,56.47,0.1967,False,True,,True,True,True,True,True,5,5,False,14306329600,2026-10-06T02:26:47.143659+00:00
CDW,Technology,133.92,103.53,261.26,166.62,0.1963,False,False,86.48,False,True,True,False,True,3,5,False,16742333440,2026-10-06T02:26:47.143659+00:00
RGA,Financial Services,251.04,,311.5,311.5,0.1941,False,True,,True,True,True,True,True,5,5,False,16393329664,2026-10-06T02:26:47.143659+00:00
OFG,Financial Services,50.97,,63.23,63.23,0.1939,False,True,,True,True,True,,True,4,4,False,2154272256,2026-10-06T02:26:47.143659+00:00
MGRC,Industrials,116.57,,144.33,144.33,0.1924,False,True,,True,True,True,True,True,5,5,False,2847299584,2026-10-06T02:26:47.143659+00:00
GEF,Consumer Cyclical,82.05,83.25,128.94,101.52,0.1918,False,True,43.07,False,True,True,True,True,4,5,False,4664391680,2026-10-06T02:26:47.143659+00:00
NJR,Utilities,50.89,,62.95,62.95,0.1916,False,True,,False,True,False,True,True,3,5,False,5135899136,2026-10-06T02:26:47.143659+00:00
PYPL,Financial Services,54.41,,67.25,67.25,0.191,False,True,,True,True,True,True,True,5,5,False,46901420032,2026-10-06T02:26:47.143659+00:00
SPG,Real Estate,201.4,,248.47,248.47,0.1895,False,True,,True,True,True,False,True,4,5,False,76456165376,2026-10-06T02:26:47.143659+00:00
ASB,Financial Services,29.02,,35.79,35.79,0.1892,False,True,,True,True,True,,True,4,4,False,5476596224,2026-10-06T02:26:47.143659+00:00
JBTM,Industrials,109.76,146.11,118.97,135.26,0.1885,False,True,20.48,True,False,True,True,True,4,5,False,5693999616,2026-10-06T02:26:47.143659+00:00
LOW,Consumer Cyclical,179.5,236.25,198.46,221.13,0.1883,False,True,17.39,False,True,True,,True,3,4,False,100709195776,2026-10-06T02:26:47.143659+00:00
CACI,Technology,624.19,,768.51,768.51,0.1878,False,True,,True,True,True,True,True,5,5,False,13794347008,2026-10-06T02:26:47.143659+00:00
ED,Utilities,103.38,,127.18,127.18,0.1871,False,True,,True,True,True,True,True,5,5,False,38232883200,2026-10-06T02:26:47.143659+00:00
LUV,Industrials,41.85,,51.29,51.29,0.1841,False,True,,True,True,False,True,True,4,5,False,20473362432,2026-10-06T02:26:47.143659+00:00
KR,Consumer Defensive,58.78,,71.97,71.97,0.1833,False,True,,False,True,True,False,True,3,5,False,34714800128,2026-10-06T02:26:47.143659+00:00
LMT,Industrials,506.63,,619.83,619.83,0.1826,False,True,,True,True,True,False,True,4,5,False,116925521920,2026-10-06T02:26:47.143659+00:00
DUK,Utilities,113.84,,139.25,139.25,0.1825,False,True,,True,True,False,True,True,4,5,False,88761294848,2026-10-06T02:26:47.143659+00:00
BMY,Healthcare,58.81,,71.59,71.59,0.1785,False,True,,True,True,True,False,True,4,5,False,120132050944,2026-10-06T02:26:47.143659+00:00
SIGI,Financial Services,85.25,,103.6,103.6,0.1772,False,True,,True,True,True,True,True,5,5,False,5080900096,2026-10-06T02:26:47.143659+00:00
OLED,Technology,79.8,76.29,127.73,96.87,0.1762,False,False,50.43,True,True,True,True,True,5,5,False,3668153600,2026-10-06T02:26:47.143659+00:00
NTB,Financial Services,58.56,,70.96,70.96,0.1748,False,True,,True,True,True,,True,4,4,False,2302970880,2026-10-06T02:26:47.143659+00:00
CVS,Healthcare,87.01,,104.89,104.89,0.1705,False,True,,True,True,True,True,True,5,5,False,111283216384,2026-10-06T02:26:47.143659+00:00
FNB,Financial Services,17.4,,20.95,20.95,0.1695,False,True,,True,True,True,,True,4,4,False,6142216704,2026-10-06T02:26:47.143659+00:00
ANF,Consumer Cyclical,141.4,138.81,217.18,170.16,0.169,False,False,44.03,True,True,True,True,True,5,5,False,6000220672,2026-10-06T02:26:47.143659+00:00
ESTC,Technology,94.91,101.5,131.81,113.62,0.1647,False,True,25.99,True,True,True,True,True,5,5,True,9964723200,2026-10-06T02:26:47.143659+00:00
FELE,Industrials,99.04,131.04,99.49,118.42,0.1636,False,True,27.37,True,True,True,True,True,5,5,True,4378703360,2026-10-06T02:26:47.143659+00:00
AX,Financial Services,88.51,,105.76,105.76,0.1631,False,True,,True,True,True,,True,4,4,False,5032502272,2026-10-06T02:26:47.143659+00:00
TNET,Industrials,63.9,70.88,84.51,76.33,0.1628,False,True,17.54,True,True,True,False,True,4,5,False,2933312768,2026-10-06T02:26:47.143659+00:00
CNK,Communication Services,35.97,47.15,36.66,42.95,0.1626,False,True,25.02,True,True,True,False,True,4,5,False,4169349632,2026-10-06T02:26:47.143659+00:00
VIRT,Financial Services,62.88,,75.08,75.08,0.1625,False,True,,True,True,True,False,True,4,5,False,5552346624,2026-10-06T02:26:47.143659+00:00
DAL,Industrials,83.08,66.84,147.66,99.16,0.1622,False,False,75.36,True,True,True,True,True,5,5,False,54635323392,2026-10-06T02:26:47.143659+00:00
IBOC,Financial Services,69.49,,82.68,82.68,0.1596,False,True,,True,True,True,,,3,3,False,4321688064,2026-10-06T02:26:47.143659+00:00
LIVN,Healthcare,76.43,113.5,56.93,90.87,0.1589,False,False,66.38,True,False,True,True,True,4,5,False,4210796800,2026-10-06T02:26:47.143659+00:00
ZWS,Industrials,47.99,68.0,40.58,57.03,0.1585,False,False,50.5,True,True,True,True,True,5,5,False,7959818240,2026-10-06T02:26:47.143659+00:00
BDC,Technology,111.35,89.35,196.3,132.13,0.1573,False,False,74.88,True,True,True,True,True,5,5,False,4351356416,2026-10-06T02:26:47.143659+00:00
FE,Utilities,43.64,,51.64,51.64,0.1549,False,True,,True,True,False,False,True,3,5,False,25242736640,2026-10-06T02:26:47.143659+00:00
THG,Financial Services,220.4,,260.52,260.52,0.154,False,True,,True,True,True,True,True,5,5,False,7674376192,2026-10-06T02:26:47.143659+00:00
CON,Healthcare,36.21,,42.79,42.79,0.1537,False,True,,True,True,True,False,True,4,5,False,4617417216,2026-10-06T02:26:47.143659+00:00
LYB,Basic Materials,59.22,,69.94,69.94,0.1533,False,True,,False,False,True,True,True,3,5,False,19130308608,2026-10-06T02:26:47.143659+00:00
DIS,Communication Services,103.61,137.23,100.02,122.34,0.1531,False,False,31.37,True,True,True,True,True,5,5,False,178902024192,2026-10-06T02:26:47.143659+00:00
STE,Healthcare,211.07,324.57,136.2,249.22,0.1531,False,False,81.77,True,True,True,True,True,5,5,False,20579348480,2026-10-06T02:26:47.143659+00:00
BRX,Real Estate,27.05,,31.89,31.89,0.1517,False,True,,True,True,,True,True,4,4,False,8300896256,2026-10-06T02:26:47.143659+00:00
TJX,Consumer Cyclical,134.41,203.66,90.1,158.24,0.1506,False,False,77.31,True,True,True,True,True,5,5,False,148483325952,2026-10-06T02:26:47.143659+00:00
USLM,Basic Materials,110.78,157.61,89.57,130.39,0.1504,False,False,55.06,True,True,True,True,,4,4,False,3178096896,2026-10-06T02:26:47.143659+00:00
LGN,Industrials,53.79,82.56,34.15,63.19,0.1488,False,False,82.96,True,False,True,True,True,4,5,False,8836887552,2026-10-06T02:26:47.143659+00:00
IDCC,Technology,338.19,457.38,306.75,397.13,0.1484,False,False,39.42,True,True,True,True,True,5,5,False,8727333888,2026-10-06T02:26:47.143659+00:00
SSB,Financial Services,101.13,,118.73,118.73,0.1482,False,True,,True,True,True,,True,4,4,False,9807034368,2026-10-06T02:26:47.143659+00:00
UPS,Industrials,93.14,70.41,167.48,109.24,0.1474,False,False,81.61,False,True,True,True,True,4,5,False,79241797632,2026-10-06T02:26:47.143659+00:00
KRC,Real Estate,33.28,,38.98,38.98,0.1463,False,True,,True,True,False,True,True,4,5,False,3908487936,2026-10-06T02:26:47.143659+00:00
DOV,Industrials,191.3,237.45,203.91,224.04,0.1461,False,True,15.2,True,True,True,True,True,5,5,True,25764327424,2026-10-06T02:26:47.143659+00:00
TFC,Financial Services,46.33,,54.25,54.25,0.146,False,True,,True,True,True,,True,4,4,False,56597946368,2026-10-06T02:26:47.143659+00:00
LEN,Consumer Cyclical,74.44,,87.09,87.09,0.1453,False,True,,True,True,True,True,True,5,5,False,17932234752,2026-10-06T02:26:47.143659+00:00
PATH,Technology,13.16,14.2,17.18,15.39,0.145,False,True,18.94,True,True,True,True,True,5,5,True,6858405376,2026-10-06T02:26:47.143659+00:00
MUSA,Consumer Cyclical,511.68,,597.77,597.77,0.144,False,True,,False,True,True,False,True,3,5,False,9404856320,2026-10-06T02:26:47.143659+00:00
J,Industrials,138.67,210.01,89.98,162.0,0.144,False,False,80.02,True,True,True,True,True,5,5,False,16374275072,2026-10-06T02:26:47.143659+00:00
GATX,Industrials,172.27,,201.0,201.0,0.1429,False,True,,True,True,False,False,True,3,5,False,6082001920,2026-10-06T02:26:47.143659+00:00
RIG,Energy,5.51,6.36,6.5,6.42,0.1413,False,True,2.14,True,False,True,True,True,4,5,False,6154009600,2026-10-06T02:26:47.143659+00:00
KAI,Industrials,267.14,351.59,249.94,310.93,0.1408,False,False,33.8,True,True,True,True,True,5,5,False,3154687744,2026-10-06T02:26:47.143659+00:00
DELL,Technology,552.29,579.81,736.49,642.48,0.1404,False,True,23.81,True,True,True,,True,4,4,True,351152996352,2026-10-06T02:26:47.143659+00:00
TENB,Technology,38.51,71.65,4.47,44.78,0.14,False,False,176.5,True,False,True,False,False,2,5,False,4246573568,2026-10-06T02:26:47.143659+00:00
AMCR,Consumer Cyclical,41.8,,48.57,48.57,0.1394,False,True,,True,True,True,True,True,5,5,False,19309330432,2026-10-06T02:26:47.143659+00:00
BPOP,Financial Services,158.82,,184.45,184.45,0.1389,False,True,,True,True,True,,True,4,4,False,10129301504,2026-10-06T02:26:47.143659+00:00
PGR,Financial Services,212.62,,246.44,246.44,0.1372,False,True,,True,True,True,True,True,5,5,False,123404648448,2026-10-06T02:26:47.143659+00:00
MGY,Energy,24.0,24.04,33.41,27.79,0.1364,False,True,32.63,False,True,True,True,True,4,5,False,6592681984,2026-10-06T02:26:47.143659+00:00
SNX,Technology,277.28,184.7,524.71,320.7,0.1354,False,False,95.86,True,True,True,True,True,5,5,False,22120708096,2026-10-06T02:26:47.143659+00:00
MWA,Industrials,21.76,18.43,35.26,25.16,0.1352,False,False,62.72,True,True,True,True,True,5,5,False,3397294848,2026-10-06T02:26:47.143659+00:00
AVAH,Healthcare,12.37,0.65,34.78,14.3,0.1351,False,False,192.67,True,True,True,False,True,4,5,False,2700255744,2026-10-06T02:26:47.143659+00:00
RL,Consumer Cyclical,365.54,461.64,363.1,422.23,0.1343,False,False,23.9,True,True,True,True,True,5,5,False,21779691520,2026-10-06T02:26:47.143659+00:00
UMBF,Financial Services,129.8,,149.9,149.9,0.1341,False,True,,True,True,True,,True,4,4,False,9858314240,2026-10-06T02:26:47.143659+00:00
VLY,Financial Services,12.76,,14.72,14.72,0.1329,False,True,,True,True,,,True,3,3,False,7051243008,2026-10-06T02:26:47.143659+00:00
SNDR,Industrials,32.32,27.42,51.93,37.22,0.1317,False,False,61.77,False,True,True,True,True,4,5,False,5665724928,2026-10-06T02:26:47.143659+00:00
TDY,Technology,619.64,757.15,646.37,712.84,0.1307,False,True,15.79,True,True,True,True,True,5,5,True,28707387392,2026-10-06T02:26:47.143659+00:00
ADP,Technology,260.26,276.23,334.0,299.34,0.1305,False,True,18.93,True,True,True,True,True,5,5,True,103128432640,2026-10-06T02:26:47.143659+00:00
HEI,Industrials,301.57,415.78,243.32,346.79,0.1304,False,False,52.33,True,True,True,True,True,5,5,False,42146643968,2026-10-06T02:26:47.143659+00:00
NHI,Real Estate,65.02,,74.76,74.76,0.1303,False,True,,True,True,True,True,True,5,5,False,3193160192,2026-10-06T02:26:47.143659+00:00
GD,Industrials,331.72,,381.24,381.24,0.1299,False,True,,True,True,True,True,True,5,5,False,89749225472,2026-10-06T02:26:47.143659+00:00
FCPT,Real Estate,21.23,,24.35,24.35,0.1282,False,True,,True,True,,True,True,4,4,False,2329975552,2026-10-06T02:26:47.143659+00:00
OII,Energy,45.66,58.33,43.42,52.37,0.1281,False,False,29.29,True,True,True,True,True,5,5,False,4544523776,2026-10-06T02:26:47.143659+00:00
XYL,Industrials,102.42,121.59,111.29,117.47,0.1281,False,True,8.84,True,True,True,True,True,5,5,True,23913719808,2026-10-06T02:26:47.143659+00:00
WSBC,Financial Services,37.75,,43.27,43.27,0.1277,False,True,,True,True,True,,True,4,4,False,3620447232,2026-10-06T02:26:47.143659+00:00
NNN,Real Estate,40.38,,46.28,46.28,0.1275,False,True,,True,True,,True,True,4,4,False,7750189568,2026-10-06T02:26:47.143659+00:00
EPRT,Real Estate,25.64,,29.38,29.38,0.1273,False,True,,True,True,,True,True,4,4,False,5559232512,2026-10-06T02:26:47.143659+00:00
FHB,Financial Services,25.04,,28.68,28.68,0.127,False,True,,True,True,True,,True,4,4,False,3046901248,2026-10-06T02:26:47.143659+00:00
AIR,Industrials,102.24,,116.9,116.9,0.1254,False,True,,True,True,True,True,True,5,5,False,4109456128,2026-10-06T02:26:47.143659+00:00
FULT,Financial Services,22.69,,25.94,25.94,0.1253,False,True,,True,True,True,,True,4,4,False,4331851264,2026-10-06T02:26:47.143659+00:00
L,Financial Services,105.67,,120.75,120.75,0.1249,False,True,,True,True,True,True,,4,4,False,21601875968,2026-10-06T02:26:47.143659+00:00
ACAD,Healthcare,20.11,15.31,34.42,22.96,0.1241,False,False,76.84,True,True,True,True,True,5,5,False,3443553536,2026-10-06T02:26:47.143659+00:00
GEF-B,Consumer Cyclical,107.51,99.66,156.63,122.45,0.122,False,False,44.46,False,True,True,True,,3,4,False,4074497024,2026-10-06T02:26:47.143659+00:00
HR,Real Estate,17.08,,19.41,19.41,0.1198,False,True,,True,False,True,True,True,4,5,False,5990843904,2026-10-06T02:26:47.143659+00:00
ONB,Financial Services,24.86,,28.18,28.18,0.118,False,True,,True,True,True,,True,4,4,False,9510689792,2026-10-06T02:26:47.143659+00:00
FIBK,Financial Services,35.62,,40.28,40.28,0.1157,False,True,,False,True,True,,True,3,4,False,3394749952,2026-10-06T02:26:47.143659+00:00
EQH,Financial Services,54.0,,61.06,61.06,0.1156,False,True,,False,False,True,False,True,2,5,False,14729353216,2026-10-06T02:26:47.143659+00:00
SGHC,Consumer Cyclical,11.47,12.71,13.32,12.96,0.1147,False,True,4.67,True,True,True,True,True,5,5,True,5827640832,2026-10-06T02:26:47.143659+00:00
CELH,Consumer Defensive,27.52,40.87,16.41,31.08,0.1146,False,False,85.42,True,True,True,True,True,5,5,False,6963524608,2026-10-06T02:26:47.143659+00:00
UCB,Financial Services,33.81,,38.16,38.16,0.114,False,True,,True,True,True,,True,4,4,False,4076657920,2026-10-06T02:26:47.143659+00:00
RF,Financial Services,27.07,,30.55,30.55,0.114,False,True,,True,True,True,,True,4,4,False,23061731328,2026-10-06T02:26:47.143659+00:00
RRC,Energy,38.67,36.29,54.65,43.63,0.1137,False,False,40.38,False,True,True,True,True,4,5,False,9036386304,2026-10-06T02:26:47.143659+00:00
TTEK,Industrials,33.33,36.89,38.53,37.55,0.1123,False,True,4.36,True,True,True,True,True,5,5,True,8533961216,2026-10-06T02:26:47.143659+00:00
CHE,Healthcare,511.3,743.59,324.0,575.75,0.1119,False,False,78.61,True,True,True,True,True,5,5,False,6682671104,2026-10-06T02:26:47.143659+00:00
CNXN,Technology,92.4,93.09,120.48,104.04,0.1119,False,True,25.65,False,True,True,True,,3,4,False,2332000512,2026-10-06T02:26:47.143659+00:00
DVN,Energy,47.98,46.96,64.37,53.92,0.1102,False,False,31.27,False,True,True,True,True,4,5,False,52778000384,2026-10-06T02:26:47.143659+00:00
ENSG,Healthcare,172.89,263.23,90.11,193.98,0.1087,False,False,97.99,True,True,True,True,True,5,5,False,10076449792,2026-10-06T02:26:47.143659+00:00
BANR,Financial Services,67.4,,75.58,75.58,0.1082,False,True,,True,True,True,,True,4,4,False,2290582784,2026-10-06T02:26:47.143659+00:00
PRI,Financial Services,277.97,,311.47,311.47,0.1075,False,True,,True,True,True,True,True,5,5,False,8555180032,2026-10-06T02:26:47.143659+00:00
FFBC,Financial Services,31.51,,35.29,35.29,0.1072,False,True,,True,True,True,,True,4,4,False,3313809920,2026-10-06T02:26:47.143659+00:00
DG,Consumer Defensive,119.32,,133.65,133.65,0.1072,False,True,,True,True,True,True,True,5,5,False,26323994624,2026-10-06T02:26:47.143659+00:00
CALX,Technology,34.34,47.0,25.62,38.45,0.1069,False,False,58.88,True,True,True,True,True,5,5,False,2162183424,2026-10-06T02:26:47.143659+00:00
AIZ,Financial Services,266.41,,297.71,297.71,0.1051,False,True,,True,True,True,True,True,5,5,False,13140344832,2026-10-06T02:26:47.143659+00:00
LW,Consumer Defensive,44.57,,49.75,49.75,0.1041,False,True,,True,True,True,False,True,4,5,False,6127624192,2026-10-06T02:26:47.143659+00:00
BKH,Utilities,70.48,,78.59,78.59,0.1032,False,True,,False,True,False,True,True,3,5,False,5374321664,2026-10-06T02:26:47.143659+00:00
R,Industrials,235.94,67.49,556.47,263.08,0.1032,False,False,156.74,True,True,True,False,True,4,5,False,9047560192,2026-10-06T02:26:47.143659+00:00
TILE,Consumer Cyclical,34.86,36.15,42.76,38.79,0.1014,False,True,16.76,True,True,True,True,True,5,5,True,2014924032,2026-10-06T02:26:47.143659+00:00
FCNCA,Financial Services,2091.07,,2326.74,2326.74,0.1013,False,True,,True,True,True,,True,4,4,False,23614705664,2026-10-06T02:26:47.143659+00:00
FHN,Financial Services,23.36,,25.94,25.94,0.0995,False,True,,True,True,True,,True,4,4,False,11067435008,2026-10-06T02:26:47.143659+00:00
DOW,Basic Materials,28.51,,31.66,31.66,0.0995,False,True,,False,False,False,True,True,2,5,False,20593934336,2026-10-06T02:26:47.143659+00:00
GRND,Technology,13.54,,15.03,15.03,0.0992,False,True,,True,True,True,,True,4,4,False,2353531136,2026-10-06T02:26:47.143659+00:00
LPG,Energy,57.64,45.08,92.3,63.97,0.099,False,False,68.73,True,True,True,True,False,4,5,False,2465993728,2026-10-06T02:26:47.143659+00:00
ARX,Financial Services,19.73,,21.84,21.84,0.0968,False,True,,True,False,True,True,True,4,5,False,4285129984,2026-10-06T02:26:47.143659+00:00
COP,Energy,128.4,,142.16,142.16,0.0968,False,True,,False,True,True,True,True,4,5,False,154251722752,2026-10-06T02:26:47.143659+00:00
PACS,Healthcare,42.71,,47.2,47.2,0.0952,False,True,,True,True,True,False,True,4,5,False,6759813120,2026-10-06T02:26:47.143659+00:00
CXW,Industrials,33.73,,37.26,37.26,0.0948,False,True,,True,True,True,True,True,5,5,False,3335677184,2026-10-06T02:26:47.143659+00:00
LHX,Industrials,236.88,,261.68,261.68,0.0948,False,True,,True,True,True,True,True,5,5,False,44110520320,2026-10-06T02:26:47.143659+00:00
SKWD,Financial Services,55.19,,60.89,60.89,0.0936,False,True,,True,True,True,True,True,5,5,False,2450242304,2026-10-06T02:26:47.143659+00:00
COLB,Financial Services,28.84,,31.8,31.8,0.0931,False,True,,True,True,True,,True,4,4,False,8156442112,2026-10-06T02:26:47.143659+00:00
AUB,Financial Services,38.36,,42.15,42.15,0.09,False,True,,True,True,True,,True,4,4,False,5478379520,2026-10-06T02:26:47.143659+00:00
WYNN,Consumer Cyclical,77.17,,84.64,84.64,0.0882,False,True,,True,True,True,,True,4,4,False,7946494976,2026-10-06T02:26:47.143659+00:00
SWX,Utilities,82.79,,90.72,90.72,0.0875,False,True,,False,True,False,True,True,3,5,False,5997792256,2026-10-06T02:26:47.143659+00:00
FBP,Financial Services,27.1,,29.68,29.68,0.087,False,True,,True,True,True,,True,4,4,False,4137310208,2026-10-06T02:26:47.143659+00:00
DDS,Consumer Cyclical,695.35,711.28,829.89,758.72,0.0835,False,True,15.39,False,True,True,True,False,3,5,False,10860985344,2026-10-06T02:26:47.143659+00:00
USB,Financial Services,57.27,,62.48,62.48,0.0834,False,True,,True,True,,,True,3,3,False,89229606912,2026-10-06T02:26:47.143659+00:00
GME,Consumer Cyclical,25.24,32.37,20.24,27.52,0.0828,False,False,46.14,False,True,True,True,,3,4,False,12733604864,2026-10-06T02:26:47.143659+00:00
STWD,Real Estate,12.98,,14.14,14.14,0.0823,False,True,,False,True,True,False,True,3,5,False,4929400832,2026-10-06T02:26:47.143659+00:00
PEP,Consumer Defensive,125.65,,136.68,136.68,0.0807,False,True,,True,True,True,False,True,4,5,False,171637899264,2026-10-06T02:26:47.143659+00:00
SBAC,Real Estate,161.82,,175.92,175.92,0.0801,False,True,,True,True,True,,True,4,4,False,17167178752,2026-10-06T02:26:47.143659+00:00
CASY,Consumer Cyclical,617.33,857.13,390.74,670.57,0.0794,False,False,74.75,True,True,True,True,True,5,5,False,22816620544,2026-10-06T02:26:47.143659+00:00
MYRG,Industrials,302.65,365.61,273.35,328.7,0.0793,False,False,28.88,True,True,True,True,True,5,5,False,4712033280,2026-10-06T02:26:47.143659+00:00
TSN,Consumer Defensive,51.71,,56.14,56.14,0.079,False,True,,True,True,True,True,True,5,5,False,18191654912,2026-10-06T02:26:47.143659+00:00
HONA,Industrials,155.74,216.79,97.17,168.94,0.0781,False,False,76.2,True,True,True,,True,4,4,False,49362219008,2026-10-06T02:26:47.143659+00:00
FICO,Technology,689.61,582.81,995.17,747.75,0.0778,False,False,52.26,True,True,True,,True,4,4,False,14893945856,2026-10-06T02:26:47.143659+00:00
GL,Financial Services,165.92,,179.69,179.69,0.0766,False,True,,True,True,True,True,True,5,5,False,12750860288,2026-10-06T02:26:47.143659+00:00
MTB,Financial Services,218.26,,235.95,235.95,0.075,False,True,,True,True,True,,True,4,4,False,31633074176,2026-10-06T02:26:47.143659+00:00
SYK,Healthcare,285.22,411.06,153.37,307.98,0.0739,False,False,91.31,True,True,True,True,True,5,5,False,109402710016,2026-10-06T02:26:47.143659+00:00
TRMK,Financial Services,45.54,,49.14,49.14,0.0732,False,True,,True,True,True,,True,4,4,False,2644534016,2026-10-06T02:26:47.143659+00:00
AFG,Financial Services,139.33,,150.2,150.2,0.0724,False,True,,True,True,,True,True,4,4,False,11553447936,2026-10-06T02:26:47.143659+00:00
ROL,Consumer Cyclical,29.69,40.58,18.93,31.92,0.0698,False,False,72.77,True,True,True,True,True,5,5,False,14285207552,2026-10-06T02:26:47.143659+00:00
MGEE,Utilities,70.27,,75.53,75.53,0.0696,False,True,,True,True,False,True,True,4,5,False,2655082496,2026-10-06T02:26:47.143659+00:00
SITE,Industrials,87.66,91.86,97.67,94.18,0.0692,False,True,6.13,True,True,True,True,True,5,5,True,3884059392,2026-10-06T02:26:47.143659+00:00
LTC,Real Estate,42.43,,45.51,45.51,0.0676,False,True,,True,True,,True,True,4,4,False,2287213056,2026-10-06T02:26:47.143659+00:00
PB,Financial Services,67.22,,72.08,72.08,0.0675,False,True,,True,True,True,,True,4,4,False,8078282240,2026-10-06T02:26:47.143659+00:00
HEI-A,Industrials,224.88,276.69,187.33,240.95,0.0667,False,False,38.51,True,True,True,True,,4,4,False,31428646912,2026-10-06T02:26:47.143659+00:00
WTFC,Financial Services,145.2,,155.27,155.27,0.0648,False,True,,True,True,True,,True,4,4,False,9796058112,2026-10-06T02:26:47.143659+00:00
MCHB,Financial Services,14.93,,15.96,15.96,0.0647,False,True,,False,True,True,,True,3,4,False,3305897984,2026-10-06T02:26:47.143659+00:00
WPC,Real Estate,63.93,,68.34,68.34,0.0645,False,True,,True,True,,True,True,4,4,False,14564333568,2026-10-06T02:26:47.143659+00:00
SWKS,Technology,83.91,93.33,83.62,89.44,0.0619,False,False,10.97,False,True,True,True,False,3,5,False,12620565504,2026-10-06T02:26:47.143659+00:00
ALK,Industrials,39.19,,41.77,41.77,0.0618,False,True,,True,True,False,False,True,3,5,False,4372309504,2026-10-06T02:26:47.143659+00:00
HPE,Technology,68.36,,72.8,72.8,0.061,False,True,,True,True,True,True,True,5,5,False,90745495552,2026-10-06T02:26:47.143659+00:00
CACC,Financial Services,531.35,,565.57,565.57,0.0605,False,True,,True,True,True,False,True,4,5,False,5557958656,2026-10-06T02:26:47.143659+00:00
RNST,Financial Services,39.64,,42.15,42.15,0.0596,False,True,,True,True,True,,True,4,4,False,3623272960,2026-10-06T02:26:47.143659+00:00
NVR,Consumer Cyclical,5970.21,6112.65,6703.27,6348.9,0.0596,False,True,9.22,False,True,True,True,True,4,5,False,15909773312,2026-10-06T02:26:47.143659+00:00
AGM,Financial Services,214.46,,227.97,227.97,0.0593,False,True,,True,True,True,False,True,4,5,False,2327579392,2026-10-06T02:26:47.143659+00:00
KEY,Financial Services,20.18,,21.45,21.45,0.0592,False,True,,True,True,True,,True,4,4,False,21534654464,2026-10-06T02:26:47.143659+00:00
ROG,Technology,159.1,217.86,95.32,168.84,0.0577,False,False,78.25,False,False,True,True,True,3,5,False,2839702272,2026-10-06T02:26:47.143659+00:00
HBAN,Financial Services,15.29,,16.21,16.21,0.0569,False,True,,True,True,True,,True,4,4,False,30892142592,2026-10-06T02:26:47.143659+00:00
HOMB,Financial Services,28.57,,30.18,30.18,0.0534,False,True,,True,True,True,,True,4,4,False,5715418112,2026-10-06T02:26:47.143659+00:00
CATY,Financial Services,60.48,,63.85,63.85,0.0528,False,True,,True,True,True,,True,4,4,False,4034851840,2026-10-06T02:26:47.143659+00:00
DCI,Industrials,89.19,97.15,89.62,94.14,0.0525,False,True,8.06,True,True,True,True,True,5,5,True,10338024448,2026-10-06T02:26:47.143659+00:00
TEX,Industrials,56.9,63.3,55.15,60.04,0.0523,False,False,13.76,True,True,True,True,True,5,5,False,6503670272,2026-10-06T02:26:47.143659+00:00
RLI,Financial Services,56.08,,59.14,59.14,0.0517,False,True,,True,True,True,True,True,5,5,False,5146630144,2026-10-06T02:26:47.143659+00:00
HURN,Industrials,160.1,,168.77,168.77,0.0514,False,True,,True,True,True,False,True,4,5,False,2547202560,2026-10-06T02:26:47.143659+00:00
WFC,Financial Services,81.44,,85.8,85.8,0.0508,False,True,,True,True,,,True,3,3,False,246274506752,2026-10-06T02:26:47.143659+00:00
KNF,Basic Materials,51.97,,54.73,54.73,0.0504,False,True,,True,True,False,True,True,4,5,False,2949497856,2026-10-06T02:26:47.143659+00:00
EBC,Financial Services,21.24,,22.32,22.32,0.0485,False,True,,True,True,True,,True,4,4,False,4853585408,2026-10-06T02:26:47.143659+00:00
CXT,Industrials,49.16,37.34,73.14,51.66,0.0484,False,False,64.81,True,True,True,True,True,5,5,False,2829713664,2026-10-06T02:26:47.143659+00:00
CENX,Basic Materials,36.94,6.93,86.64,38.82,0.0483,False,False,170.36,False,True,True,True,True,4,5,False,3656812288,2026-10-06T02:26:47.143659+00:00
BKU,Financial Services,43.23,,45.39,45.39,0.0477,False,True,,True,True,True,,True,4,4,False,3079369984,2026-10-06T02:26:47.143659+00:00
EFSC,Financial Services,59.82,,62.73,62.73,0.0464,False,True,,True,True,True,,True,4,4,False,2165036544,2026-10-06T02:26:47.143659+00:00
AEE,Utilities,99.7,,104.52,104.52,0.0461,False,True,,True,,False,True,True,3,4,False,27601272832,2026-10-06T02:26:47.143659+00:00
GXO,Industrials,45.99,,48.16,48.16,0.0451,False,True,,True,True,True,False,True,4,5,False,5274343936,2026-10-06T02:26:47.143659+00:00
FIZZ,Consumer Defensive,29.84,29.96,33.16,31.24,0.0448,False,True,10.16,True,True,True,True,,4,4,True,2793385216,2026-10-06T02:26:47.143659+00:00
KMB,Consumer Defensive,95.41,,99.67,99.67,0.0428,False,True,,False,True,True,False,True,3,5,False,31670429696,2026-10-06T02:26:47.143659+00:00
ALGT,Industrials,75.14,,78.5,78.5,0.0428,False,True,,True,False,True,True,True,4,5,False,2054158976,2026-10-06T02:26:47.143659+00:00
OGE,Utilities,44.97,,46.97,46.97,0.0425,False,True,,False,True,True,True,True,4,5,False,9280653312,2026-10-06T02:26:47.143659+00:00
PPL,Utilities,32.95,,34.4,34.4,0.0423,False,True,,True,True,False,True,True,4,5,False,24796352512,2026-10-06T02:26:47.143659+00:00
AMP,Financial Services,494.94,,516.55,516.55,0.0418,False,True,,True,True,True,True,True,5,5,False,43752697856,2026-10-06T02:26:47.143659+00:00
JBL,Technology,300.94,279.73,365.14,313.9,0.0413,False,False,26.49,False,True,True,False,True,3,5,False,31534626816,2026-10-06T02:26:47.143659+00:00
FBIN,Industrials,38.66,34.76,48.31,40.18,0.0378,False,False,32.61,False,True,True,True,True,4,5,False,4614901248,2026-10-06T02:26:47.143659+00:00
BOX,Technology,35.34,47.64,20.29,36.7,0.037,False,False,80.54,True,True,True,False,True,4,5,False,4848675328,2026-10-06T02:26:47.143659+00:00
BIO,Healthcare,379.82,555.36,152.43,394.19,0.0365,False,False,113.86,False,True,True,True,False,3,5,False,10164590592,2026-10-06T02:26:47.143659+00:00
ADEA,Technology,26.07,18.47,39.79,27.0,0.0344,False,False,73.18,True,True,True,True,True,5,5,False,2875003648,2026-10-06T02:26:47.143659+00:00
NXT,Technology,82.97,65.59,116.29,85.87,0.0338,False,False,55.74,True,True,True,True,True,5,5,False,12747374592,2026-10-06T02:26:47.143659+00:00
NESR,Energy,24.08,29.49,18.06,24.92,0.0336,False,False,48.07,True,True,True,True,True,5,5,False,2428510208,2026-10-06T02:26:47.143659+00:00
BOKF,Financial Services,128.23,,132.32,132.32,0.0309,False,True,,True,True,,,True,3,3,False,7791253504,2026-10-06T02:26:47.143659+00:00
CMC,Industrials,65.51,24.24,132.61,67.59,0.0308,False,False,138.18,False,True,True,True,True,4,5,False,7247000576,2026-10-06T02:26:47.143659+00:00
PEG,Utilities,68.68,,70.82,70.82,0.0302,False,True,,True,True,True,True,True,5,5,False,34224713728,2026-10-06T02:26:47.143659+00:00
HUBS,Technology,220.61,319.09,88.93,227.03,0.0283,False,False,112.82,True,True,True,True,True,5,5,False,11000982528,2026-10-06T02:26:47.143659+00:00
PNC,Financial Services,220.28,,226.48,226.48,0.0274,False,True,,True,True,,,True,3,3,False,87879311360,2026-10-06T02:26:47.143659+00:00
UDR,Real Estate,33.84,,34.76,34.76,0.0263,False,True,,True,True,True,True,True,5,5,False,12538249216,2026-10-06T02:26:47.143659+00:00
CB,Financial Services,330.49,,339.29,339.29,0.0259,False,True,,True,True,,True,True,4,4,False,127502999552,2026-10-06T02:26:47.143659+00:00
CDP,Real Estate,33.36,,34.15,34.15,0.0232,False,True,,True,True,True,True,True,5,5,False,3864571136,2026-10-06T02:26:47.143659+00:00
SO,Utilities,83.79,,85.77,85.77,0.0231,False,True,,True,True,False,True,True,4,5,False,96388915200,2026-10-06T02:26:47.143659+00:00
TCBI,Financial Services,93.69,,95.9,95.9,0.0231,False,True,,True,True,True,,True,4,4,False,4073113600,2026-10-06T02:26:47.143659+00:00
EWBC,Financial Services,126.84,,129.82,129.82,0.023,False,True,,True,True,True,,True,4,4,False,17378582528,2026-10-06T02:26:47.143659+00:00
UAA,Consumer Cyclical,4.7,,4.81,4.81,0.0224,False,True,,False,False,False,True,True,2,5,False,2018864000,2026-10-06T02:26:47.143659+00:00
BUSE,Financial Services,29.51,,30.18,30.18,0.0222,False,True,,True,True,True,,True,4,4,False,2436846080,2026-10-06T02:26:47.143659+00:00
PRU,Financial Services,113.48,,115.91,115.91,0.021,False,True,,True,True,,True,False,3,4,False,39150600192,2026-10-06T02:26:47.143659+00:00
YETI,Consumer Cyclical,40.52,41.25,41.58,41.38,0.0208,False,True,0.79,True,True,True,True,True,5,5,True,2957506304,2026-10-06T02:26:47.143659+00:00
FIVE,Consumer Cyclical,215.93,249.66,176.69,220.47,0.0206,False,False,34.23,True,True,True,True,True,5,5,False,11887817728,2026-10-06T02:26:47.143659+00:00
FRT,Real Estate,105.97,,107.68,107.68,0.0159,False,True,,True,True,True,True,True,5,5,False,9210742784,2026-10-06T02:26:47.143659+00:00
CE,Basic Materials,45.53,,46.25,46.25,0.0156,False,True,,False,False,True,False,True,2,5,False,4996868608,2026-10-06T02:26:47.143659+00:00
TSCO,Consumer Cyclical,31.42,,31.91,31.91,0.0152,False,True,,True,True,True,False,True,4,5,False,16371081216,2026-10-06T02:26:47.143659+00:00
JAZZ,Healthcare,236.04,,239.59,239.59,0.0148,False,True,,True,False,True,True,True,4,5,False,15322435584,2026-10-06T02:26:47.143659+00:00
COLD,Real Estate,14.05,,14.25,14.25,0.0139,False,True,,False,False,False,True,True,2,5,False,4030198784,2026-10-06T02:26:47.143659+00:00
MDT,Healthcare,87.97,106.1,63.76,89.16,0.0134,False,False,49.86,True,True,True,True,True,5,5,False,112525762560,2026-10-06T02:26:47.143659+00:00
FERG,Industrials,222.93,222.92,230.17,225.82,0.0128,False,False,3.2,True,True,True,True,True,5,5,False,43126415360,2026-10-06T02:26:47.143659+00:00
QRVO,Technology,114.17,85.52,160.32,115.44,0.011,False,False,60.86,True,True,True,True,False,4,5,False,10071849984,2026-10-06T02:26:47.143659+00:00
VRSN,Technology,292.26,311.03,271.3,295.14,0.0098,False,False,13.64,True,True,True,,True,4,4,False,26420303872,2026-10-06T02:26:47.143659+00:00
HAS,Consumer Cyclical,92.38,,93.08,93.08,0.0075,False,True,,False,False,True,False,True,2,5,False,13029687296,2026-10-06T02:26:47.143659+00:00
HUBB,Industrials,480.65,555.62,377.18,484.24,0.0074,False,False,38.26,True,True,True,True,True,5,5,False,25398398976,2026-10-06T02:26:47.143659+00:00
EVRG,Utilities,79.09,,79.6,79.6,0.0065,False,True,,True,True,False,True,True,4,5,False,18235555840,2026-10-06T02:26:47.143659+00:00
SRCE,Financial Services,86.26,,86.8,86.8,0.0062,False,True,,True,True,True,,True,4,4,False,2076182656,2026-10-06T02:26:47.143659+00:00
CRH,Basic Materials,82.65,67.91,105.85,83.09,0.0053,False,False,43.67,True,True,True,True,True,5,5,False,54985764864,2026-10-06T02:26:47.143659+00:00
MDU,Utilities,18.69,,18.75,18.75,0.0032,False,True,,True,True,False,True,True,4,5,False,3931431424,2026-10-06T02:26:47.143659+00:00
NTAP,Technology,223.77,226.07,221.61,224.28,0.0023,False,False,1.99,True,True,True,True,False,4,5,False,43952680960,2026-10-06T02:26:47.143659+00:00
NI,Utilities,39.55,,39.64,39.64,0.0023,False,True,,True,True,False,True,True,4,5,False,18966601728,2026-10-06T02:26:47.143659+00:00
UNFI,Consumer Defensive,44.53,,44.62,44.62,0.0021,False,True,,True,True,True,True,True,5,5,False,2685919744,2026-10-06T02:26:47.143659+00:00
NBTB,Financial Services,50.95,,51.01,51.01,0.0011,False,True,,True,True,True,,True,4,4,False,2647365120,2026-10-06T02:26:47.143659+00:00
BAC,Financial Services,54.0,,54.0,54.0,0.0,False,True,,True,True,,,True,3,3,False,377608404992,2026-10-06T02:26:47.143659+00:00
FANG,Energy,184.08,,183.73,183.73,-0.0019,False,False,,True,True,False,True,True,4,5,False,51784155136,2026-10-06T02:26:47.143659+00:00
FCF,Financial Services,20.38,,20.33,20.33,-0.0026,False,False,,True,True,True,,True,4,4,False,2059519744,2026-10-06T02:26:47.143659+00:00
JBHT,Industrials,229.74,241.27,210.15,228.82,-0.004,False,False,13.79,False,True,True,True,True,4,5,False,21572587520,2026-10-06T02:26:47.143659+00:00
COF,Financial Services,195.14,,194.18,194.18,-0.005,False,False,,True,True,True,,True,4,4,False,119718395904,2026-10-06T02:26:47.143659+00:00
EXPO,Industrials,68.75,80.48,50.03,68.3,-0.0065,False,False,46.66,True,True,True,True,True,5,5,False,3268793344,2026-10-06T02:26:47.143659+00:00
MGM,Consumer Cyclical,30.17,,29.94,29.94,-0.0077,False,False,,True,True,True,False,True,4,5,False,7590553600,2026-10-06T02:26:47.143659+00:00
MLI,Industrials,62.97,44.74,89.1,62.48,-0.0078,False,False,66.29,True,True,True,True,,4,4,False,13927792640,2026-10-06T02:26:47.143659+00:00
NUE,Basic Materials,251.41,,249.36,249.36,-0.0082,False,False,,False,True,False,True,True,3,5,False,57038815232,2026-10-06T02:26:47.143659+00:00
TKR,Industrials,119.99,112.65,128.42,118.96,-0.0087,False,False,13.08,True,True,True,True,True,5,5,False,8338646528,2026-10-06T02:26:47.143659+00:00
DK,Energy,75.4,,74.74,74.74,-0.0088,False,False,,False,False,False,False,False,0,5,False,4616906240,2026-10-06T02:26:47.143659+00:00
JEF,Financial Services,45.84,,45.39,45.39,-0.0098,False,False,,True,True,False,False,True,3,5,False,9323489280,2026-10-06T02:26:47.143659+00:00
INVH,Real Estate,26.06,,25.78,25.78,-0.0108,False,False,,True,True,True,True,True,5,5,False,15391641600,2026-10-06T02:26:47.143659+00:00
SF,Financial Services,70.63,,69.84,69.84,-0.0113,False,False,,True,True,True,True,True,5,5,False,10665251840,2026-10-06T02:26:47.143659+00:00
BNL,Real Estate,18.4,,18.16,18.16,-0.013,False,False,,True,True,True,True,True,5,5,False,3917297408,2026-10-06T02:26:47.143659+00:00
UBSI,Financial Services,46.43,,45.77,45.77,-0.0144,False,False,,True,True,True,,True,4,4,False,6324349952,2026-10-06T02:26:47.143659+00:00
CNO,Financial Services,54.03,,53.19,53.19,-0.0157,False,False,,True,True,,True,False,3,4,False,4998929408,2026-10-06T02:26:47.143659+00:00
BOH,Financial Services,68.03,,66.97,66.97,-0.0158,False,False,,True,True,True,,True,4,4,False,2683810304,2026-10-06T02:26:47.143659+00:00
CWT,Utilities,45.84,,45.12,45.12,-0.0159,False,False,,True,True,False,True,True,4,5,False,2834704384,2026-10-06T02:26:47.143659+00:00
OTIS,Industrials,65.88,47.98,89.82,64.72,-0.018,False,False,60.73,True,True,True,,True,4,4,False,25078495232,2026-10-06T02:26:47.143659+00:00
GNW,Financial Services,9.59,,9.41,9.41,-0.0188,False,False,,False,True,,True,,2,3,False,3623591424,2026-10-06T02:26:47.143659+00:00
BCC,Basic Materials,74.84,,73.33,73.33,-0.0205,False,False,,False,True,True,True,True,4,5,False,2611268608,2026-10-06T02:26:47.143659+00:00
AMT,Real Estate,162.26,,158.97,158.97,-0.0207,False,False,,True,True,True,False,True,4,5,False,75606679552,2026-10-06T02:26:47.143659+00:00
CMS,Utilities,64.03,,62.73,62.73,-0.0207,False,False,,False,True,False,True,True,3,5,False,19780122624,2026-10-06T02:26:47.143659+00:00
MCRI,Consumer Cyclical,118.17,111.87,121.34,115.66,-0.0217,False,False,8.12,True,True,True,True,True,5,5,False,2117904128,2026-10-06T02:26:47.143659+00:00
QTWO,Technology,58.21,67.1,41.76,56.97,-0.0218,False,False,46.55,True,True,True,True,True,5,5,False,3629666816,2026-10-06T02:26:47.143659+00:00
IVZ,Financial Services,30.5,,29.84,29.84,-0.0221,False,False,,True,False,True,True,True,4,5,False,13465743360,2026-10-06T02:26:47.143659+00:00
FFIV,Technology,458.53,494.45,378.89,448.23,-0.023,False,False,26.46,True,True,True,True,False,4,5,False,25965262848,2026-10-06T02:26:47.143659+00:00
UFPI,Basic Materials,78.04,65.51,92.29,76.22,-0.0239,False,False,33.95,False,True,True,True,True,4,5,False,4304802816,2026-10-06T02:26:47.143659+00:00
FRME,Financial Services,39.77,,38.79,38.79,-0.0254,False,False,,True,True,,,True,3,3,False,2497612544,2026-10-06T02:26:47.143659+00:00
PNW,Utilities,95.96,,93.52,93.52,-0.0261,False,False,,True,True,False,False,True,3,5,False,11630086144,2026-10-06T02:26:47.143659+00:00
HSY,Consumer Defensive,161.01,,156.92,156.92,-0.0261,False,False,,True,True,True,True,True,5,5,False,32351039488,2026-10-06T02:26:47.143659+00:00
AUGO,Basic Materials,85.17,,82.9,82.9,-0.0274,False,False,,True,False,True,True,True,4,5,False,7140383744,2026-10-06T02:26:47.143659+00:00
AWI,Industrials,163.47,153.95,166.27,158.88,-0.0289,False,False,7.69,True,True,True,True,True,5,5,False,6908703744,2026-10-06T02:26:47.143659+00:00
AMH,Real Estate,30.08,,29.23,29.23,-0.029,False,False,,True,True,True,True,True,5,5,False,12331356160,2026-10-06T02:26:47.143659+00:00
WM,Industrials,206.66,,200.58,200.58,-0.0303,False,False,,True,True,True,False,True,4,5,False,82605146112,2026-10-06T02:26:47.143659+00:00
RHP,Real Estate,120.62,,117.01,117.01,-0.0308,False,False,,True,True,True,False,True,4,5,False,8320885248,2026-10-06T02:26:47.143659+00:00
AFL,Financial Services,112.38,,108.89,108.89,-0.032,False,False,,False,True,,True,True,3,4,False,56340959232,2026-10-06T02:26:47.143659+00:00
SUNB,Industrials,77.39,71.88,79.54,74.94,-0.0327,False,False,10.12,True,True,True,True,True,5,5,False,31711705088,2026-10-06T02:26:47.143659+00:00
HGV,Consumer Cyclical,34.05,,32.97,32.97,-0.0327,False,False,,True,True,True,False,True,4,5,False,2646507008,2026-10-06T02:26:47.143659+00:00
RHI,Industrials,34.32,41.85,20.15,33.17,-0.0346,False,False,69.98,False,True,True,True,True,4,5,False,3510716160,2026-10-06T02:26:47.143659+00:00
EME,Industrials,779.2,754.37,750.07,752.65,-0.0353,False,False,0.57,True,True,True,True,True,5,5,False,34370433024,2026-10-06T02:26:47.143659+00:00
CPK,Utilities,126.27,,121.84,121.84,-0.0364,False,False,,True,True,False,True,True,4,5,False,3188909824,2026-10-06T02:26:47.143659+00:00
FRPT,Consumer Defensive,61.33,,59.05,59.05,-0.0385,False,False,,True,True,True,True,True,5,5,False,2947401728,2026-10-06T02:26:47.143659+00:00
WSFS,Financial Services,77.34,,74.45,74.45,-0.0388,False,False,,True,True,True,,True,4,4,False,3951347200,2026-10-06T02:26:47.143659+00:00
ZBRA,Technology,375.66,351.3,375.13,360.83,-0.0411,False,False,6.56,False,True,True,True,True,4,5,False,17893959680,2026-10-06T02:26:47.143659+00:00
TRNO,Real Estate,64.43,,61.81,61.81,-0.0423,False,False,,True,True,True,True,True,5,5,False,7020957184,2026-10-06T02:26:47.143659+00:00
SR,Utilities,77.41,,73.96,73.96,-0.0466,False,False,,True,True,False,False,True,3,5,False,4575922688,2026-10-06T02:26:47.143659+00:00
MSI,Technology,455.37,462.11,394.15,434.93,-0.047,False,False,15.88,True,True,True,False,True,4,5,False,75360903168,2026-10-06T02:26:47.143659+00:00
VSAT,Technology,69.79,28.17,124.24,66.6,-0.0479,False,False,126.06,True,False,True,True,True,4,5,False,9613977600,2026-10-06T02:26:47.143659+00:00
ALGN,Healthcare,140.65,149.84,110.52,134.11,-0.0487,False,False,30.21,True,True,True,True,True,5,5,False,9991755776,2026-10-06T02:26:47.143659+00:00
SCI,Consumer Cyclical,75.94,74.06,69.8,72.35,-0.0496,False,False,5.92,True,True,True,False,True,4,5,False,10349982720,2026-10-06T02:26:47.143659+00:00
HLNE,Financial Services,87.33,,83.18,83.18,-0.0499,False,False,,True,True,True,True,True,5,5,False,5853037568,2026-10-06T02:26:47.143659+00:00
VRNS,Technology,48.15,45.86,,45.86,-0.0499,False,False,,True,False,True,True,True,4,5,False,5530532864,2026-10-06T02:26:47.143659+00:00
WCC,Industrials,377.09,,359.08,359.08,-0.0501,False,False,,True,True,True,True,True,5,5,False,18376673280,2026-10-06T02:26:47.143659+00:00
KVUE,Consumer Defensive,17.39,,16.56,16.56,-0.0502,False,False,,True,True,True,True,True,5,5,False,33402249216,2026-10-06T02:26:47.143659+00:00
ATO,Utilities,158.05,,150.48,150.48,-0.0503,False,False,,True,True,False,True,True,4,5,False,26708641792,2026-10-06T02:26:47.143659+00:00
REG,Real Estate,71.33,,67.79,67.79,-0.0522,False,False,,True,True,,True,True,4,4,False,13335767040,2026-10-06T02:26:47.143659+00:00
HCC,Basic Materials,92.29,,87.31,87.31,-0.057,False,False,,False,True,False,True,True,3,5,False,4873104896,2026-10-06T02:26:47.143659+00:00
POOL,Industrials,159.34,86.62,246.31,150.49,-0.0588,False,False,95.93,False,True,True,True,True,4,5,False,5790716416,2026-10-06T02:26:47.143659+00:00
ENVA,Financial Services,178.0,,167.99,167.99,-0.0596,False,False,,True,True,True,False,True,4,5,False,4431910400,2026-10-06T02:26:47.143659+00:00
PNFP,Financial Services,96.02,,90.54,90.54,-0.0605,False,False,,True,True,True,,True,4,4,False,14509835264,2026-10-06T02:26:47.143659+00:00
CLX,Consumer Defensive,82.01,,77.21,77.21,-0.0622,False,False,,False,True,True,False,True,3,5,False,9917552640,2026-10-06T02:26:47.143659+00:00
SANM,Technology,225.08,200.03,229.2,211.7,-0.0632,False,False,13.59,True,True,True,True,True,5,5,False,12063692800,2026-10-06T02:26:47.143659+00:00
GVA,Industrials,118.9,96.98,133.76,111.69,-0.0646,False,False,31.88,True,True,True,False,True,4,5,False,5282357760,2026-10-06T02:26:47.143659+00:00
DGII,Technology,74.56,85.52,46.77,70.02,-0.0649,False,False,58.58,True,True,True,True,True,5,5,False,2829412096,2026-10-06T02:26:47.143659+00:00
CWEN,Utilities,29.52,,27.68,27.68,-0.0664,False,False,,True,True,True,True,True,5,5,False,7280694784,2026-10-06T02:26:47.143659+00:00
OKE,Energy,88.58,92.44,68.88,83.01,-0.067,False,False,29.2,True,True,True,True,True,5,5,False,55841648640,2026-10-06T02:26:47.143659+00:00
UGI,Utilities,36.78,14.19,64.81,34.44,-0.068,False,False,128.17,False,True,True,True,True,4,5,False,7889124352,2026-10-06T02:26:47.143659+00:00
VLTO,Industrials,96.57,90.52,90.01,90.31,-0.0693,False,False,0.57,True,True,True,True,True,5,5,False,23543123968,2026-10-06T02:26:47.143659+00:00
GRMN,Technology,285.52,255.11,284.81,266.99,-0.0694,False,False,11.0,True,True,True,True,True,5,5,False,55064301568,2026-10-06T02:26:47.143659+00:00
D,Utilities,61.02,,56.95,56.95,-0.0714,False,False,,True,True,False,True,True,4,5,False,53668675584,2026-10-06T02:26:47.143659+00:00
PAY,Technology,31.62,29.73,29.08,29.47,-0.073,False,False,2.22,True,True,True,True,True,5,5,False,3982211840,2026-10-06T02:26:47.143659+00:00
OUT,Real Estate,28.89,,26.92,26.92,-0.0733,False,False,,True,True,True,False,True,4,5,False,5088547328,2026-10-06T02:26:47.143659+00:00
AEP,Utilities,119.73,,111.42,111.42,-0.0746,False,False,,True,True,False,True,True,4,5,False,65180700672,2026-10-06T02:26:47.143659+00:00
FWONK,Communication Services,95.0,134.69,18.96,88.4,-0.0747,False,False,150.63,True,True,True,True,True,5,5,False,23817306112,2026-10-06T02:26:47.143659+00:00
DINO,Energy,115.22,76.26,153.57,107.18,-0.075,False,False,67.28,False,True,True,True,False,3,5,False,20484255744,2026-10-06T02:26:47.143659+00:00
WRB,Financial Services,69.77,,64.84,64.84,-0.0761,False,False,,True,True,True,True,False,4,5,False,25900541952,2026-10-06T02:26:47.143659+00:00
SFBS,Financial Services,39.51,,36.67,36.67,-0.0776,False,False,,True,True,True,,True,4,4,False,4320221696,2026-10-06T02:26:47.143659+00:00
ATKR,Industrials,94.78,78.61,101.76,87.87,-0.0786,False,False,25.67,False,False,True,True,,2,4,False,3201010944,2026-10-06T02:26:47.143659+00:00
KNSL,Financial Services,332.42,,307.86,307.86,-0.0798,False,False,,True,True,True,True,True,5,5,False,7572003840,2026-10-06T02:26:47.143659+00:00
WTS,Industrials,362.75,356.56,302.98,335.13,-0.0824,False,False,16.25,True,True,True,True,True,5,5,False,12109701120,2026-10-06T02:26:47.143659+00:00
REGN,Healthcare,726.47,,670.81,670.81,-0.083,False,False,,True,True,True,True,True,5,5,False,74793713664,2026-10-06T02:26:47.143659+00:00
CBSH,Financial Services,55.14,,50.88,50.88,-0.0837,False,False,,True,True,True,,True,4,4,False,7908850176,2026-10-06T02:26:47.143659+00:00
AFRM,Financial Services,74.75,,68.97,68.97,-0.0839,False,False,,True,True,True,True,True,5,5,False,25222238208,2026-10-06T02:26:47.143659+00:00
LAMR,Real Estate,143.93,,132.58,132.58,-0.0856,False,False,,True,True,True,False,True,4,5,False,14616044544,2026-10-06T02:26:47.143659+00:00
EMN,Basic Materials,64.94,46.33,80.04,59.82,-0.0857,False,False,53.35,False,True,True,True,True,4,5,False,7424371200,2026-10-06T02:26:47.143659+00:00
HWKN,Basic Materials,132.06,152.38,75.09,121.46,-0.0872,False,False,67.96,True,True,True,True,True,5,5,False,2756767744,2026-10-06T02:26:47.143659+00:00
CNP,Utilities,37.75,,34.66,34.66,-0.089,False,False,,True,True,False,False,True,3,5,False,24866689024,2026-10-06T02:26:47.143659+00:00
CUBE,Real Estate,37.19,,34.14,34.14,-0.0894,False,False,,True,True,,True,True,4,4,False,8431582720,2026-10-06T02:26:47.143659+00:00
HTO,Utilities,58.44,,53.63,53.63,-0.0897,False,False,,True,True,False,True,True,4,5,False,2446111488,2026-10-06T02:26:47.143659+00:00
SNDK,Technology,1704.16,1206.28,2094.82,1561.69,-0.0912,False,False,53.83,True,True,True,True,True,5,5,False,249521422336,2026-10-06T02:26:47.143659+00:00
RPRX,Healthcare,56.66,,51.89,51.89,-0.0918,False,False,,True,True,,True,True,4,4,False,32740157440,2026-10-06T02:26:47.143659+00:00
REXR,Real Estate,36.69,,33.59,33.59,-0.0922,False,False,,True,True,True,True,True,5,5,False,8388632064,2026-10-06T02:26:47.143659+00:00
AMBP,Consumer Cyclical,4.44,,4.06,4.06,-0.0936,False,False,,True,True,True,,True,4,4,False,2653816064,2026-10-06T02:26:47.143659+00:00
CMG,Consumer Cyclical,30.85,34.99,18.01,28.2,-0.094,False,False,64.1,True,True,True,False,True,4,5,False,39038144512,2026-10-06T02:26:47.143659+00:00
STAG,Real Estate,36.05,,32.92,32.92,-0.095,False,False,,True,True,True,True,True,5,5,False,7094734336,2026-10-06T02:26:47.143659+00:00
XEL,Utilities,71.49,,65.24,65.24,-0.0959,False,False,,False,True,False,True,True,3,5,False,44655104000,2026-10-06T02:26:47.143659+00:00
FR,Real Estate,59.22,,53.92,53.92,-0.0983,False,False,,True,True,,True,True,4,4,False,8114114048,2026-10-06T02:26:47.143659+00:00
BJ,Consumer Defensive,93.8,,85.16,85.16,-0.1015,False,False,,True,True,True,True,True,5,5,False,11848317952,2026-10-06T02:26:47.143659+00:00
ITGR,Healthcare,126.45,123.88,101.03,114.74,-0.102,False,False,20.32,True,True,True,True,False,4,5,False,4298929152,2026-10-06T02:26:47.143659+00:00
WHD,Energy,64.75,75.7,33.3,58.74,-0.1023,False,False,77.8,True,True,True,True,True,5,5,False,4515222528,2026-10-06T02:26:47.143659+00:00
ELV,Healthcare,394.51,330.03,398.12,357.27,-0.1042,False,False,18.7,True,True,True,True,True,5,5,False,85557108736,2026-10-06T02:26:47.143659+00:00
RCL,Consumer Cyclical,275.03,,248.64,248.64,-0.1061,False,False,,True,True,True,False,True,4,5,False,73557344256,2026-10-06T02:26:47.143659+00:00
GS,Financial Services,893.46,,807.51,807.51,-0.1064,False,False,,True,True,False,False,True,3,5,False,260150001664,2026-10-06T02:26:47.143659+00:00
SGI,Consumer Cyclical,62.29,67.31,39.7,56.27,-0.107,False,False,51.6,True,True,True,True,True,5,5,False,14341599232,2026-10-06T02:26:47.143659+00:00
VAL,Energy,83.49,39.77,128.87,75.41,-0.1071,False,False,105.67,True,True,True,True,False,4,5,False,5797195264,2026-10-06T02:26:47.143659+00:00
CTRE,Real Estate,36.2,,32.65,32.65,-0.1087,False,False,,True,True,True,True,True,5,5,False,8553814016,2026-10-06T02:26:47.143659+00:00
WEC,Utilities,101.3,,91.26,91.26,-0.11,False,False,,True,True,False,True,True,4,5,False,33008543744,2026-10-06T02:26:47.143659+00:00
IOSP,Basic Materials,97.65,82.72,95.57,87.86,-0.1115,False,False,14.42,False,True,True,True,True,4,5,False,2405221888,2026-10-06T02:26:47.143659+00:00
DRI,Consumer Cyclical,199.72,190.64,162.87,179.53,-0.1124,False,False,15.71,True,True,True,False,True,4,5,False,22596964352,2026-10-06T02:26:47.143659+00:00
C,Financial Services,128.55,,115.48,115.48,-0.1132,False,False,,True,True,False,,True,3,4,False,215634509824,2026-10-06T02:26:47.143659+00:00
NKE,Consumer Cyclical,33.96,23.78,40.46,30.46,-0.1151,False,False,51.93,False,True,True,True,True,4,5,False,50379616256,2026-10-06T02:26:47.143659+00:00
FBK,Financial Services,52.58,,47.14,47.14,-0.1154,False,False,,True,True,True,,True,4,4,False,2627850496,2026-10-06T02:26:47.143659+00:00
ROST,Consumer Cyclical,226.37,245.82,138.17,202.76,-0.1165,False,False,56.07,True,True,True,True,True,5,5,False,72314601472,2026-10-06T02:26:47.143659+00:00
IR,Industrials,78.55,74.61,63.78,70.28,-0.1177,False,False,15.65,True,True,True,True,True,5,5,False,30477355008,2026-10-06T02:26:47.143659+00:00
BG,Consumer Defensive,107.32,,95.98,95.98,-0.1181,False,False,,True,True,False,True,True,4,5,False,20618223616,2026-10-06T02:26:47.143659+00:00
ACMR,Technology,76.17,,68.13,68.13,-0.1181,False,False,,True,True,False,True,True,4,5,False,5305179648,2026-10-06T02:26:47.143659+00:00
CBU,Financial Services,60.13,,53.75,53.75,-0.1187,False,False,,True,True,True,,True,4,4,False,3163794432,2026-10-06T02:26:47.143659+00:00
CMI,Industrials,523.37,446.85,499.35,467.85,-0.1187,False,False,11.1,True,True,True,True,True,5,5,False,72219336704,2026-10-06T02:26:47.143659+00:00
RSG,Industrials,212.83,,190.19,190.19,-0.119,False,False,,True,True,True,True,True,5,5,False,65171312640,2026-10-06T02:26:47.143659+00:00
URI,Industrials,1074.28,,958.81,958.81,-0.1204,False,False,,True,True,True,True,True,5,5,False,66865860608,2026-10-06T02:26:47.143659+00:00
KIM,Real Estate,22.03,,19.66,19.66,-0.1207,False,False,,True,True,,True,True,4,4,False,14777490432,2026-10-06T02:26:47.143659+00:00
BCPC,Basic Materials,166.04,183.27,95.2,148.04,-0.1216,False,False,63.25,True,True,True,True,True,5,5,False,5293026304,2026-10-06T02:26:47.143659+00:00
CFG,Financial Services,64.31,,57.24,57.24,-0.1235,False,False,,True,True,True,,True,4,4,False,27085879296,2026-10-06T02:26:47.143659+00:00
RJF,Financial Services,160.8,,143.04,143.04,-0.1241,False,False,,True,True,True,True,True,5,5,False,30931763200,2026-10-06T02:26:47.143659+00:00
AZO,Consumer Cyclical,2807.73,,2486.67,2486.67,-0.1291,False,False,,True,True,True,,True,4,4,False,45409415168,2026-10-06T02:26:47.143659+00:00
LECO,Industrials,274.94,246.83,238.49,243.49,-0.1292,False,False,3.44,True,True,True,True,True,5,5,False,14985812992,2026-10-06T02:26:47.143659+00:00
BXP,Real Estate,59.37,,52.41,52.41,-0.1327,False,False,,True,True,,False,True,3,4,False,10738692096,2026-10-06T02:26:47.143659+00:00
HTH,Financial Services,38.15,,33.67,33.67,-0.133,False,False,,False,True,False,,True,2,4,False,2185476864,2026-10-06T02:26:47.143659+00:00
QSR,Consumer Cyclical,69.87,,61.66,61.66,-0.1332,False,False,,True,True,True,False,True,4,5,False,32008214528,2026-10-06T02:26:47.143659+00:00
SJM,Consumer Defensive,116.23,,102.52,102.52,-0.1337,False,False,,True,False,True,True,True,4,5,False,12416059392,2026-10-06T02:26:47.143659+00:00
GFL,Industrials,42.28,,37.11,37.11,-0.1393,False,False,,False,True,True,True,True,4,5,False,15258442752,2026-10-06T02:26:47.143659+00:00
WTRG,Utilities,38.67,,33.9,33.9,-0.1407,False,False,,True,True,False,True,True,4,5,False,10973717504,2026-10-06T02:26:47.143659+00:00
JPM,Financial Services,332.38,,291.08,291.08,-0.1419,False,False,,True,True,,,True,3,3,False,883527974912,2026-10-06T02:26:47.143659+00:00
FSS,Industrials,116.43,92.66,115.69,101.87,-0.1429,False,False,22.1,True,True,True,True,True,5,5,False,7107075072,2026-10-06T02:26:47.143659+00:00
CCL,Consumer Cyclical,25.56,9.11,42.21,22.35,-0.1434,False,False,128.97,True,True,True,True,True,5,5,False,34368233472,2026-10-06T02:26:47.143659+00:00
VTRS,Healthcare,17.62,23.41,3.36,15.39,-0.145,False,False,149.76,False,False,True,True,True,3,5,False,20238172160,2026-10-06T02:26:47.143659+00:00
INDB,Financial Services,79.71,,69.59,69.59,-0.1454,False,False,,True,True,True,,True,4,4,False,3775790848,2026-10-06T02:26:47.143659+00:00
SHO,Real Estate,11.32,,9.87,9.87,-0.1473,False,False,,True,True,,True,True,4,4,False,2104885248,2026-10-06T02:26:47.143659+00:00
HWC,Financial Services,73.18,,63.73,63.73,-0.1483,False,False,,True,True,True,,True,4,4,False,5870723072,2026-10-06T02:26:47.143659+00:00
VMC,Basic Materials,245.57,247.99,162.29,213.71,-0.1491,False,False,41.78,True,True,True,True,True,5,5,False,31820650496,2026-10-06T02:26:47.143659+00:00
ADSK,Technology,221.56,164.97,233.88,192.54,-0.1507,False,False,34.55,True,True,True,True,True,5,5,False,46306037760,2026-10-06T02:26:47.143659+00:00
PECO,Real Estate,37.36,,32.45,32.45,-0.1514,False,False,,True,True,True,True,True,5,5,False,5274168832,2026-10-06T02:26:47.143659+00:00
URBN,Consumer Cyclical,81.6,47.67,105.56,70.82,-0.1522,False,False,75.56,True,True,True,True,True,5,5,False,6989871104,2026-10-06T02:26:47.143659+00:00
PFG,Financial Services,111.03,,96.3,96.3,-0.153,False,False,,False,True,True,True,True,4,5,False,23772037120,2026-10-06T02:26:47.143659+00:00
VFC,Consumer Cyclical,14.27,11.78,13.24,12.36,-0.1542,False,False,11.67,False,True,True,False,True,3,5,False,5610030592,2026-10-06T02:26:47.143659+00:00
DGX,Healthcare,232.22,240.42,142.04,201.07,-0.1549,False,False,51.45,True,True,True,True,True,5,5,False,25630902272,2026-10-06T02:26:47.143659+00:00
RRR,Consumer Cyclical,51.06,27.37,69.42,44.19,-0.1556,False,False,86.9,True,True,True,False,True,4,5,False,5207493632,2026-10-06T02:26:47.143659+00:00
UNF,Industrials,252.89,212.79,226.8,218.39,-0.1579,False,False,6.37,True,True,True,True,True,5,5,False,4573306368,2026-10-06T02:26:47.143659+00:00
OLLI,Consumer Defensive,86.85,,74.99,74.99,-0.1582,False,False,,True,True,True,True,True,5,5,False,5159098880,2026-10-06T02:26:47.143659+00:00
NXST,Communication Services,156.66,,135.24,135.24,-0.1584,False,False,,False,True,True,False,True,3,5,False,4826428416,2026-10-06T02:26:47.143659+00:00
MNST,Consumer Defensive,43.51,49.29,19.95,37.55,-0.1586,False,False,84.72,True,True,True,True,True,5,5,False,85238341632,2026-10-06T02:26:47.143659+00:00
SWK,Industrials,89.68,48.01,121.48,77.39,-0.1587,False,False,86.7,False,True,True,True,True,4,5,False,13543172096,2026-10-06T02:26:47.143659+00:00
NWBI,Financial Services,15.04,,12.97,12.97,-0.1596,False,False,,True,True,True,,True,4,4,False,2202745088,2026-10-06T02:26:47.143659+00:00
PSA,Real Estate,281.66,,242.43,242.43,-0.1618,False,False,,True,True,True,True,True,5,5,False,52628815872,2026-10-06T02:26:47.143659+00:00
MAA,Real Estate,116.47,,100.18,100.18,-0.1627,False,False,,True,True,True,True,True,5,5,False,13897973760,2026-10-06T02:26:47.143659+00:00
ZG,Communication Services,28.13,23.66,24.94,24.17,-0.1637,False,False,5.24,True,True,True,True,True,5,5,False,6325732352,2026-10-06T02:26:47.143659+00:00
BANF,Financial Services,107.57,,92.41,92.41,-0.164,False,False,,True,True,True,,True,4,4,False,3612887808,2026-10-06T02:26:47.143659+00:00
DAVE,Technology,368.94,225.21,454.11,316.77,-0.1647,False,False,67.39,True,True,True,True,True,5,5,False,4706016768,2026-10-06T02:26:47.143659+00:00
ABCB,Financial Services,80.4,,68.97,68.97,-0.1658,False,False,,True,True,True,,True,4,4,False,5395422208,2026-10-06T02:26:47.143659+00:00
CFR,Financial Services,153.83,,131.94,131.94,-0.1659,False,False,,True,True,True,,True,4,4,False,9560347648,2026-10-06T02:26:47.143659+00:00
AIT,Industrials,345.79,321.8,258.74,296.58,-0.1659,False,False,21.72,True,True,True,True,True,5,5,False,12702214144,2026-10-06T02:26:47.143659+00:00
SKY,Consumer Cyclical,85.76,78.05,66.48,73.43,-0.168,False,False,16.01,True,True,True,True,True,5,5,False,4655064576,2026-10-06T02:26:47.143659+00:00
SYY,Consumer Defensive,76.38,60.34,72.86,65.34,-0.1689,False,False,18.8,True,True,True,False,True,4,5,False,37572386816,2026-10-06T02:26:47.143659+00:00
WMS,Industrials,129.43,80.12,155.19,110.15,-0.1751,False,False,63.81,False,True,True,True,True,4,5,False,9759713280,2026-10-06T02:26:47.143659+00:00
NTRS,Financial Services,170.67,,145.16,145.16,-0.1757,False,False,,True,True,True,,True,4,4,False,31225040896,2026-10-06T02:26:47.143659+00:00
MU,Technology,1063.96,45.33,2188.65,902.66,-0.1787,False,False,191.88,True,True,True,True,True,5,5,False,1201629036544,2026-10-06T02:26:47.143659+00:00
AWK,Utilities,127.84,,108.23,108.23,-0.1812,False,False,,True,True,False,True,True,4,5,False,25405513728,2026-10-06T02:26:47.143659+00:00
XP,Financial Services,28.15,,23.82,23.82,-0.1818,False,False,,True,True,True,False,False,3,5,False,14284519424,2026-10-06T02:26:47.143659+00:00
AKAM,Technology,107.99,,91.35,91.35,-0.1821,False,False,,True,True,True,True,True,5,5,False,15519955968,2026-10-06T02:26:47.143659+00:00
NWE,Utilities,68.76,,58.04,58.04,-0.1846,False,False,,True,True,False,True,True,4,5,False,4229967360,2026-10-06T02:26:47.143659+00:00
CPT,Real Estate,97.37,,82.08,82.08,-0.1863,False,False,,True,True,True,True,True,5,5,False,9789516800,2026-10-06T02:26:47.143659+00:00
UE,Real Estate,19.51,,16.44,16.44,-0.1867,False,False,,True,True,,True,True,4,4,False,2686276096,2026-10-06T02:26:47.143659+00:00
PRIM,Industrials,80.57,69.23,65.86,67.88,-0.1869,False,False,4.99,True,True,True,True,True,5,5,False,4337270784,2026-10-06T02:26:47.143659+00:00
LQDA,Healthcare,27.64,,23.28,23.28,-0.1873,False,False,,True,False,False,True,True,3,5,False,2474025728,2026-10-06T02:26:47.143659+00:00
DOC,Real Estate,18.84,,15.86,15.86,-0.1877,False,False,,True,True,,True,True,4,4,False,13356566528,2026-10-06T02:26:47.143659+00:00
OPCH,Healthcare,23.37,,19.67,19.67,-0.1878,False,False,,True,True,True,True,True,5,5,False,3500481280,2026-10-06T02:26:47.143659+00:00
GOOG,Communication Services,343.83,229.27,379.41,289.33,-0.1884,False,False,49.33,True,True,True,True,True,5,5,False,4205018349568,2026-10-06T02:26:47.143659+00:00
AVY,Consumer Cyclical,170.0,125.66,168.8,142.92,-0.1895,False,False,29.31,False,True,True,True,True,4,5,False,13003365376,2026-10-06T02:26:47.143659+00:00
ADUS,Healthcare,112.98,95.15,94.57,94.92,-0.1903,False,False,0.62,True,True,True,True,True,5,5,False,2108746496,2026-10-06T02:26:47.143659+00:00
XYZ,Technology,76.23,84.61,33.07,64.0,-0.1912,False,False,87.58,True,True,True,True,True,5,5,False,45798604800,2026-10-06T02:26:47.143659+00:00
RBA,Industrials,82.3,,68.95,68.95,-0.1937,False,False,,True,True,True,True,True,5,5,False,15332490240,2026-10-06T02:26:47.143659+00:00
HRL,Consumer Defensive,20.08,,16.82,16.82,-0.1941,False,False,,False,True,True,True,True,4,5,False,11051043840,2026-10-06T02:26:47.143659+00:00
MTDR,Energy,53.01,3.25,105.88,44.31,-0.1964,False,False,188.07,True,True,True,True,True,5,5,False,6560210944,2026-10-06T02:26:47.143659+00:00
AWR,Utilities,81.76,,68.32,68.32,-0.1967,False,False,,True,True,False,True,,3,4,False,3240608768,2026-10-06T02:26:47.143659+00:00
NNI,Financial Services,125.01,,104.38,104.38,-0.1976,False,False,,False,True,True,True,,3,4,False,4472787968,2026-10-06T02:26:47.143659+00:00
EVR,Financial Services,265.35,,221.49,221.49,-0.198,False,False,,True,True,True,True,True,5,5,False,10204771328,2026-10-06T02:26:47.143659+00:00
FTV,Technology,57.38,37.79,62.93,47.85,-0.1992,False,False,49.93,False,True,True,True,True,4,5,False,17492926464,2026-10-06T02:26:47.143659+00:00
O,Real Estate,53.77,,44.83,44.83,-0.1996,False,False,,True,True,,True,True,4,4,False,50878144512,2026-10-06T02:26:47.143659+00:00
ITW,Industrials,264.19,199.57,249.99,219.74,-0.2023,False,False,22.43,True,True,True,False,True,4,5,False,75241316352,2026-10-06T02:26:47.143659+00:00
BRO,Financial Services,60.93,,50.61,50.61,-0.2039,False,False,,True,True,True,True,True,5,5,False,20387809280,2026-10-06T02:26:47.143659+00:00
VLO,Energy,419.33,331.3,372.1,347.62,-0.2063,False,False,11.6,False,True,True,True,False,3,5,False,120736612352,2026-10-06T02:26:47.143659+00:00
DTE,Utilities,125.04,,103.53,103.53,-0.2078,False,False,,False,True,False,False,True,2,5,False,26019332096,2026-10-06T02:26:47.143659+00:00
MHO,Consumer Cyclical,132.0,47.46,202.02,109.28,-0.2079,False,False,123.91,True,True,True,True,True,5,5,False,3337360128,2026-10-06T02:26:47.143659+00:00
VNOM,Energy,40.87,,33.73,33.73,-0.2116,False,False,,True,False,False,True,True,3,5,False,14680294400,2026-10-06T02:26:47.143659+00:00
SMG,Basic Materials,49.1,31.38,53.97,40.42,-0.2149,False,False,52.92,False,True,True,,True,3,4,False,2858615296,2026-10-06T02:26:47.143659+00:00
ASAN,Technology,9.14,7.52,,7.52,-0.2154,False,False,,True,False,True,False,True,3,5,False,2092786944,2026-10-06T02:26:47.143659+00:00
WLK,Basic Materials,64.61,,53.07,53.07,-0.2173,False,False,,False,False,False,True,True,2,5,False,8256934912,2026-10-06T02:26:47.143659+00:00
PIPR,Financial Services,65.63,,53.88,53.88,-0.2182,False,False,,True,True,True,True,True,5,5,False,4638090752,2026-10-06T02:26:47.143659+00:00
MRX,Financial Services,75.21,,61.73,61.73,-0.2183,False,False,,True,True,True,False,True,4,5,False,5409921024,2026-10-06T02:26:47.143659+00:00
CVX,Energy,206.47,163.39,178.54,169.45,-0.2185,False,False,8.86,False,True,True,True,True,4,5,False,405012250624,2026-10-06T02:26:47.143659+00:00
SKT,Real Estate,34.59,,28.36,28.36,-0.2197,False,False,,True,True,,False,True,3,4,False,4134845440,2026-10-06T02:26:47.143659+00:00
PG,Consumer Defensive,145.94,,119.54,119.54,-0.2209,False,False,,True,True,True,True,True,5,5,False,339227770880,2026-10-06T02:26:47.143659+00:00
MCD,Consumer Cyclical,233.04,,190.85,190.85,-0.2211,False,False,,True,True,True,,True,4,4,False,164908777472,2026-10-06T02:26:47.143659+00:00
ESAB,Industrials,71.46,41.28,84.27,58.48,-0.2221,False,False,68.48,True,True,True,True,True,5,5,False,4442511360,2026-10-06T02:26:47.143659+00:00
ABNB,Consumer Cyclical,164.07,165.15,87.88,134.24,-0.2222,False,False,61.08,True,True,True,True,True,5,5,False,98242764800,2026-10-06T02:26:47.143659+00:00
MEDP,Healthcare,620.51,655.96,282.22,506.46,-0.2252,False,False,79.67,True,True,True,True,False,4,5,False,17319462912,2026-10-06T02:26:47.143659+00:00
CRBG,Financial Services,34.84,,28.39,28.39,-0.2273,False,False,,False,False,,True,True,2,4,False,15530714112,2026-10-06T02:26:47.143659+00:00
YUM,Consumer Cyclical,136.97,,111.37,111.37,-0.2298,False,False,,True,True,True,,True,4,4,False,37379260416,2026-10-06T02:26:47.143659+00:00
TGT,Consumer Defensive,152.99,83.87,184.79,124.24,-0.2314,False,False,75.13,False,True,True,True,True,4,5,False,69502050304,2026-10-06T02:26:47.143659+00:00
MS,Financial Services,190.19,,154.39,154.39,-0.2319,False,False,,True,True,False,False,True,3,5,False,298706010112,2026-10-06T02:26:47.143659+00:00
OSW,Consumer Cyclical,22.92,21.89,13.68,18.6,-0.232,False,False,46.16,True,True,True,True,True,5,5,False,2326350592,2026-10-06T02:26:47.143659+00:00
NEE,Utilities,76.28,,61.79,61.79,-0.2346,False,False,,True,True,True,True,True,5,5,False,159089983488,2026-10-06T02:26:47.143659+00:00
LNT,Utilities,64.29,,52.05,52.05,-0.2352,False,False,,True,True,False,True,True,4,5,False,16669413376,2026-10-06T02:26:47.143659+00:00
NRG,Utilities,96.8,,78.36,78.36,-0.2353,False,False,,False,True,True,False,True,3,5,False,20348375040,2026-10-06T02:26:47.143659+00:00
EXR,Real Estate,132.91,,107.49,107.49,-0.2364,False,False,,True,True,True,True,True,5,5,False,29333575680,2026-10-06T02:26:47.143659+00:00
NHC,Healthcare,230.37,209.19,151.03,185.92,-0.2391,False,False,32.29,True,True,True,True,,4,4,False,3607915520,2026-10-06T02:26:47.143659+00:00
SYBT,Financial Services,77.61,,62.61,62.61,-0.2397,False,False,,True,True,True,,True,4,4,False,2411082240,2026-10-06T02:26:47.143659+00:00
CVBF,Financial Services,22.12,,17.83,17.83,-0.2403,False,False,,False,True,True,,True,3,4,False,3893063424,2026-10-06T02:26:47.143659+00:00
WAB,Industrials,291.86,265.35,190.02,235.22,-0.2408,False,False,33.09,True,True,True,True,True,5,5,False,49298317312,2026-10-06T02:26:47.143659+00:00
WSO,Industrials,292.15,196.55,292.57,234.96,-0.2434,False,False,39.26,False,True,True,True,True,4,5,False,12051827712,2026-10-06T02:26:47.143659+00:00
CW,Industrials,540.79,494.89,344.65,434.79,-0.2438,False,False,35.79,True,True,True,True,True,5,5,False,19973777408,2026-10-06T02:26:47.143659+00:00
ELS,Real Estate,58.49,,46.95,46.95,-0.2457,False,False,,True,True,True,True,True,5,5,False,11720452096,2026-10-06T02:26:47.143659+00:00
STT,Financial Services,176.37,,141.42,141.42,-0.2471,False,False,,True,True,True,,True,4,4,False,48449146880,2026-10-06T02:26:47.143659+00:00
MTN,Consumer Cyclical,139.3,114.25,107.66,111.61,-0.2481,False,False,5.94,True,True,True,False,True,4,5,False,4963996672,2026-10-06T02:26:47.143659+00:00
BALL,Consumer Cyclical,57.11,35.15,61.67,45.76,-0.2481,False,False,54.79,False,True,True,True,True,4,5,False,15205338112,2026-10-06T02:26:47.143659+00:00
GOOGL,Communication Services,346.47,215.94,369.84,277.5,-0.2485,False,False,52.55,True,True,True,True,True,5,5,False,4237305577472,2026-10-06T02:26:47.143659+00:00
PR,Energy,22.23,9.37,30.42,17.79,-0.2496,False,False,105.77,True,True,True,True,True,5,5,False,18618892288,2026-10-06T02:26:47.143659+00:00
QGEN,Healthcare,45.79,39.91,31.72,36.64,-0.2498,False,False,22.87,False,True,True,True,True,4,5,False,9455407104,2026-10-06T02:26:47.143659+00:00
WH,Consumer Cyclical,71.22,61.62,49.33,56.71,-0.256,False,False,22.15,False,True,True,False,True,3,5,False,5285316096,2026-10-06T02:26:47.143659+00:00
IBP,Consumer Cyclical,191.11,140.59,169.39,152.11,-0.2564,False,False,18.58,True,True,True,True,True,5,5,False,5079546368,2026-10-06T02:26:47.143659+00:00
RTX,Industrials,184.33,,146.63,146.63,-0.2571,False,False,,True,True,True,True,True,5,5,False,248432246784,2026-10-06T02:26:47.143659+00:00
MANH,Technology,205.45,201.32,106.36,163.34,-0.2578,False,False,61.73,True,True,True,True,True,5,5,False,11978756096,2026-10-06T02:26:47.143659+00:00
FND,Consumer Cyclical,46.55,,36.94,36.94,-0.2602,False,False,,True,True,True,True,True,5,5,False,4957107712,2026-10-06T02:26:47.143659+00:00
GM,Consumer Cyclical,80.23,,63.66,63.66,-0.2602,False,False,,True,True,True,False,True,4,5,False,70397935616,2026-10-06T02:26:47.143659+00:00
SRE,Utilities,78.16,,62.0,62.0,-0.2606,False,False,,False,True,False,True,True,3,5,False,51108855808,2026-10-06T02:26:47.143659+00:00
APP,Communication Services,281.97,220.8,226.63,223.13,-0.2637,False,False,2.6,True,True,True,True,True,5,5,False,94361411584,2026-10-06T02:26:47.143659+00:00
DRS,Industrials,36.6,,28.94,28.94,-0.2648,False,False,,True,True,True,True,True,5,5,False,9768228864,2026-10-06T02:26:47.143659+00:00
VOYA,Financial Services,98.1,,77.5,77.5,-0.2658,False,False,,True,True,,True,True,4,4,False,8887501824,2026-10-06T02:26:47.143659+00:00
LBRT,Energy,19.59,,15.46,15.46,-0.2675,False,False,,False,True,True,True,True,4,5,False,3196920064,2026-10-06T02:26:47.143659+00:00
DORM,Consumer Cyclical,123.44,70.5,137.27,97.21,-0.2699,False,False,64.27,True,True,True,True,True,5,5,False,3663158272,2026-10-06T02:26:47.143659+00:00
CVLT,Technology,153.73,166.1,53.3,120.98,-0.2707,False,False,102.82,True,True,True,False,True,4,5,False,6371272704,2026-10-06T02:26:47.143659+00:00
SHW,Basic Materials,318.46,294.98,182.91,250.16,-0.273,False,False,46.9,True,True,True,False,True,4,5,False,77308755968,2026-10-06T02:26:47.143659+00:00
WOR,Industrials,61.14,38.15,62.77,48.0,-0.2738,False,False,48.8,False,True,True,True,True,4,5,False,2991383552,2026-10-06T02:26:47.143659+00:00
GEHC,Healthcare,65.74,42.13,65.43,51.45,-0.2777,False,False,43.34,True,True,True,True,True,5,5,False,29904584704,2026-10-06T02:26:47.143659+00:00
CARR,Industrials,55.73,47.55,37.6,43.57,-0.2791,False,False,23.38,True,True,True,True,True,5,5,False,46288244736,2026-10-06T02:26:47.143659+00:00
CCI,Real Estate,67.58,,52.76,52.76,-0.2809,False,False,,False,True,True,,True,3,4,False,28752277504,2026-10-06T02:26:47.143659+00:00
AON,Financial Services,272.05,,211.92,211.92,-0.2837,False,False,,True,True,True,True,True,5,5,False,57708724224,2026-10-06T02:26:47.143659+00:00
VMI,Industrials,476.85,240.02,568.53,371.42,-0.2838,False,False,81.26,False,True,True,True,True,4,5,False,9257400320,2026-10-06T02:26:47.143659+00:00
TDG,Industrials,1092.66,885.85,797.2,850.39,-0.2849,False,False,10.53,True,True,True,,True,4,4,False,61116391424,2026-10-06T02:26:47.143659+00:00
ETR,Utilities,100.82,,78.42,78.42,-0.2856,False,False,,False,True,False,True,True,3,5,False,48169525248,2026-10-06T02:26:47.143659+00:00
PRMB,Consumer Defensive,19.88,,15.44,15.44,-0.2878,False,False,,True,True,True,True,True,5,5,False,7195440640,2026-10-06T02:26:47.143659+00:00
CDE,Basic Materials,17.05,8.24,20.73,13.24,-0.288,False,False,86.19,True,True,True,True,True,5,5,False,17526290432,2026-10-06T02:26:47.143659+00:00
MDLZ,Consumer Defensive,58.49,,45.33,45.33,-0.2903,False,False,,True,True,True,True,True,5,5,False,75080679424,2026-10-06T02:26:47.143659+00:00
VCTR,Financial Services,115.28,,89.3,89.3,-0.291,False,False,,True,True,True,True,False,4,5,False,7090823168,2026-10-06T02:26:47.143659+00:00
TRU,Financial Services,63.82,,49.35,49.35,-0.2933,False,False,,True,True,True,True,True,5,5,False,12227911680,2026-10-06T02:26:47.143659+00:00
AMZN,Consumer Cyclical,251.4,,194.33,194.33,-0.2937,False,False,,True,True,True,True,True,5,5,False,2711679139840,2026-10-06T02:26:47.143659+00:00
UNH,Healthcare,378.58,323.21,246.61,292.57,-0.294,False,False,26.88,True,True,True,True,True,5,5,False,339811434496,2026-10-06T02:26:47.143659+00:00
CEG,Utilities,267.62,,206.72,206.72,-0.2946,False,False,,True,True,True,True,True,5,5,False,94819745792,2026-10-06T02:26:47.143659+00:00
PRK,Financial Services,181.02,,139.55,139.55,-0.2972,False,False,,True,True,True,,True,4,4,False,3269974272,2026-10-06T02:26:47.143659+00:00
BEN,Financial Services,32.88,,25.29,25.29,-0.3,False,False,,True,True,True,True,True,5,5,False,16705568768,2026-10-06T02:26:47.143659+00:00
UFPT,Healthcare,307.33,294.32,147.43,235.56,-0.3047,False,False,66.5,True,True,True,True,,4,4,False,2380513536,2026-10-06T02:26:47.143659+00:00
NBIX,Healthcare,144.21,,110.49,110.49,-0.3051,False,False,,True,True,True,True,True,5,5,False,14658829312,2026-10-06T02:26:47.143659+00:00
JOE,Real Estate,66.21,,50.69,50.69,-0.3061,False,False,,True,True,True,True,,4,4,False,3769365248,2026-10-06T02:26:47.143659+00:00
BWXT,Industrials,135.35,119.07,80.4,103.6,-0.3064,False,False,38.77,True,True,True,True,True,5,5,False,12401036288,2026-10-06T02:26:47.143659+00:00
ETSY,Consumer Cyclical,70.89,57.58,48.94,54.13,-0.3097,False,False,16.21,True,True,True,,True,4,4,False,6506407936,2026-10-06T02:26:47.143659+00:00
MSM,Industrials,130.16,94.65,106.42,99.36,-0.31,False,False,11.71,True,True,True,True,True,5,5,False,7268954112,2026-10-06T02:26:47.143659+00:00
OPLN,Consumer Cyclical,35.32,30.66,21.06,26.82,-0.3171,False,False,37.13,True,True,True,True,True,5,5,False,4311507456,2026-10-06T02:26:47.143659+00:00
IQV,Healthcare,266.09,188.05,222.21,201.72,-0.3191,False,False,16.65,True,True,True,False,True,4,5,False,43798413312,2026-10-06T02:26:47.143659+00:00
PPLI,Communication Services,41.73,7.27,68.17,31.63,-0.3194,False,False,161.47,False,False,True,True,True,3,5,False,3107379712,2026-10-06T02:26:47.143659+00:00
XOM,Energy,164.0,,124.3,124.3,-0.3194,False,False,,False,True,True,True,True,4,5,False,674353577984,2026-10-06T02:26:47.143659+00:00
ADC,Real Estate,65.58,,49.62,49.62,-0.3218,False,False,,True,True,,True,True,4,4,False,8179717120,2026-10-06T02:26:47.143659+00:00
FDXF,Industrials,111.58,,84.41,84.41,-0.3219,False,False,,False,True,False,,True,2,4,False,16683233280,2026-10-06T02:26:47.143659+00:00
MPC,Energy,433.47,281.39,397.43,327.8,-0.3223,False,False,34.19,False,True,True,True,False,3,5,False,126545772544,2026-10-06T02:26:47.143659+00:00
AME,Industrials,251.92,208.27,163.75,190.46,-0.3227,False,False,23.93,True,True,True,True,True,5,5,False,57740820480,2026-10-06T02:26:47.143659+00:00
ESE,Technology,271.92,211.26,195.5,204.96,-0.3267,False,False,7.75,True,True,True,True,True,5,5,False,7044786176,2026-10-06T02:26:47.143659+00:00
WTW,Financial Services,288.11,,217.17,217.17,-0.3267,False,False,,True,True,True,True,True,5,5,False,26757332992,2026-10-06T02:26:47.143659+00:00
HLIO,Industrials,70.93,47.68,61.37,53.15,-0.3345,False,False,25.11,False,True,True,True,True,4,5,False,2337184256,2026-10-06T02:26:47.143659+00:00
ATR,Healthcare,120.61,,90.28,90.28,-0.336,False,False,,True,True,True,True,True,5,5,False,7668519936,2026-10-06T02:26:47.143659+00:00
IDA,Utilities,131.73,,98.31,98.31,-0.3399,False,False,,True,True,False,True,True,4,5,False,7619532288,2026-10-06T02:26:47.143659+00:00
NDSN,Industrials,334.43,257.68,236.75,249.31,-0.3414,False,False,8.46,True,True,True,True,True,5,5,False,18633752576,2026-10-06T02:26:47.143659+00:00
PLMR,Financial Services,127.34,,94.75,94.75,-0.3439,False,False,,True,True,True,True,True,5,5,False,3351293696,2026-10-06T02:26:47.143659+00:00
BNY,Financial Services,143.75,,106.88,106.88,-0.345,False,False,,True,True,True,,True,4,4,False,97534967808,2026-10-06T02:26:47.143659+00:00
DT,Technology,60.21,61.74,19.14,44.7,-0.347,False,False,105.36,True,True,True,True,False,4,5,False,17400817664,2026-10-06T02:26:47.143659+00:00
NOW,Technology,136.08,134.54,50.74,101.02,-0.3471,False,False,90.45,True,True,True,True,True,5,5,False,140687949824,2026-10-06T02:26:47.143659+00:00
CBRE,Real Estate,129.4,,95.93,95.93,-0.3488,False,False,,True,True,True,True,True,5,5,False,37471039488,2026-10-06T02:26:47.143659+00:00
CUZ,Real Estate,27.33,,20.24,20.24,-0.3503,False,False,,True,True,True,True,True,5,5,False,4499257344,2026-10-06T02:26:47.143659+00:00
IPAR,Consumer Defensive,113.76,72.92,100.77,84.06,-0.3534,False,False,32.07,True,True,True,True,True,5,5,False,3643252736,2026-10-06T02:26:47.143659+00:00
META,Communication Services,741.9,563.21,524.93,547.9,-0.3541,False,False,7.04,True,True,True,True,True,5,5,False,1889994932224,2026-10-06T02:26:47.143659+00:00
TXNM,Utilities,58.51,,43.0,43.0,-0.3607,False,False,,False,True,False,True,True,3,5,False,6443458048,2026-10-06T02:26:47.143659+00:00
ULTA,Consumer Cyclical,542.72,346.29,473.34,397.11,-0.3667,False,False,31.0,True,True,True,True,True,5,5,False,23205332992,2026-10-06T02:26:47.143659+00:00
RGLD,Basic Materials,233.64,,170.92,170.92,-0.3669,False,False,,True,True,False,True,True,4,5,False,19795816448,2026-10-06T02:26:47.143659+00:00
FITB,Financial Services,50.8,,37.04,37.04,-0.3715,False,False,,True,True,True,,True,4,4,False,46053908480,2026-10-06T02:26:47.143659+00:00
IRDM,Communication Services,48.44,44.5,21.53,35.31,-0.3717,False,False,69.59,True,True,True,False,False,3,5,False,5133746176,2026-10-06T02:26:47.143659+00:00
FFIN,Financial Services,32.03,,23.32,23.32,-0.3734,False,False,,True,True,True,,True,4,4,False,4590533632,2026-10-06T02:26:47.143659+00:00
OWL,Financial Services,8.97,,6.53,6.53,-0.3739,False,False,,True,True,True,True,True,5,5,False,14057394176,2026-10-06T02:26:47.143659+00:00
CHRW,Industrials,140.61,91.82,118.13,102.35,-0.3739,False,False,25.06,False,True,True,True,True,4,5,False,16430454784,2026-10-06T02:26:47.143659+00:00
VMRK,Real Estate,60.09,,43.63,43.63,-0.3772,False,False,,True,True,True,True,True,5,5,False,46496387072,2026-10-06T02:26:47.143659+00:00
RSI,Consumer Cyclical,20.99,15.99,13.94,15.17,-0.3837,False,False,13.66,True,True,True,True,True,5,5,False,4860743680,2026-10-06T02:26:47.143659+00:00
TGTX,Healthcare,53.91,,38.95,38.95,-0.384,False,False,,True,True,False,True,True,4,5,False,8251952640,2026-10-06T02:26:47.143659+00:00
CBC,Financial Services,31.93,,23.07,23.07,-0.384,False,False,,True,True,True,,True,4,4,False,7647398912,2026-10-06T02:26:47.143659+00:00
APG,Industrials,40.66,30.78,27.26,29.37,-0.3843,False,False,12.16,True,True,True,True,True,5,5,False,17571637248,2026-10-06T02:26:47.143659+00:00
BTU,Energy,25.5,,18.41,18.41,-0.3848,False,False,,False,False,False,True,True,2,5,False,3108450048,2026-10-06T02:26:47.143659+00:00
SONO,Technology,17.94,10.31,16.88,12.94,-0.3865,False,False,48.31,False,False,True,True,True,3,5,False,2122194048,2026-10-06T02:26:47.143659+00:00
LAZ,Financial Services,35.28,,25.44,25.44,-0.3867,False,False,,True,True,True,False,True,4,5,False,3472881408,2026-10-06T02:26:47.143659+00:00
ACA,Industrials,146.75,95.87,120.6,105.76,-0.3875,False,False,22.85,True,True,True,True,False,4,5,False,7206424064,2026-10-06T02:26:47.143659+00:00
PSMT,Consumer Defensive,171.81,129.5,115.01,123.71,-0.3889,False,False,11.85,True,True,True,True,False,4,5,False,5302146560,2026-10-06T02:26:47.143659+00:00
TREX,Industrials,44.21,24.66,42.3,31.71,-0.394,False,False,52.71,True,True,True,True,True,5,5,False,4593362432,2026-10-06T02:26:47.143659+00:00
ARMK,Industrials,55.23,35.26,45.64,39.41,-0.4013,False,False,25.65,True,True,True,True,True,5,5,False,14560011264,2026-10-06T02:26:47.143659+00:00
LTH,Consumer Cyclical,40.06,,28.56,28.56,-0.4025,False,False,,True,True,False,True,True,4,5,False,8951885824,2026-10-06T02:26:47.143659+00:00
NFLX,Communication Services,67.5,46.39,50.69,48.11,-0.4031,False,False,8.87,True,True,True,True,True,5,5,False,281065914368,2026-10-06T02:26:47.143659+00:00
HSIC,Healthcare,84.23,67.42,48.93,60.03,-0.4032,False,False,31.78,True,True,True,True,True,5,5,False,9595208704,2026-10-06T02:26:47.143659+00:00
CVCO,Consumer Cyclical,576.27,411.99,406.14,409.65,-0.4067,False,False,1.43,True,True,True,True,True,5,5,False,4431172096,2026-10-06T02:26:47.143659+00:00
KMX,Consumer Cyclical,54.86,,38.99,38.99,-0.4069,False,False,,False,True,True,False,True,3,5,False,7786981888,2026-10-06T02:26:47.143659+00:00
MORN,Financial Services,189.16,,134.24,134.24,-0.4092,False,False,,True,True,True,True,True,5,5,False,7096067584,2026-10-06T02:26:47.143659+00:00
CLH,Industrials,322.37,218.94,241.45,227.94,-0.4143,False,False,9.78,True,True,True,True,True,5,5,False,17017024512,2026-10-06T02:26:47.143659+00:00
PLD,Real Estate,128.08,,90.56,90.56,-0.4143,False,False,,True,True,,True,True,4,4,False,124505464832,2026-10-06T02:26:47.143659+00:00
MATX,Industrials,230.66,40.43,346.69,162.93,-0.4157,False,False,158.23,False,True,True,True,True,4,5,False,6897531904,2026-10-06T02:26:47.143659+00:00
FLS,Industrials,74.3,39.24,71.21,52.03,-0.4281,False,False,57.9,True,True,True,True,True,5,5,False,9496061952,2026-10-06T02:26:47.143659+00:00
SCHW,Financial Services,97.96,,68.47,68.47,-0.4308,False,False,,True,True,True,True,True,5,5,False,169405726720,2026-10-06T02:26:47.143659+00:00
MKTX,Financial Services,164.04,,114.51,114.51,-0.4326,False,False,,True,True,True,True,False,4,5,False,5773747712,2026-10-06T02:26:47.143659+00:00
IEX,Industrials,235.29,155.78,175.79,163.79,-0.4366,False,False,12.07,True,True,True,True,True,5,5,False,17345554432,2026-10-06T02:26:47.143659+00:00
FDS,Financial Services,276.44,,191.89,191.89,-0.4406,False,False,,True,True,True,True,True,5,5,False,9831739392,2026-10-06T02:26:47.143659+00:00
LNG,Energy,274.93,,190.82,190.82,-0.4408,False,False,,False,True,True,False,True,3,5,False,56782434304,2026-10-06T02:26:47.143659+00:00
CCC,Technology,6.58,,4.56,4.56,-0.4415,False,False,,True,True,True,True,True,5,5,False,3875585024,2026-10-06T02:26:47.143659+00:00
TT,Industrials,470.76,337.66,309.08,326.23,-0.443,False,False,8.84,True,True,True,True,True,5,5,False,103578116096,2026-10-06T02:26:47.143659+00:00
GBCI,Financial Services,43.75,,30.3,30.3,-0.4437,False,False,,True,True,True,,True,4,4,False,5696339968,2026-10-06T02:26:47.143659+00:00
TOWN,Financial Services,35.84,,24.82,24.82,-0.4441,False,False,,True,True,True,,True,4,4,False,3312951808,2026-10-06T02:26:47.143659+00:00
FTAI,Industrials,164.7,,113.53,113.53,-0.4507,False,False,,True,True,False,False,True,3,5,False,16915857408,2026-10-06T02:26:47.143659+00:00
AMKR,Technology,54.63,6.32,84.45,37.57,-0.4539,False,False,172.14,False,True,True,True,True,4,5,False,13541275648,2026-10-06T02:26:47.143659+00:00
WSM,Consumer Cyclical,238.7,163.65,164.86,164.13,-0.4543,False,False,0.74,False,True,True,True,True,4,5,False,28111220736,2026-10-06T02:26:47.143659+00:00
ZBH,Healthcare,91.57,,62.79,62.79,-0.4584,False,False,,True,True,True,True,True,5,5,False,17465849856,2026-10-06T02:26:47.143659+00:00
VIK,Consumer Cyclical,81.03,54.47,57.04,55.5,-0.4601,False,False,4.6,True,True,True,False,True,4,5,False,36191084544,2026-10-06T02:26:47.143659+00:00
HD,Consumer Cyclical,281.15,163.2,236.2,192.4,-0.4613,False,False,36.56,True,True,True,False,True,4,5,False,280500436992,2026-10-06T02:26:47.143659+00:00
GSAT,Communication Services,83.54,90.45,6.81,56.99,-0.4658,False,False,171.98,True,False,True,True,True,4,5,False,10823726080,2026-10-06T02:26:47.143659+00:00
ECL,Basic Materials,277.07,223.14,137.66,188.95,-0.4664,False,False,47.39,True,True,True,True,True,5,5,False,77670645760,2026-10-06T02:26:47.143659+00:00
GFS,Technology,48.56,19.64,53.18,33.06,-0.4689,False,False,92.12,False,True,True,True,True,4,5,False,27068250112,2026-10-06T02:26:47.143659+00:00
DY,Industrials,274.41,100.77,315.65,186.72,-0.4696,False,False,103.2,True,True,True,True,True,5,5,False,8276468224,2026-10-06T02:26:47.143659+00:00
VVV,Consumer Cyclical,30.34,,20.63,20.63,-0.4705,False,False,,True,True,True,False,True,4,5,False,3871384064,2026-10-06T02:26:47.143659+00:00
LNTH,Healthcare,100.19,,67.94,67.94,-0.4748,False,False,,True,True,True,True,True,5,5,False,6542394880,2026-10-06T02:26:47.143659+00:00
WDC,Technology,441.64,86.48,618.58,299.32,-0.4755,False,False,150.94,True,True,True,True,True,5,5,False,159229296640,2026-10-06T02:26:47.143659+00:00
FUL,Basic Materials,50.44,7.1,74.79,34.17,-0.4761,False,False,165.34,False,True,True,True,True,4,5,False,2715140864,2026-10-06T02:26:47.143659+00:00
PH,Industrials,975.68,659.46,662.16,660.54,-0.4771,False,False,0.41,True,True,True,True,True,5,5,False,123045363712,2026-10-06T02:26:47.143659+00:00
SSD,Basic Materials,172.77,82.07,169.22,116.93,-0.4775,False,False,69.36,True,True,True,True,True,5,5,False,7080923136,2026-10-06T02:26:47.143659+00:00
NIC,Financial Services,164.62,,111.37,111.37,-0.4782,False,False,,True,True,True,,True,4,4,False,3450025472,2026-10-06T02:26:47.143659+00:00
AXP,Financial Services,304.02,,205.52,205.52,-0.4792,False,False,,True,True,True,True,True,5,5,False,205307691008,2026-10-06T02:26:47.143659+00:00
TXRH,Consumer Cyclical,158.97,105.88,109.64,107.38,-0.4804,False,False,3.49,True,True,True,True,True,5,5,False,10434938880,2026-10-06T02:26:47.143659+00:00
FTRE,Healthcare,21.11,14.2,,14.2,-0.4869,False,False,,False,False,True,False,False,1,5,False,2007561088,2026-10-06T02:26:47.143659+00:00
HP,Energy,40.13,12.95,47.75,26.87,-0.4935,False,False,114.66,True,False,True,True,True,4,5,False,4010550016,2026-10-06T02:26:47.143659+00:00
RYN,Real Estate,18.01,,11.99,11.99,-0.5019,False,False,,False,True,True,True,True,4,5,False,5389484032,2026-10-06T02:26:47.143659+00:00
OKTA,Technology,218.29,206.29,53.36,145.12,-0.5042,False,False,117.79,True,True,True,True,False,4,5,False,38161657856,2026-10-06T02:26:47.143659+00:00
ITT,Industrials,206.2,143.4,127.02,136.85,-0.5068,False,False,12.11,True,True,True,True,True,5,5,False,18524971008,2026-10-06T02:26:47.143659+00:00
RYAN,Financial Services,37.98,,25.2,25.2,-0.5073,False,False,,True,True,True,False,True,4,5,False,9733095424,2026-10-06T02:26:47.143659+00:00
MLM,Basic Materials,485.5,356.42,270.14,321.91,-0.5082,False,False,27.54,False,True,True,True,True,4,5,False,34479910912,2026-10-06T02:26:47.143659+00:00
PJT,Financial Services,137.95,,91.29,91.29,-0.5111,False,False,,True,True,True,True,True,5,5,False,5876284416,2026-10-06T02:26:47.143659+00:00
BURL,Consumer Cyclical,271.81,,179.61,179.61,-0.5133,False,False,,True,True,True,False,True,4,5,False,17073798144,2026-10-06T02:26:47.143659+00:00
ALB,Basic Materials,104.37,73.75,61.77,68.96,-0.5135,False,False,17.68,False,False,True,True,True,3,5,False,12316187648,2026-10-06T02:26:47.143659+00:00
IRT,Real Estate,14.72,,9.71,9.71,-0.5158,False,False,,True,True,True,True,True,5,5,False,3557181184,2026-10-06T02:26:47.143659+00:00
CTRI,Utilities,20.72,,13.66,13.66,-0.5164,False,False,,True,True,False,True,True,4,5,False,2091954432,2026-10-06T02:26:47.143659+00:00
EXP,Basic Materials,169.82,35.82,225.38,111.65,-0.5211,False,False,145.14,True,True,True,True,True,5,5,False,5209283584,2026-10-06T02:26:47.143659+00:00
SEZL,Financial Services,110.85,,72.84,72.84,-0.5219,False,False,,True,True,True,True,True,5,5,False,3732875520,2026-10-06T02:26:47.143659+00:00
JAN,Real Estate,28.75,,18.87,18.87,-0.5235,False,False,,True,False,True,,True,3,4,False,8932129792,2026-10-06T02:26:47.143659+00:00
UNM,Financial Services,89.93,,58.94,58.94,-0.5259,False,False,,True,True,True,True,True,5,5,False,14236530688,2026-10-06T02:26:47.143659+00:00
CNR,Energy,91.01,,59.59,59.59,-0.5273,False,False,,True,False,True,True,True,4,5,False,4517395968,2026-10-06T02:26:47.143659+00:00
MCK,Healthcare,915.45,,599.36,599.36,-0.5274,False,False,,True,True,True,,True,4,4,False,106732650496,2026-10-06T02:26:47.143659+00:00
TEAM,Technology,196.65,185.09,44.02,128.66,-0.5284,False,False,123.15,True,False,True,True,True,4,5,False,49779744768,2026-10-06T02:26:47.143659+00:00
AKR,Real Estate,18.41,,12.01,12.01,-0.5333,False,False,,True,True,,True,True,4,4,False,2684050688,2026-10-06T02:26:47.143659+00:00
ATMU,Consumer Cyclical,46.18,22.04,42.21,30.11,-0.5337,False,False,62.77,True,True,True,False,True,4,5,False,3768081408,2026-10-06T02:26:47.143659+00:00
SEIC,Financial Services,103.26,,67.24,67.24,-0.5357,False,False,,True,True,True,True,True,5,5,False,12393181184,2026-10-06T02:26:47.143659+00:00
FBNC,Financial Services,61.79,,40.16,40.16,-0.5387,False,False,,False,True,True,,True,3,4,False,2558033408,2026-10-06T02:26:47.143659+00:00
DXCM,Healthcare,86.9,65.81,42.43,56.46,-0.5392,False,False,43.21,True,True,True,True,True,5,5,False,32792651776,2026-10-06T02:26:47.143659+00:00
BELFB,Technology,257.63,154.39,186.55,167.25,-0.5403,False,False,18.87,True,True,True,True,True,5,5,False,3664196096,2026-10-06T02:26:47.143659+00:00
AVNT,Basic Materials,41.6,15.89,43.3,26.85,-0.5492,False,False,92.63,False,True,True,True,True,4,5,False,3815533312,2026-10-06T02:26:47.143659+00:00
ESS,Real Estate,271.93,,175.37,175.37,-0.5506,False,False,,True,True,True,True,True,5,5,False,18743099392,2026-10-06T02:26:47.143659+00:00
HALO,Healthcare,108.31,79.05,55.85,69.77,-0.5524,False,False,34.4,True,True,True,False,False,3,5,False,12292968448,2026-10-06T02:26:47.143659+00:00
MIR,Industrials,14.92,12.15,5.8,9.61,-0.5532,False,False,70.78,True,True,True,True,True,5,5,False,3715716096,2026-10-06T02:26:47.143659+00:00
KWR,Basic Materials,161.05,92.77,119.86,103.61,-0.5544,False,False,25.48,False,False,True,True,True,3,5,False,2771300352,2026-10-06T02:26:47.143659+00:00
CL,Consumer Defensive,86.19,,55.44,55.44,-0.5548,False,False,,True,True,True,False,True,4,5,False,68708327424,2026-10-06T02:26:47.143659+00:00
SARO,Industrials,21.04,5.26,25.88,13.51,-0.5576,False,False,132.45,True,True,True,True,True,5,5,False,6962545152,2026-10-06T02:26:47.143659+00:00
ASH,Basic Materials,68.78,,44.13,44.13,-0.5584,False,False,,False,False,False,True,True,2,5,False,3149667840,2026-10-06T02:26:47.143659+00:00
SPHR,Communication Services,110.8,69.38,73.61,71.07,-0.559,False,False,5.91,True,True,True,True,True,5,5,False,3979227904,2026-10-06T02:26:47.143659+00:00
NCNO,Technology,19.28,12.75,11.78,12.36,-0.5595,False,False,7.93,True,True,True,True,True,5,5,False,2038593536,2026-10-06T02:26:47.143659+00:00
MC,Financial Services,56.05,,35.79,35.79,-0.566,False,False,,True,True,True,True,True,5,5,False,4152234240,2026-10-06T02:26:47.143659+00:00
CLBK,Financial Services,11.33,,7.23,7.23,-0.5664,False,False,,False,True,True,,True,3,4,False,3053946112,2026-10-06T02:26:47.143659+00:00
WY,Real Estate,18.49,,11.8,11.8,-0.5667,False,False,,False,True,False,True,True,3,5,False,13326408704,2026-10-06T02:26:47.143659+00:00
EGP,Real Estate,195.84,,124.64,124.64,-0.5713,False,False,,True,True,True,True,True,5,5,False,10530965504,2026-10-06T02:26:47.143659+00:00
AMG,Financial Services,380.7,,242.07,242.07,-0.5727,False,False,,False,True,True,True,True,4,5,False,9844876288,2026-10-06T02:26:47.143659+00:00
EXPD,Industrials,194.12,97.43,161.78,123.17,-0.5761,False,False,49.65,False,True,True,True,False,3,5,False,25233778688,2026-10-06T02:26:47.143659+00:00
CAKE,Consumer Cyclical,109.03,79.11,54.06,69.09,-0.578,False,False,37.62,True,True,True,False,False,3,5,False,5425401856,2026-10-06T02:26:47.143659+00:00
MRSH,Financial Services,170.43,,107.45,107.45,-0.5862,False,False,,True,True,True,True,True,5,5,False,81331109888,2026-10-06T02:26:47.143659+00:00
PM,Consumer Defensive,189.53,,119.44,119.44,-0.5868,False,False,,True,True,True,,True,4,4,False,295403978752,2026-10-06T02:26:47.143659+00:00
DNOW,Industrials,15.9,11.05,8.46,10.01,-0.588,False,False,26.47,True,False,True,True,True,4,5,False,2874495488,2026-10-06T02:26:47.143659+00:00
ABT,Healthcare,100.1,73.38,47.48,63.02,-0.5883,False,False,42.86,True,True,True,True,True,5,5,False,174355496960,2026-10-06T02:26:47.143659+00:00
ATEN,Technology,28.19,16.61,19.23,17.66,-0.5964,False,False,14.58,True,True,True,True,True,5,5,False,2046848384,2026-10-06T02:26:47.143659+00:00
PKG,Consumer Cyclical,229.31,124.6,172.14,143.61,-0.5967,False,False,32.05,True,True,True,True,True,5,5,False,20431130624,2026-10-06T02:26:47.143659+00:00
UNP,Industrials,277.06,94.55,291.82,173.46,-0.5973,False,False,102.11,False,True,True,True,True,4,5,False,164594565120,2026-10-06T02:26:47.143659+00:00
SOLS,Basic Materials,58.06,,36.31,36.31,-0.5992,False,False,,True,True,True,True,True,5,5,False,9222678528,2026-10-06T02:26:47.143659+00:00
CBOE,Financial Services,277.47,,172.54,172.54,-0.6082,False,False,,True,True,True,True,True,5,5,False,28976474112,2026-10-06T02:26:47.143659+00:00
MET,Financial Services,96.88,,60.13,60.13,-0.6113,False,False,,True,True,,True,True,4,4,False,61565001728,2026-10-06T02:26:47.143659+00:00
TOST,Technology,30.04,14.87,23.98,18.51,-0.6225,False,False,46.86,True,True,True,,True,4,4,False,17363120128,2026-10-06T02:26:47.143659+00:00
FTI,Energy,70.25,,42.98,42.98,-0.6343,False,False,,True,True,,True,True,4,4,False,27549548544,2026-10-06T02:26:47.143659+00:00
SPOT,Communication Services,483.05,313.59,267.19,295.03,-0.6373,False,False,15.98,True,True,True,True,True,5,5,False,99324772352,2026-10-06T02:26:47.143659+00:00
GWRE,Technology,163.23,134.25,47.04,99.37,-0.6427,False,False,96.21,True,True,True,True,True,5,5,False,13383663616,2026-10-06T02:26:47.143659+00:00
XPO,Industrials,182.86,,110.93,110.93,-0.6484,False,False,,True,True,True,False,True,4,5,False,21410430976,2026-10-06T02:26:47.143659+00:00
STGW,Communication Services,8.53,6.1,3.78,5.17,-0.6494,False,False,47.04,True,True,True,False,True,4,5,False,2085375616,2026-10-06T02:26:47.143659+00:00
GRC,Industrials,77.55,36.61,62.37,46.91,-0.6531,False,False,52.05,True,True,True,True,True,5,5,False,2048114560,2026-10-06T02:26:47.143659+00:00
CTAS,Industrials,195.4,117.61,119.07,118.19,-0.6532,False,False,1.23,True,True,True,True,True,5,5,False,78065614848,2026-10-06T02:26:47.143659+00:00
KO,Consumer Defensive,86.51,,52.13,52.13,-0.6596,False,False,,True,True,True,True,True,5,5,False,372213514240,2026-10-06T02:26:47.143659+00:00
MIAX,Financial Services,34.32,,20.68,20.68,-0.6598,False,False,,True,False,True,True,True,4,5,False,3405604352,2026-10-06T02:26:47.143659+00:00
NU,Financial Services,15.18,,9.1,9.1,-0.6674,False,False,,True,True,True,,True,4,4,False,73329860608,2026-10-06T02:26:47.143659+00:00
AMGN,Healthcare,402.98,,241.58,241.58,-0.6681,False,False,,True,True,True,False,False,3,5,False,217863897088,2026-10-06T02:26:47.143659+00:00
KMI,Energy,31.41,,18.83,18.83,-0.6685,False,False,,False,True,True,True,True,4,5,False,69881782272,2026-10-06T02:26:47.143659+00:00
FLYW,Technology,18.17,11.29,10.27,10.88,-0.6695,False,False,9.42,True,True,True,True,True,5,5,False,2210701568,2026-10-06T02:26:47.143659+00:00
APH,Technology,87.27,42.74,65.69,51.92,-0.6808,False,False,42.33,True,True,True,True,True,5,5,False,215204921344,2026-10-06T02:26:47.143659+00:00
SBCF,Financial Services,32.49,,19.33,19.33,-0.6808,False,False,,True,True,True,,True,4,4,False,3145779456,2026-10-06T02:26:47.143659+00:00
FLEX,Technology,116.76,54.62,90.63,69.03,-0.6915,False,False,49.58,False,True,True,True,True,4,5,False,43131490304,2026-10-06T02:26:47.143659+00:00
HXL,Industrials,85.9,46.88,56.2,50.61,-0.6973,False,False,18.07,True,True,True,True,True,5,5,False,6496054784,2026-10-06T02:26:47.143659+00:00
HL,Basic Materials,17.01,6.16,15.81,10.02,-0.6974,False,False,87.84,True,True,True,True,True,5,5,False,11408818176,2026-10-06T02:26:47.143659+00:00
WWD,Industrials,332.96,188.14,207.71,195.97,-0.699,False,False,9.89,True,True,True,True,True,5,5,False,19659894784,2026-10-06T02:26:47.143659+00:00
LSTR,Industrials,171.22,97.84,104.96,100.69,-0.7005,False,False,7.03,False,True,True,True,True,4,5,False,5810680320,2026-10-06T02:26:47.143659+00:00
MAC,Real Estate,22.87,,13.44,13.44,-0.7017,False,False,,,False,,True,True,2,3,False,6747344896,2026-10-06T02:26:47.143659+00:00
HLI,Financial Services,126.9,,74.33,74.33,-0.7073,False,False,,True,True,True,True,True,5,5,False,8868596736,2026-10-06T02:26:47.143659+00:00
SCCO,Basic Materials,205.29,113.47,129.75,119.98,-0.711,False,False,13.38,True,True,True,True,False,4,5,False,173335314432,2026-10-06T02:26:47.143659+00:00
SUI,Real Estate,111.84,,65.29,65.29,-0.7129,False,False,,False,True,,True,True,3,4,False,14299952128,2026-10-06T02:26:47.143659+00:00
LH,Healthcare,308.65,179.44,178.9,179.23,-0.7221,False,False,0.3,True,True,True,True,True,5,5,False,25031514112,2026-10-06T02:26:47.143659+00:00
ADMA,Healthcare,10.11,2.2,11.37,5.87,-0.7223,False,False,135.12,True,True,True,True,True,5,5,False,2264484864,2026-10-06T02:26:47.143659+00:00
EW,Healthcare,87.23,62.58,32.72,50.64,-0.7227,False,False,62.66,True,True,True,True,True,5,5,False,50227036160,2026-10-06T02:26:47.143659+00:00
COO,Healthcare,56.77,26.58,42.32,32.88,-0.7267,False,False,45.7,True,True,True,True,True,5,5,False,10795116544,2026-10-06T02:26:47.143659+00:00
COST,Consumer Defensive,923.52,623.03,400.83,534.15,-0.729,False,False,43.41,True,True,True,True,True,5,5,False,409365020672,2026-10-06T02:26:47.143659+00:00
CC,Basic Materials,13.89,,8.03,8.03,-0.7292,False,False,,False,False,True,,True,2,4,False,2090431104,2026-10-06T02:26:47.143659+00:00
RAL,Technology,73.96,38.79,48.73,42.77,-0.7294,False,False,22.74,False,False,True,True,True,3,5,False,8182935040,2026-10-06T02:26:47.143659+00:00
DXPE,Industrials,195.8,81.53,159.61,112.76,-0.7364,False,False,64.76,True,True,True,True,,4,4,False,3038257664,2026-10-06T02:26:47.143659+00:00
LIF,Technology,42.57,16.99,35.78,24.51,-0.737,False,False,71.21,True,True,True,True,True,5,5,False,3468619264,2026-10-06T02:26:47.143659+00:00
RBLX,Communication Services,44.58,25.47,,25.47,-0.75,False,False,,True,False,True,False,True,3,5,False,31846881280,2026-10-06T02:26:47.143659+00:00
EL,Consumer Defensive,93.3,58.01,46.25,53.31,-0.7502,False,False,22.55,False,True,True,False,True,3,5,False,33804716032,2026-10-06T02:26:47.143659+00:00
CSCO,Technology,112.82,41.65,98.65,64.45,-0.7506,False,False,81.26,True,True,True,True,True,5,5,False,444802662400,2026-10-06T02:26:47.143659+00:00
Q,Technology,131.53,56.75,102.61,75.09,-0.7516,False,False,57.56,False,True,True,True,True,4,5,False,27534385152,2026-10-06T02:26:47.143659+00:00
TTMI,Technology,133.14,,75.94,75.94,-0.7532,False,False,,True,True,False,True,True,4,5,False,14026147840,2026-10-06T02:26:47.143659+00:00
AAON,Industrials,84.35,,48.01,48.01,-0.7571,False,False,,True,True,False,True,True,4,5,False,6954964480,2026-10-06T02:26:47.143659+00:00
VRTX,Healthcare,503.5,,286.04,286.04,-0.7602,False,False,,True,True,True,True,True,5,5,False,127536553984,2026-10-06T02:26:47.143659+00:00
PODD,Healthcare,135.62,70.05,87.22,76.92,-0.7631,False,False,21.83,True,True,True,True,True,5,5,False,9405815808,2026-10-06T02:26:47.143659+00:00
BLK,Financial Services,1066.45,,601.76,601.76,-0.7722,False,False,,True,True,True,True,True,5,5,False,173272727552,2026-10-06T02:26:47.143659+00:00
WDFC,Basic Materials,205.86,,116.07,116.07,-0.7736,False,False,,True,True,True,True,True,5,5,False,2762866944,2026-10-06T02:26:47.143659+00:00
IMAX,Communication Services,52.58,36.64,19.12,29.63,-0.7744,False,False,62.84,True,True,True,True,True,5,5,False,2883598336,2026-10-06T02:26:47.143659+00:00
ROAD,Industrials,90.5,26.18,88.01,50.91,-0.7777,False,False,108.3,True,True,True,True,True,5,5,False,5136377856,2026-10-06T02:26:47.143659+00:00
RH,Consumer Cyclical,117.45,62.51,70.92,65.87,-0.7829,False,False,12.61,False,True,True,False,True,3,5,False,2223699712,2026-10-06T02:26:47.143659+00:00
MSFT,Technology,525.18,128.23,544.06,294.56,-0.7829,False,False,123.71,True,True,True,True,True,5,5,False,3899747991552,2026-10-06T02:26:47.143659+00:00
WING,Consumer Cyclical,106.84,56.46,64.84,59.81,-0.7862,False,False,13.83,True,True,True,,True,4,4,False,2910593536,2026-10-06T02:26:47.143659+00:00
DCO,Industrials,172.85,,96.67,96.67,-0.788,False,False,,True,False,False,True,True,3,5,False,2609996800,2026-10-06T02:26:47.143659+00:00
ROK,Industrials,455.18,250.59,260.09,254.39,-0.7893,False,False,3.72,True,True,True,True,True,5,5,False,50547134464,2026-10-06T02:26:47.143659+00:00
VSH,Technology,37.1,,20.72,20.72,-0.7904,False,False,,False,False,False,True,True,2,5,False,5690366976,2026-10-06T02:26:47.143659+00:00
SNEX,Financial Services,67.43,,37.66,37.66,-0.7904,False,False,,True,True,True,False,,3,4,False,8133186560,2026-10-06T02:26:47.143659+00:00
KDP,Consumer Defensive,30.89,,17.24,17.24,-0.7914,False,False,,True,True,True,True,True,5,5,False,42035912704,2026-10-06T02:26:47.143659+00:00
CNS,Financial Services,73.02,,40.68,40.68,-0.7951,False,False,,True,True,False,True,True,4,5,False,3754800128,2026-10-06T02:26:47.143659+00:00
LFUS,Technology,451.42,180.75,356.99,251.24,-0.7967,False,False,65.55,False,False,True,True,True,3,5,False,11465502720,2026-10-06T02:26:47.143659+00:00
ENPH,Technology,33.45,9.84,31.72,18.59,-0.799,False,False,105.26,False,True,True,True,True,4,5,False,4408650752,2026-10-06T02:26:47.143659+00:00
BOOT,Consumer Cyclical,122.88,25.57,131.95,68.12,-0.8038,False,False,135.07,True,True,True,True,True,5,5,False,3721401600,2026-10-06T02:26:47.143659+00:00
ICE,Financial Services,152.15,,84.34,84.34,-0.804,False,False,,True,True,True,True,True,5,5,False,85416165376,2026-10-06T02:26:47.143659+00:00
JNJ,Healthcare,252.93,,140.17,140.17,-0.8045,False,False,,True,True,True,True,True,5,5,False,609535590400,2026-10-06T02:26:47.143659+00:00
RMBS,Technology,110.3,56.04,68.21,60.91,-0.8109,False,False,19.59,True,True,True,True,True,5,5,False,11927507968,2026-10-06T02:26:47.143659+00:00
SPGI,Financial Services,390.92,,215.47,215.47,-0.8143,False,False,,True,True,True,True,True,5,5,False,115243220992,2026-10-06T02:26:47.143659+00:00
PENG,Technology,60.71,20.37,52.89,33.38,-0.819,False,False,88.78,False,True,True,True,True,4,5,False,3110944256,2026-10-06T02:26:47.143659+00:00
KNTK,Energy,53.08,,29.13,29.13,-0.8221,False,False,,True,True,True,True,True,5,5,False,8981129216,2026-10-06T02:26:47.143659+00:00
SHOO,Consumer Cyclical,45.68,16.9,37.24,25.04,-0.8246,False,False,75.13,True,True,True,True,True,5,5,False,3342729728,2026-10-06T02:26:47.143659+00:00
BCRX,Healthcare,8.1,,4.41,4.41,-0.8358,False,False,,True,True,True,,True,4,4,False,2069834496,2026-10-06T02:26:47.143659+00:00
ORA,Utilities,91.29,,49.68,49.68,-0.8375,False,False,,True,True,False,True,True,4,5,False,5614055936,2026-10-06T02:26:47.143659+00:00
KGS,Energy,53.56,33.58,22.5,29.15,-0.8376,False,False,39.53,True,True,True,True,True,5,5,False,5415132160,2026-10-06T02:26:47.143659+00:00
GTLB,Technology,51.5,27.82,,27.82,-0.8509,False,False,,True,False,True,,True,3,4,False,8580673024,2026-10-06T02:26:47.143659+00:00
PAG,Consumer Cyclical,200.59,62.87,176.45,108.31,-0.8521,False,False,94.92,True,True,True,True,True,5,5,False,13171315712,2026-10-06T02:26:47.143659+00:00
INIO,Industrials,18.98,14.94,3.18,10.23,-0.8548,False,False,129.86,True,True,True,False,True,4,5,False,14234999808,2026-10-06T02:26:47.143659+00:00
ON,Technology,85.93,29.37,71.11,46.06,-0.8654,False,False,83.08,False,True,True,True,True,4,5,False,33454149632,2026-10-06T02:26:47.143659+00:00
PLXS,Technology,273.18,97.5,219.64,146.35,-0.8666,False,False,77.03,True,True,True,True,True,5,5,False,7280820736,2026-10-06T02:26:47.143659+00:00
FCFS,Financial Services,211.33,,112.95,112.95,-0.871,False,False,,True,True,True,True,True,5,5,False,9165762560,2026-10-06T02:26:47.143659+00:00
LXP,Real Estate,60.92,,32.47,32.47,-0.8763,False,False,,True,True,True,True,False,4,5,False,3591676416,2026-10-06T02:26:47.143659+00:00
NVDA,Technology,238.9,67.75,216.21,127.13,-0.8792,False,False,104.57,True,True,True,True,True,5,5,False,5768717795328,2026-10-06T02:26:47.143659+00:00
CSW,Industrials,301.99,137.4,192.97,159.63,-0.8918,False,False,33.64,True,True,True,True,True,5,5,False,4920470016,2026-10-06T02:26:47.143659+00:00
DTM,Energy,122.12,69.54,56.99,64.52,-0.8927,False,False,19.85,True,True,True,True,True,5,5,False,12458107904,2026-10-06T02:26:47.143659+00:00
AVPT,Technology,14.66,6.92,8.94,7.73,-0.8964,False,False,25.39,True,True,True,True,True,5,5,False,3101549056,2026-10-06T02:26:47.143659+00:00
CVI,Energy,56.94,,29.99,29.99,-0.8984,False,False,,False,True,False,False,False,1,5,False,5724212224,2026-10-06T02:26:47.143659+00:00
CR,Industrials,209.61,76.82,159.73,109.98,-0.9058,False,False,70.1,True,True,True,True,True,5,5,False,12115532800,2026-10-06T02:26:47.143659+00:00
GWW,Industrials,1286.84,472.99,976.14,674.25,-0.9085,False,False,69.44,True,True,True,True,True,5,5,False,60755730432,2026-10-06T02:26:47.143659+00:00
ZS,Technology,201.8,166.48,14.16,105.55,-0.9119,False,False,168.65,True,False,True,True,True,4,5,False,32904439808,2026-10-06T02:26:47.143659+00:00
SXT,Basic Materials,129.22,,67.51,67.51,-0.9141,False,False,,True,True,True,True,True,5,5,False,5500761088,2026-10-06T02:26:47.143659+00:00
PSX,Energy,269.72,87.78,220.33,140.8,-0.9156,False,False,86.04,False,True,True,True,False,3,5,False,107623923712,2026-10-06T02:26:47.143659+00:00
PFE,Healthcare,27.41,,14.23,14.23,-0.9257,False,False,,False,True,True,True,True,4,5,False,156228059136,2026-10-06T02:26:47.143659+00:00
STRL,Industrials,523.33,218.64,350.64,271.44,-0.928,False,False,46.37,True,True,True,True,True,5,5,False,16007889920,2026-10-06T02:26:47.143659+00:00
KN,Technology,39.4,15.49,27.67,20.36,-0.935,False,False,56.42,True,True,True,True,True,5,5,False,3365167104,2026-10-06T02:26:47.143659+00:00
SPXC,Industrials,176.8,55.96,143.95,91.16,-0.9395,False,False,88.02,True,True,True,True,True,5,5,False,8855180288,2026-10-06T02:26:47.143659+00:00
UCTT,Technology,74.02,,38.12,38.12,-0.9418,False,False,,False,False,True,True,True,3,5,False,3318194432,2026-10-06T02:26:47.143659+00:00
ETN,Industrials,432.6,221.78,224.16,222.73,-0.9422,False,False,1.07,True,True,True,True,True,5,5,False,167978582016,2026-10-06T02:26:47.143659+00:00
LOAR,Industrials,62.35,39.39,20.8,31.96,-0.9511,False,False,61.76,True,True,True,True,True,5,5,False,5841476096,2026-10-06T02:26:47.143659+00:00
TRMB,Technology,58.81,13.41,55.14,30.1,-0.9539,False,False,121.76,False,True,True,True,True,4,5,False,13713306624,2026-10-06T02:26:47.143659+00:00
BHE,Technology,86.11,32.86,60.8,44.04,-0.9555,False,False,59.67,False,True,True,True,False,3,5,False,3093065472,2026-10-06T02:26:47.143659+00:00
FAST,Industrials,50.69,24.76,27.47,25.84,-0.9614,False,False,10.39,True,True,True,True,False,4,5,False,58166652928,2026-10-06T02:26:47.143659+00:00
SBRA,Real Estate,19.07,,9.71,9.71,-0.9634,False,False,,True,True,,True,True,4,4,False,4871674368,2026-10-06T02:26:47.143659+00:00
HRI,Industrials,135.51,,68.95,68.95,-0.9655,False,False,,True,True,False,False,True,3,5,False,4530294784,2026-10-06T02:26:47.143659+00:00
IPGP,Technology,83.6,,42.02,42.02,-0.9897,False,False,,False,True,False,True,True,3,5,False,3548286208,2026-10-06T02:26:47.143659+00:00
ONON,Consumer Cyclical,31.88,10.73,23.85,15.98,-0.9953,False,False,75.88,True,True,True,True,True,5,5,False,10654764032,2026-10-06T02:26:47.143659+00:00
CME,Financial Services,270.03,,135.06,135.06,-0.9994,False,False,,True,True,True,True,True,5,5,False,97097187328,2026-10-06T02:26:47.143659+00:00
BX,Financial Services,111.65,,55.75,55.75,-1.0028,False,False,,True,True,True,True,True,5,5,False,133455003648,2026-10-06T02:26:47.143659+00:00
MTH,Consumer Cyclical,62.28,3.61,72.15,31.03,-1.0073,False,False,180.93,False,True,True,True,True,4,5,False,4059042304,2026-10-06T02:26:47.143659+00:00
HQY,Healthcare,91.55,,45.46,45.46,-1.0137,False,False,,True,True,True,True,True,5,5,False,7572585472,2026-10-06T02:26:47.143659+00:00
UI,Technology,609.29,193.26,462.25,300.86,-1.0252,False,False,82.07,True,True,True,True,,4,4,False,36879335424,2026-10-06T02:26:47.143659+00:00
TMDX,Healthcare,82.99,32.22,53.79,40.85,-1.0317,False,False,50.15,True,True,True,True,True,5,5,False,2868209920,2026-10-06T02:26:47.143659+00:00
ALH,Consumer Cyclical,21.31,7.0,15.66,10.47,-1.0362,False,False,76.43,,True,True,False,True,3,4,False,4236195328,2026-10-06T02:26:47.143659+00:00
SDRL,Energy,45.79,,22.44,22.44,-1.0402,False,False,,True,False,False,True,True,3,5,False,2863772672,2026-10-06T02:26:47.143659+00:00
IVT,Real Estate,29.76,,14.54,14.54,-1.0462,False,False,,True,True,True,True,True,5,5,False,2320638208,2026-10-06T02:26:47.143659+00:00
TRGP,Energy,287.4,,140.32,140.32,-1.0481,False,False,,False,True,True,False,True,3,5,False,61627473920,2026-10-06T02:26:47.143659+00:00
TW,Financial Services,107.11,,52.13,52.13,-1.0547,False,False,,True,True,True,True,True,5,5,False,23352766464,2026-10-06T02:26:47.143659+00:00
DIOD,Technology,103.53,31.98,77.52,50.2,-1.0624,False,False,83.17,False,True,True,True,,3,4,False,4767732736,2026-10-06T02:26:47.143659+00:00
CHH,Consumer Cyclical,99.58,13.68,99.97,48.19,-1.0663,False,False,151.86,True,True,True,False,True,4,5,False,4481958912,2026-10-06T02:26:47.143659+00:00
ODFL,Industrials,179.37,57.49,130.56,86.72,-1.0684,False,False,77.71,False,True,True,True,True,4,5,False,37193555968,2026-10-06T02:26:47.143659+00:00
FLUT,Consumer Cyclical,75.73,,36.6,36.6,-1.0691,False,False,,True,False,True,True,True,4,5,False,13142117376,2026-10-06T02:26:47.143659+00:00
IDXX,Healthcare,527.07,271.01,228.95,254.19,-1.0735,False,False,16.82,True,True,True,True,True,5,5,False,41576861696,2026-10-06T02:26:47.143659+00:00
BAM,Financial Services,44.73,,21.56,21.56,-1.0745,False,False,,,True,True,True,True,4,4,False,71445061632,2026-10-06T02:26:47.143659+00:00
KRYS,Healthcare,334.85,177.36,136.8,161.14,-1.078,False,False,25.82,,True,True,True,True,4,4,False,9911170048,2026-10-06T02:26:47.143659+00:00
MGNI,Communication Services,24.96,8.72,16.93,12.0,-1.0796,False,False,64.01,True,True,True,True,True,5,5,False,3579866880,2026-10-06T02:26:47.143659+00:00
PRLB,Industrials,98.68,51.34,41.27,47.31,-1.0856,False,False,21.74,True,True,True,True,False,4,5,False,2360612608,2026-10-06T02:26:47.143659+00:00
RBC,Industrials,512.58,236.62,258.41,245.34,-1.0893,False,False,8.8,True,True,True,True,True,5,5,False,16227896320,2026-10-06T02:26:47.143659+00:00
APPN,Technology,38.21,22.05,12.62,18.28,-1.0901,False,False,54.39,True,True,True,,False,3,4,False,2736890624,2026-10-06T02:26:47.143659+00:00
SN,Consumer Cyclical,182.69,86.81,87.8,87.21,-1.0949,False,False,1.13,True,True,True,True,True,5,5,False,25735823360,2026-10-06T02:26:47.143659+00:00
NSC,Industrials,316.23,53.54,296.14,150.58,-1.1001,False,False,138.76,False,True,True,True,True,4,5,False,71027908608,2026-10-06T02:26:47.143659+00:00
ECG,Industrials,126.17,23.5,114.59,59.93,-1.1052,False,False,131.93,True,True,True,True,True,5,5,False,6442723840,2026-10-06T02:26:47.143659+00:00
POWL,Industrials,197.84,73.89,124.05,93.96,-1.1057,False,False,50.68,True,True,True,True,True,5,5,False,7207636992,2026-10-06T02:26:47.143659+00:00
VSEC,Industrials,168.13,,79.74,79.74,-1.1085,False,False,,True,True,True,True,True,5,5,False,4718563840,2026-10-06T02:26:47.143659+00:00
FIGS,Consumer Cyclical,13.63,6.41,6.53,6.46,-1.1114,False,False,1.93,True,True,True,True,True,5,5,False,2264491520,2026-10-06T02:26:47.143659+00:00
RS,Basic Materials,408.24,109.55,319.0,193.33,-1.1116,False,False,97.75,False,True,True,True,True,4,5,False,20841875456,2026-10-06T02:26:47.143659+00:00
HNGE,Healthcare,98.35,45.77,47.74,46.56,-1.1125,False,False,4.22,True,False,True,True,True,4,5,False,7936295936,2026-10-06T02:26:47.143659+00:00
FIG,Technology,22.01,10.4,,10.4,-1.1161,False,False,,True,False,True,True,True,4,5,False,11731547136,2026-10-06T02:26:47.143659+00:00
LPLA,Financial Services,331.98,,156.76,156.76,-1.1177,False,False,,True,True,False,True,True,4,5,False,26140866560,2026-10-06T02:26:47.143659+00:00
PTRN,Consumer Cyclical,17.41,9.57,6.15,8.2,-1.1222,False,False,43.61,True,True,True,True,True,5,5,False,3088518144,2026-10-06T02:26:47.143659+00:00
VSXY,Consumer Cyclical,89.41,18.95,76.77,42.08,-1.1248,False,False,120.8,True,True,True,False,True,4,5,False,7131703296,2026-10-06T02:26:47.143659+00:00
KLIC,Technology,98.73,26.67,75.0,46.0,-1.1462,False,False,95.08,False,True,True,True,True,4,5,False,5166453760,2026-10-06T02:26:47.143659+00:00
EMR,Industrials,162.33,41.88,125.79,75.44,-1.1517,False,False,100.09,True,True,True,True,True,5,5,False,90921025536,2026-10-06T02:26:47.143659+00:00
MMM,Industrials,163.19,23.03,155.05,75.84,-1.1518,False,False,148.26,False,True,True,False,True,3,5,False,84160741376,2026-10-06T02:26:47.143659+00:00
GOLF,Consumer Cyclical,83.39,24.4,60.19,38.72,-1.1538,False,False,84.62,True,True,True,True,True,5,5,False,4870396416,2026-10-06T02:26:47.143659+00:00
ELF,Consumer Defensive,103.75,64.25,24.03,48.17,-1.154,False,False,91.11,True,True,True,True,True,5,5,False,6122079744,2026-10-06T02:26:47.143659+00:00
GE,Industrials,306.34,112.52,186.16,141.98,-1.1577,False,False,49.31,True,True,True,True,True,5,5,False,317846880256,2026-10-06T02:26:47.143659+00:00
ORLY,Consumer Cyclical,83.9,30.31,51.46,38.77,-1.1638,False,False,51.72,True,True,True,,True,4,4,False,67871809536,2026-10-06T02:26:47.143659+00:00
CHYM,Technology,28.29,3.87,26.84,13.06,-1.1657,False,False,149.54,True,False,True,True,True,4,5,False,10710173696,2026-10-06T02:26:47.143659+00:00
DE,Industrials,682.2,287.48,356.11,314.93,-1.1662,False,False,21.33,False,True,True,False,True,3,5,False,183938449408,2026-10-06T02:26:47.143659+00:00
KNX,Industrials,65.24,23.33,40.11,30.04,-1.1717,False,False,52.91,True,True,True,True,True,5,5,False,10618201088,2026-10-06T02:26:47.143659+00:00
NDAQ,Financial Services,92.19,,42.37,42.37,-1.1758,False,False,,True,True,True,True,True,5,5,False,51532124160,2026-10-06T02:26:47.143659+00:00
AAPL,Technology,332.89,84.47,255.65,152.94,-1.1766,False,False,100.66,True,True,True,True,False,4,5,False,4858257080320,2026-10-06T02:26:47.143659+00:00
WMT,Consumer Defensive,105.07,44.33,54.02,48.2,-1.1798,False,False,19.71,True,True,True,True,True,5,5,False,833598717952,2026-10-06T02:26:47.143659+00:00
RDDT,Communication Services,150.42,59.75,82.69,68.93,-1.1823,False,False,32.21,True,True,True,True,True,5,5,False,28940283904,2026-10-06T02:26:47.143659+00:00
EBAY,Consumer Cyclical,107.14,30.05,77.54,49.05,-1.1844,False,False,88.28,True,True,True,True,True,5,5,False,47677300736,2026-10-06T02:26:47.143659+00:00
JMKE,Consumer Cyclical,16.09,,7.36,7.36,-1.186,False,False,,True,False,False,True,True,3,5,False,3746301952,2026-10-06T02:26:47.143659+00:00
AMR,Basic Materials,173.6,46.13,129.21,79.36,-1.1875,False,False,94.77,False,False,True,True,True,3,5,False,2201082368,2026-10-06T02:26:47.143659+00:00
IRM,Real Estate,112.33,,51.17,51.17,-1.1954,False,False,,True,True,False,,True,3,4,False,33440958464,2026-10-06T02:26:47.143659+00:00
VCYT,Healthcare,47.67,19.7,24.72,21.71,-1.196,False,False,22.6,True,True,True,True,True,5,5,False,3832225792,2026-10-06T02:26:47.143659+00:00
CRL,Healthcare,310.77,231.05,6.65,141.29,-1.1995,False,False,188.8,True,False,True,True,False,3,5,False,14835808256,2026-10-06T02:26:47.143659+00:00
TFX,Healthcare,125.24,56.63,,56.63,-1.2116,False,False,,False,False,True,True,True,3,5,False,5306718720,2026-10-06T02:26:47.143659+00:00
H,Consumer Cyclical,156.77,,70.21,70.21,-1.233,False,False,,True,False,True,True,True,4,5,False,14773493760,2026-10-06T02:26:47.143659+00:00
AGYS,Technology,99.5,,44.33,44.33,-1.2443,False,False,,True,True,True,True,True,5,5,False,2806476032,2026-10-06T02:26:47.143659+00:00
ALNY,Healthcare,219.89,,97.71,97.71,-1.2505,False,False,,True,True,True,False,True,4,5,False,29423288320,2026-10-06T02:26:47.143659+00:00
WTTR,Energy,20.06,,8.91,8.91,-1.2524,False,False,,True,True,False,True,True,4,5,False,2863239168,2026-10-06T02:26:47.143659+00:00
CRVL,Financial Services,76.0,,33.73,33.73,-1.253,False,False,,True,True,True,True,,4,4,False,3839259392,2026-10-06T02:26:47.143659+00:00
KEYS,Technology,384.17,137.88,218.58,170.16,-1.2577,False,False,45.28,False,True,True,True,True,4,5,False,65402929152,2026-10-06T02:26:47.143659+00:00
FIX,Industrials,1713.07,621.78,964.15,758.73,-1.2578,False,False,43.18,True,True,True,True,True,5,5,False,60290347008,2026-10-06T02:26:47.143659+00:00
APD,Basic Materials,279.45,,123.12,123.12,-1.2697,False,False,,False,False,False,True,True,2,5,False,62229475328,2026-10-06T02:26:47.143659+00:00
HUM,Healthcare,404.07,136.53,239.75,177.82,-1.2723,False,False,54.86,True,True,True,True,True,5,5,False,48520847360,2026-10-06T02:26:47.143659+00:00
FTNT,Technology,184.13,78.46,84.02,80.68,-1.2821,False,False,6.85,True,True,True,True,False,4,5,False,135098703872,2026-10-06T02:26:47.143659+00:00
AVGO,Technology,362.51,110.43,231.43,158.83,-1.2824,False,False,70.79,True,True,True,True,True,5,5,False,1730488696832,2026-10-06T02:26:47.143659+00:00
KKR,Financial Services,89.96,,39.03,39.03,-1.3046,False,False,,True,True,True,True,True,5,5,False,83086204928,2026-10-06T02:26:47.143659+00:00
IFF,Basic Materials,83.26,,35.95,35.95,-1.3161,False,False,,False,False,True,True,True,3,5,False,21256566784,2026-10-06T02:26:47.143659+00:00
MCO,Financial Services,448.15,,193.04,193.04,-1.3216,False,False,,True,True,True,False,True,4,5,False,77611057152,2026-10-06T02:26:47.143659+00:00
WMB,Energy,70.81,,30.49,30.49,-1.3222,False,False,,True,True,True,False,True,4,5,False,86612484096,2026-10-06T02:26:47.143659+00:00
MTZ,Industrials,219.4,38.12,178.59,94.31,-1.3265,False,False,129.64,True,True,True,True,True,5,5,False,17618905088,2026-10-06T02:26:47.143659+00:00
BIIB,Healthcare,223.59,,96.08,96.08,-1.327,False,False,,False,True,True,True,True,4,5,False,33036316672,2026-10-06T02:26:47.143659+00:00
V,Financial Services,369.71,,157.98,157.98,-1.3402,False,False,,True,True,True,True,True,5,5,False,694077030400,2026-10-06T02:26:47.143659+00:00
CNH,Industrials,13.3,4.93,6.81,5.68,-1.3409,False,False,31.93,False,True,True,False,True,3,5,False,21388511232,2026-10-06T02:26:47.143659+00:00
CAI,Healthcare,30.39,4.89,25.07,12.97,-1.3439,False,False,134.68,True,False,True,True,False,3,5,False,8588067840,2026-10-06T02:26:47.143659+00:00
AS,Consumer Cyclical,27.47,6.28,19.81,11.69,-1.3491,False,False,103.65,True,True,True,True,True,5,5,False,15982650368,2026-10-06T02:26:47.143659+00:00
COCO,Consumer Defensive,55.32,16.89,33.52,23.54,-1.35,False,False,65.97,True,True,True,True,True,5,5,False,3201044992,2026-10-06T02:26:47.143659+00:00
VST,Utilities,144.89,1.54,151.64,61.58,-1.3529,False,False,195.98,True,True,True,False,True,4,5,False,48630181888,2026-10-06T02:26:47.143659+00:00
LIN,Basic Materials,482.38,148.06,290.4,204.99,-1.3531,False,False,64.93,True,True,True,True,True,5,5,False,222367612928,2026-10-06T02:26:47.143659+00:00
ARCB,Industrials,131.14,31.86,91.33,55.65,-1.3566,False,False,96.54,False,True,True,True,True,4,5,False,2931156480,2026-10-06T02:26:47.143659+00:00
EQIX,Real Estate,1023.44,,433.95,433.95,-1.3584,False,False,,True,True,False,True,True,4,5,False,100984553472,2026-10-06T02:26:47.143659+00:00
GRDN,Healthcare,42.1,,17.83,17.83,-1.3612,False,False,,True,True,True,True,True,5,5,False,2666710784,2026-10-06T02:26:47.143659+00:00
ZETA,Technology,32.88,17.36,8.56,13.84,-1.3759,False,False,67.83,True,False,True,True,False,3,5,False,8253327360,2026-10-06T02:26:47.143659+00:00
LEU,Energy,141.44,74.16,37.19,59.37,-1.3822,False,False,66.39,True,True,True,True,True,5,5,False,2892887552,2026-10-06T02:26:47.143659+00:00
MKSI,Technology,280.5,51.21,217.24,117.62,-1.3848,False,False,123.7,True,True,True,True,True,5,5,False,18966724608,2026-10-06T02:26:47.143659+00:00
BRZE,Technology,26.61,11.13,,11.13,-1.3906,False,False,,True,False,True,True,True,4,5,False,3022481664,2026-10-06T02:26:47.143659+00:00
BROS,Consumer Cyclical,38.23,,15.99,15.99,-1.3908,False,False,,True,True,True,True,True,5,5,False,6705405440,2026-10-06T02:26:47.143659+00:00
FA,Industrials,18.37,3.85,13.43,7.68,-1.3915,False,False,110.89,True,False,True,True,True,4,5,False,3155115520,2026-10-06T02:26:47.143659+00:00
VEEV,Healthcare,283.45,,118.45,118.45,-1.393,False,False,,True,True,,True,True,4,4,False,45893066752,2026-10-06T02:26:47.143659+00:00
FIGR,Financial Services,27.94,,11.6,11.6,-1.409,False,False,,True,True,True,True,True,5,5,False,6269117952,2026-10-06T02:26:47.143659+00:00
SUPN,Healthcare,42.76,21.03,12.76,17.72,-1.4125,False,False,48.98,True,False,True,True,True,4,5,False,2489664256,2026-10-06T02:26:47.143659+00:00
AHR,Real Estate,50.47,,20.91,20.91,-1.4139,False,False,,True,True,True,True,True,5,5,False,11002397696,2026-10-06T02:26:47.143659+00:00
DOCN,Technology,137.23,,56.83,56.83,-1.4147,False,False,,True,True,True,False,True,4,5,False,16043297792,2026-10-06T02:26:47.143659+00:00
ACLS,Technology,142.31,39.68,87.28,58.72,-1.4234,False,False,74.97,False,True,True,True,True,4,5,False,4394744320,2026-10-06T02:26:47.143659+00:00
ADI,Technology,419.1,109.76,265.95,172.23,-1.4333,False,False,83.14,False,True,True,True,True,4,5,False,203081400320,2026-10-06T02:26:47.143659+00:00
ANET,Technology,206.9,78.66,94.45,84.98,-1.4348,False,False,18.25,True,True,True,,True,4,4,False,260947378176,2026-10-06T02:26:47.143659+00:00
AJG,Financial Services,227.24,,93.16,93.16,-1.4392,False,False,,True,True,True,True,True,5,5,False,58250928128,2026-10-06T02:26:47.143659+00:00
HWM,Industrials,229.57,86.16,105.93,94.07,-1.4404,False,False,20.58,True,True,True,True,True,5,5,False,91552841728,2026-10-06T02:26:47.143659+00:00
BGC,Financial Services,12.2,,4.99,4.99,-1.4456,False,False,,True,True,True,True,,4,4,False,5800691712,2026-10-06T02:26:47.143659+00:00
DHR,Healthcare,221.21,96.09,81.96,90.44,-1.4461,False,False,15.87,False,True,True,True,True,4,5,False,155507556352,2026-10-06T02:26:47.143659+00:00
PLPC,Industrials,416.1,116.67,250.22,170.09,-1.4463,False,False,72.8,True,True,True,True,,4,4,False,2034188544,2026-10-06T02:26:47.143659+00:00
AMBA,Technology,68.26,27.74,,27.74,-1.4603,False,False,,True,False,True,True,True,4,5,False,3013062912,2026-10-06T02:26:47.143659+00:00
INTC,Technology,116.19,,47.11,47.11,-1.4665,False,False,,False,False,False,True,True,2,5,False,614192578560,2026-10-06T02:26:47.143659+00:00
MA,Financial Services,564.59,,228.55,228.55,-1.4703,False,False,,True,True,True,False,True,4,5,False,494586462208,2026-10-06T02:26:47.143659+00:00
IESC,Industrials,339.62,61.07,251.8,137.37,-1.4724,False,False,121.92,True,True,True,True,,4,4,False,13533419520,2026-10-06T02:26:47.143659+00:00
PCOR,Technology,54.18,29.35,10.75,21.91,-1.473,False,False,92.8,True,False,True,True,True,4,5,False,8232940544,2026-10-06T02:26:47.143659+00:00
CSX,Industrials,47.43,2.69,43.75,19.12,-1.4809,False,False,176.79,False,True,True,True,True,4,5,False,87862886400,2026-10-06T02:26:47.143659+00:00
AAMI,Financial Services,96.16,,38.37,38.37,-1.5062,False,False,,True,True,False,True,False,3,5,False,3412730880,2026-10-06T02:26:47.143659+00:00
WAY,Healthcare,26.48,,10.51,10.51,-1.5186,False,False,,True,True,True,True,True,5,5,False,5077497856,2026-10-06T02:26:47.143659+00:00
ISRG,Healthcare,406.48,169.0,149.76,161.3,-1.52,False,False,12.08,True,,True,,True,3,3,False,143600467968,2026-10-06T02:26:47.143659+00:00
BDX,Healthcare,180.67,,71.61,71.61,-1.523,False,False,,True,True,True,True,True,5,5,False,49212125184,2026-10-06T02:26:47.143659+00:00
BA,Industrials,192.72,,76.23,76.23,-1.5281,False,False,,True,True,False,False,True,3,5,False,152208818176,2026-10-06T02:26:47.143659+00:00
CSQR,Technology,17.65,,6.98,6.98,-1.5301,False,False,,True,False,False,,True,2,4,False,2941089792,2026-10-06T02:26:47.143659+00:00
COHR,Technology,333.64,,131.82,131.82,-1.531,False,False,,True,True,False,True,True,4,5,False,65337470976,2026-10-06T02:26:47.143659+00:00
INOD,Technology,66.97,16.22,41.68,26.4,-1.5365,False,False,87.97,True,True,True,True,True,5,5,False,2302606336,2026-10-06T02:26:47.143659+00:00
ONTO,Technology,325.41,143.97,104.72,128.27,-1.537,False,False,31.57,True,True,True,True,True,5,5,False,15969251328,2026-10-06T02:26:47.143659+00:00
MAR,Consumer Cyclical,355.89,129.14,156.78,140.2,-1.5385,False,False,19.33,True,True,True,,True,4,4,False,92804120576,2026-10-06T02:26:47.143659+00:00
ILMN,Healthcare,293.69,136.84,83.71,115.59,-1.5408,False,False,48.18,False,True,True,True,False,3,5,False,44347191296,2026-10-06T02:26:47.143659+00:00
VNO,Real Estate,33.21,,13.05,13.05,-1.5439,False,False,,True,True,,True,True,4,4,False,6801142784,2026-10-06T02:26:47.143659+00:00
TWLO,Technology,300.91,85.11,167.39,118.02,-1.5496,False,False,65.18,True,True,True,True,False,4,5,False,46212317184,2026-10-06T02:26:47.143659+00:00
ATI,Industrials,193.09,68.01,87.28,75.72,-1.5501,False,False,24.82,True,True,True,True,True,5,5,False,26293139456,2026-10-06T02:26:47.143659+00:00
CRS,Industrials,392.2,86.66,253.81,153.52,-1.5547,False,False,98.19,True,True,True,True,True,5,5,False,19436871680,2026-10-06T02:26:47.143659+00:00
GEV,Industrials,990.0,249.6,592.52,386.77,-1.5597,False,False,81.44,True,True,True,True,True,5,5,False,263670251520,2026-10-06T02:26:47.143659+00:00
MSGE,Communication Services,80.01,,31.12,31.12,-1.5709,False,False,,True,True,True,False,True,4,5,False,3784891648,2026-10-06T02:26:47.143659+00:00
AVAV,Industrials,139.3,,53.56,53.56,-1.6009,False,False,,True,False,False,True,True,3,5,False,7079324160,2026-10-06T02:26:47.143659+00:00
SOFI,Financial Services,15.92,,6.11,6.11,-1.6052,False,False,,True,True,False,True,True,4,5,False,20561799168,2026-10-06T02:26:47.143659+00:00
AROC,Energy,30.1,0.91,27.5,11.55,-1.6068,False,False,187.18,True,True,True,True,True,5,5,False,5277679616,2026-10-06T02:26:47.143659+00:00
MOG-A,Industrials,381.04,47.38,294.25,146.13,-1.6076,False,False,144.53,True,True,True,True,True,5,5,False,12067982336,2026-10-06T02:26:47.143659+00:00
MTD,Healthcare,1541.63,531.85,678.81,590.63,-1.6101,False,False,24.28,True,True,True,False,False,3,5,False,30888962048,2026-10-06T02:26:47.143659+00:00
CAT,Industrials,848.14,195.64,515.32,323.51,-1.6217,False,False,89.93,True,True,True,False,True,4,5,False,389868650496,2026-10-06T02:26:47.143659+00:00
CURB,Real Estate,27.86,,10.59,10.59,-1.6311,False,False,,True,True,,True,True,4,4,False,3177089024,2026-10-06T02:26:47.143659+00:00
DLR,Real Estate,179.87,,68.29,68.29,-1.6341,False,False,,True,True,,True,True,4,4,False,67930370048,2026-10-06T02:26:47.143659+00:00
MDLN,Healthcare,35.8,15.16,11.04,13.51,-1.6492,False,False,31.45,,True,True,True,True,4,4,False,48166506496,2026-10-06T02:26:47.143659+00:00
VTR,Real Estate,81.36,,30.7,30.7,-1.6499,False,False,,True,True,True,True,True,5,5,False,41733316608,2026-10-06T02:26:47.143659+00:00
SXI,Industrials,289.24,42.34,209.04,109.02,-1.6531,False,False,132.62,True,True,True,True,True,5,5,False,3552290816,2026-10-06T02:26:47.143659+00:00
ASND,Healthcare,228.03,16.07,190.32,85.77,-1.6586,False,False,168.85,True,False,True,True,True,4,5,False,15005203456,2026-10-06T02:26:47.143659+00:00
CPNG,Consumer Cyclical,14.2,5.29,,5.29,-1.6825,False,False,,True,True,True,True,True,5,5,False,25489911808,2026-10-06T02:26:47.143659+00:00
CDNS,Technology,353.48,114.61,155.31,130.89,-1.7006,False,False,30.16,True,True,True,True,True,5,5,False,97495441408,2026-10-06T02:26:47.143659+00:00
CGNX,Technology,64.37,17.01,33.3,23.53,-1.736,False,False,64.78,False,True,True,True,True,4,5,False,10828568576,2026-10-06T02:26:47.143659+00:00
FN,Technology,453.84,25.27,376.54,165.78,-1.7377,False,False,174.84,True,True,True,True,True,5,5,False,16263294976,2026-10-06T02:26:47.143659+00:00
CRWV,Technology,87.39,,31.9,31.9,-1.7397,False,False,,True,False,False,False,True,2,5,False,48198782976,2026-10-06T02:26:47.143659+00:00
A,Healthcare,171.29,51.15,79.46,62.47,-1.7418,False,False,43.36,True,True,True,True,True,5,5,False,48291594240,2026-10-06T02:26:47.143659+00:00
MSCI,Financial Services,552.35,,201.22,201.22,-1.745,False,False,,True,True,True,,True,4,4,False,40155844608,2026-10-06T02:26:47.143659+00:00
FROG,Technology,97.86,35.58,,35.58,-1.7501,False,False,,True,False,True,True,True,4,5,False,12066266112,2026-10-06T02:26:47.143659+00:00
AMRX,Healthcare,20.35,3.28,13.53,7.38,-1.7574,False,False,121.88,True,True,True,False,True,4,5,False,7087824384,2026-10-06T02:26:47.143659+00:00
WT,Financial Services,24.45,,8.84,8.84,-1.7648,False,False,,True,True,True,False,True,4,5,False,3704471296,2026-10-06T02:26:47.143659+00:00
CSGP,Real Estate,27.66,,9.95,9.95,-1.7786,False,False,,True,True,True,True,True,5,5,False,11207766016,2026-10-06T02:26:47.143659+00:00
EXTR,Technology,23.33,6.65,10.94,8.37,-1.7884,False,False,48.81,False,True,True,False,True,3,5,False,3083542272,2026-10-06T02:26:47.143659+00:00
POWI,Technology,54.36,19.62,19.15,19.43,-1.7975,False,False,2.43,False,True,True,,True,3,4,False,3037272320,2026-10-06T02:26:47.143659+00:00
STLD,Basic Materials,241.04,11.15,198.37,86.04,-1.8016,False,False,178.71,False,True,True,True,True,4,5,False,34547802112,2026-10-06T02:26:47.143659+00:00
IBKR,Financial Services,89.05,,31.43,31.43,-1.8335,False,False,,True,True,True,False,True,4,5,False,151724785664,2026-10-06T02:26:47.143659+00:00
PWR,Industrials,683.42,240.65,237.06,239.21,-1.857,False,False,1.5,True,True,True,True,True,5,5,False,102747676672,2026-10-06T02:26:47.143659+00:00
DASH,Consumer Cyclical,191.77,85.74,39.2,67.12,-1.857,False,False,74.49,True,True,True,True,True,5,5,False,83093553152,2026-10-06T02:26:47.143659+00:00
ATRO,Industrials,68.41,7.08,48.32,23.57,-1.9018,False,False,148.89,True,True,True,True,True,5,5,False,2942250240,2026-10-06T02:26:47.143659+00:00
SAIA,Industrials,346.14,1.18,295.75,119.01,-1.9085,False,False,198.41,True,True,True,True,True,5,5,False,9209092096,2026-10-06T02:26:47.143659+00:00
HLT,Consumer Cyclical,316.12,107.8,108.96,108.26,-1.92,False,False,1.07,True,True,True,,True,4,4,False,71147520000,2026-10-06T02:26:47.143659+00:00
AMAT,Technology,542.28,93.45,321.94,184.85,-1.9336,False,False,110.01,True,True,True,True,True,5,5,False,430352039936,2026-10-06T02:26:47.143659+00:00
NPO,Industrials,332.86,113.81,112.35,113.23,-1.9397,False,False,1.29,True,True,True,True,True,5,5,False,7045873664,2026-10-06T02:26:47.143659+00:00
DKNG,Consumer Cyclical,19.6,10.55,0.82,6.66,-1.9445,False,False,171.08,True,True,True,False,True,4,5,False,9730499584,2026-10-06T02:26:47.143659+00:00
ALNT,Technology,118.63,24.29,63.49,39.97,-1.9679,False,False,89.3,True,True,True,True,False,4,5,False,2017008000,2026-10-06T02:26:47.143659+00:00
ROKU,Communication Services,153.41,47.92,54.72,50.64,-2.0295,False,False,13.25,True,True,True,True,True,5,5,False,22768955392,2026-10-06T02:26:47.143659+00:00
WBD,Communication Services,30.95,4.15,19.14,10.14,-2.0513,False,False,128.78,True,True,True,True,False,4,5,False,77595885568,2026-10-06T02:26:47.143659+00:00
TXN,Technology,294.9,23.81,203.37,95.63,-2.0837,False,False,158.07,False,True,True,True,True,4,5,False,269316734976,2026-10-06T02:26:47.143659+00:00
FCX,Basic Materials,72.6,4.29,52.24,23.47,-2.093,False,False,169.61,True,True,True,True,True,5,5,False,104254873600,2026-10-06T02:26:47.143659+00:00
MOH,Healthcare,194.05,,62.67,62.67,-2.0962,False,False,,True,True,False,True,True,4,5,False,10129410048,2026-10-06T02:26:47.143659+00:00
SHC,Healthcare,18.55,4.39,8.28,5.94,-2.1214,False,False,61.47,True,True,True,False,True,4,5,False,5293702144,2026-10-06T02:26:47.143659+00:00
GLNG,Energy,49.74,,15.86,15.86,-2.1358,False,False,,True,True,False,True,True,4,5,False,5078304768,2026-10-06T02:26:47.143659+00:00
DD,Basic Materials,130.69,7.39,92.16,41.3,-2.1647,False,False,170.31,False,False,True,True,True,3,5,False,17645686784,2026-10-06T02:26:47.143659+00:00
VCEL,Healthcare,41.07,16.01,8.3,12.92,-2.1783,False,False,63.45,True,True,True,True,True,5,5,False,2103055744,2026-10-06T02:26:47.143659+00:00
TECH,Healthcare,72.58,24.61,19.9,22.72,-2.1939,False,False,21.16,True,True,True,True,False,4,5,False,11381868544,2026-10-06T02:26:47.143659+00:00
LPX,Industrials,65.29,10.61,34.55,20.19,-2.2342,False,False,106.0,False,True,True,True,True,4,5,False,4565299200,2026-10-06T02:26:47.143659+00:00
TMO,Healthcare,676.76,171.43,263.47,208.25,-2.2498,False,False,42.33,False,True,True,True,False,3,5,False,250230177792,2026-10-06T02:26:47.143659+00:00
CG,Financial Services,39.32,,12.1,12.1,-2.2504,False,False,,False,True,False,True,True,3,5,False,14011005952,2026-10-06T02:26:47.143659+00:00
KNSA,Healthcare,76.31,,23.35,23.35,-2.2684,False,False,,True,True,True,True,True,5,5,False,5871139840,2026-10-06T02:26:47.143659+00:00
KLAC,Technology,206.85,34.09,105.61,62.7,-2.2991,False,False,102.39,True,True,True,True,True,5,5,False,269940588544,2026-10-06T02:26:47.143659+00:00
APO,Financial Services,115.35,,34.79,34.79,-2.3152,False,False,,True,True,True,True,True,5,5,False,68119154688,2026-10-06T02:26:47.143659+00:00
GNRC,Industrials,215.2,25.64,123.23,64.68,-2.3272,False,False,131.1,False,True,True,True,True,4,5,False,12710558720,2026-10-06T02:26:47.143659+00:00
CDNA,Healthcare,69.85,12.85,32.58,20.74,-2.3678,False,False,86.88,True,False,True,True,False,3,5,False,3613635584,2026-10-06T02:26:47.143659+00:00
GPC,Consumer Cyclical,126.24,20.81,61.44,37.06,-2.4062,False,False,98.78,True,True,True,True,True,5,5,False,17403416576,2026-10-06T02:26:47.143659+00:00
JHX,Basic Materials,25.2,4.94,11.08,7.4,-2.4064,False,False,76.61,True,True,True,True,True,5,5,False,14629167104,2026-10-06T02:26:47.143659+00:00
CVNA,Consumer Cyclical,63.72,7.95,34.7,18.65,-2.416,False,False,125.42,True,True,True,True,True,5,5,False,70631309312,2026-10-06T02:26:47.143659+00:00
AVTR,Healthcare,15.81,7.57,0.18,4.61,-2.4267,False,False,190.77,False,False,True,True,False,2,5,False,10693233664,2026-10-06T02:26:47.143659+00:00
ICHR,Technology,63.33,,18.47,18.47,-2.4283,False,False,,False,False,False,True,True,2,5,False,2371976448,2026-10-06T02:26:47.143659+00:00
NOVT,Technology,150.61,23.08,73.81,43.37,-2.4725,False,False,104.71,True,True,True,True,,4,4,False,5695734272,2026-10-06T02:26:47.143659+00:00
GLW,Technology,159.37,26.34,75.12,45.85,-2.4757,False,False,96.15,True,True,True,True,True,5,5,False,137000476672,2026-10-06T02:26:47.143659+00:00
VAC,Consumer Cyclical,101.93,,29.2,29.2,-2.4903,False,False,,True,False,False,False,True,2,5,False,3505914880,2026-10-06T02:26:47.143659+00:00
WST,Healthcare,376.76,90.94,132.76,107.67,-2.4993,False,False,37.39,True,True,True,True,True,5,5,False,26514771968,2026-10-06T02:26:47.143659+00:00
TTAN,Technology,72.16,20.35,,20.35,-2.5453,False,False,,True,False,True,True,True,4,5,False,6961124352,2026-10-06T02:26:47.143659+00:00
NVT,Industrials,167.17,18.86,89.23,47.01,-2.556,False,False,130.19,True,True,True,True,True,5,5,False,27057790976,2026-10-06T02:26:47.143659+00:00
LIND,Consumer Cyclical,35.6,5.17,16.86,9.84,-2.6166,False,False,106.15,True,False,True,,False,2,4,False,2336060672,2026-10-06T02:26:47.143659+00:00
PEN,Healthcare,317.11,96.91,71.49,86.74,-2.6558,False,False,30.2,True,True,True,True,True,5,5,False,12490779648,2026-10-06T02:26:47.143659+00:00
ARWR,Healthcare,62.35,16.98,,16.98,-2.6711,False,False,,True,False,True,False,True,3,5,False,8782435328,2026-10-06T02:26:47.143659+00:00
LGND,Healthcare,306.77,39.77,149.07,83.49,-2.6743,False,False,115.76,True,True,True,True,True,5,5,False,6115646464,2026-10-06T02:26:47.143659+00:00
VRT,Industrials,253.62,43.4,107.45,69.02,-2.6745,False,False,84.91,True,True,True,True,True,5,5,False,97640693760,2026-10-06T02:26:47.143659+00:00
TFSL,Financial Services,16.77,,4.49,4.49,-2.7353,False,False,,True,True,True,,,3,3,False,4703025152,2026-10-06T02:26:47.143659+00:00
KRMN,Industrials,33.02,,8.65,8.65,-2.819,False,False,,True,True,False,False,True,3,5,False,4376263168,2026-10-06T02:26:47.143659+00:00
MTRN,Basic Materials,319.18,,83.07,83.07,-2.8422,False,False,,True,True,True,True,False,4,5,False,6649708032,2026-10-06T02:26:47.143659+00:00
AEIS,Industrials,297.29,37.98,134.02,76.4,-2.8913,False,False,111.67,False,True,True,True,True,4,5,False,11906595840,2026-10-06T02:26:47.143659+00:00
UPST,Financial Services,24.35,,6.24,6.24,-2.905,False,False,,True,True,False,False,True,3,5,False,2330576640,2026-10-06T02:26:47.143659+00:00
RVTY,Healthcare,157.36,44.95,33.06,40.19,-2.915,False,False,30.48,False,True,True,True,False,3,5,False,17559236608,2026-10-06T02:26:47.143659+00:00
LLY,Healthcare,1143.12,170.4,472.44,291.22,-2.9253,False,False,93.97,True,True,True,True,True,5,5,False,1018928103424,2026-10-06T02:26:47.143659+00:00
CTOS,Industrials,9.88,,2.51,2.51,-2.9318,False,False,,True,False,False,False,True,2,5,False,2247754752,2026-10-06T02:26:47.143659+00:00
SBUX,Consumer Cyclical,94.43,16.58,34.72,23.84,-2.9611,False,False,70.71,True,True,True,,True,4,4,False,107650203648,2026-10-06T02:26:47.143659+00:00
LRCX,Technology,345.8,35.6,164.36,87.1,-2.97,False,False,128.79,True,True,True,True,True,5,5,False,432742531072,2026-10-06T02:26:47.143659+00:00
MPWR,Technology,1479.89,290.09,486.82,368.78,-3.0129,False,False,50.64,True,True,True,True,True,5,5,False,72726233088,2026-10-06T02:26:47.143659+00:00
HOOD,Financial Services,114.11,,28.31,28.31,-3.0308,False,False,,True,True,True,False,True,4,5,False,102594281472,2026-10-06T02:26:47.143659+00:00
JCI,Industrials,156.85,4.3,89.72,38.47,-3.0771,False,False,181.69,True,True,True,True,True,5,5,False,95010545664,2026-10-06T02:26:47.143659+00:00
MOD,Consumer Cyclical,182.91,29.56,65.35,43.88,-3.1687,False,False,75.4,True,True,True,True,True,5,5,False,9714845696,2026-10-06T02:26:47.143659+00:00
VECO,Technology,56.31,12.46,14.8,13.4,-3.2028,False,False,17.14,True,True,True,True,True,5,5,False,3442210048,2026-10-06T02:26:47.143659+00:00
ABBV,Healthcare,265.76,,63.05,63.05,-3.2148,False,False,,True,True,True,,True,4,4,False,469629108224,2026-10-06T02:26:47.143659+00:00
FPS,Industrials,38.97,,9.19,9.19,-3.2422,False,False,,True,True,False,True,True,4,5,False,12430837760,2026-10-06T02:26:47.143659+00:00
LFST,Healthcare,12.22,3.35,2.13,2.86,-3.2707,False,False,44.58,True,True,True,True,True,5,5,False,4645483520,2026-10-06T02:26:47.143659+00:00
Z,Communication Services,27.41,5.54,7.72,6.41,-3.276,False,False,32.97,True,True,True,True,True,5,5,False,6163822592,2026-10-06T02:26:47.143659+00:00
TER,Technology,444.53,29.5,215.01,103.7,-3.2865,False,False,151.74,True,True,True,True,True,5,5,False,69498150912,2026-10-06T02:26:47.143659+00:00
ESI,Basic Materials,37.54,4.32,15.35,8.73,-3.2984,False,False,112.17,True,True,True,True,True,5,5,False,9147974656,2026-10-06T02:26:47.143659+00:00
CIEN,Technology,389.69,56.36,139.79,89.74,-3.3426,False,False,85.06,True,True,True,True,True,5,5,False,55261364224,2026-10-06T02:26:47.143659+00:00
CORT,Healthcare,122.03,41.59,7.73,28.05,-3.3511,False,False,137.29,True,True,True,True,True,5,5,False,13191247872,2026-10-06T02:26:47.143659+00:00
VIAV,Technology,46.91,5.79,17.91,10.64,-3.4086,False,False,102.25,True,False,True,True,True,4,5,False,11575033856,2026-10-06T02:26:47.143659+00:00
WELL,Real Estate,224.16,,50.66,50.66,-3.425,False,False,,True,True,True,True,True,5,5,False,161523433472,2026-10-06T02:26:47.143659+00:00
ENTG,Technology,166.92,12.66,75.25,37.7,-3.4279,False,False,142.39,False,True,True,True,True,4,5,False,25421916160,2026-10-06T02:26:47.143659+00:00
BTSG,Healthcare,62.0,12.07,16.85,13.98,-3.4339,False,False,33.02,True,True,True,True,True,5,5,False,12267582464,2026-10-06T02:26:47.143659+00:00
COMP,Real Estate,9.29,,2.09,2.09,-3.4466,False,False,,True,False,True,True,True,4,5,False,7131418624,2026-10-06T02:26:47.143659+00:00
PANW,Technology,406.76,136.81,23.12,91.34,-3.4534,False,False,142.18,True,True,True,True,False,4,5,False,332729679872,2026-10-06T02:26:47.143659+00:00
HASI,Financial Services,36.31,,8.11,8.11,-3.4793,False,False,,True,True,,False,True,3,4,False,4665682432,2026-10-06T02:26:47.143659+00:00
SNOW,Technology,338.99,74.46,,74.46,-3.5525,False,False,,True,False,True,True,True,4,5,False,119595671552,2026-10-06T02:26:47.143659+00:00
SLAB,Technology,222.8,47.96,,47.96,-3.6457,False,False,,False,False,True,,True,2,4,False,7434114048,2026-10-06T02:26:47.143659+00:00
MMED,Healthcare,20.16,,4.31,4.31,-3.6785,False,False,,True,False,False,True,True,3,5,False,5672014336,2026-10-06T02:26:47.143659+00:00
UHAL-B,Industrials,53.76,,11.46,11.46,-3.6904,False,False,,True,True,False,True,,3,4,False,10450593792,2026-10-06T02:26:47.143659+00:00
MRK,Healthcare,139.54,,29.69,29.69,-3.7005,False,False,,True,True,True,True,True,5,5,False,344269094912,2026-10-06T02:26:47.143659+00:00
CHEF,Consumer Defensive,111.07,8.73,45.69,23.51,-3.7237,False,False,135.82,True,True,True,True,True,5,5,False,4531220992,2026-10-06T02:26:47.143659+00:00
CRDO,Technology,212.48,22.8,78.22,44.97,-3.725,False,False,109.71,True,True,True,True,True,5,5,False,39936024576,2026-10-06T02:26:47.143659+00:00
COIN,Financial Services,188.22,,39.69,39.69,-3.7424,False,False,,True,True,True,True,True,5,5,False,49659387904,2026-10-06T02:26:47.143659+00:00
PDFS,Technology,56.08,,11.81,11.81,-3.7499,False,False,,True,False,False,True,True,3,5,False,2368102400,2026-10-06T02:26:47.143659+00:00
KTOS,Industrials,42.02,,8.8,8.8,-3.7731,False,False,,True,True,False,True,True,4,5,False,7879589888,2026-10-06T02:26:47.143659+00:00
CRCL,Financial Services,83.3,,17.44,17.44,-3.776,False,False,,True,False,True,True,True,4,5,False,21147863040,2026-10-06T02:26:47.143659+00:00
ALM,Basic Materials,13.52,,2.81,2.81,-3.813,False,False,,True,False,False,True,True,3,5,False,3836189952,2026-10-06T02:26:47.143659+00:00
VICR,Technology,305.61,43.19,92.17,62.78,-3.868,False,False,72.37,True,True,True,True,True,5,5,False,14090677248,2026-10-06T02:26:47.143659+00:00
SDGR,Healthcare,32.6,6.69,,6.69,-3.8697,False,False,,True,False,True,True,False,3,5,False,2438663424,2026-10-06T02:26:47.143659+00:00
SNPS,Technology,488.47,50.35,174.47,100.0,-3.8848,False,False,110.42,True,True,True,True,True,5,5,False,93608747008,2026-10-06T02:26:47.143659+00:00
RDNT,Healthcare,70.57,14.32,,14.32,-3.9289,False,False,,True,False,True,True,True,4,5,False,5553700864,2026-10-06T02:26:47.143659+00:00
RBRK,Technology,122.68,24.83,,24.83,-3.9405,False,False,,True,False,True,,False,2,4,False,25251047424,2026-10-06T02:26:47.143659+00:00
PRM,Basic Materials,28.07,5.44,,5.44,-4.157,False,False,,True,False,True,True,True,4,5,False,4594692096,2026-10-06T02:26:47.143659+00:00
RGEN,Healthcare,189.5,50.32,15.89,36.54,-4.1854,False,False,104.02,False,True,True,True,True,4,5,False,10694549504,2026-10-06T02:26:47.143659+00:00
MCHP,Technology,81.49,5.72,30.3,15.56,-4.2384,False,False,136.45,False,True,True,True,True,4,5,False,44249776128,2026-10-06T02:26:47.143659+00:00
TPG,Financial Services,44.5,,8.36,8.36,-4.3257,False,False,,True,True,True,True,True,5,5,False,17380247552,2026-10-06T02:26:47.143659+00:00
S,Technology,25.43,4.77,,4.77,-4.3265,False,False,,True,False,True,,False,2,4,False,8850889728,2026-10-06T02:26:47.143659+00:00
CWST,Industrials,83.42,2.14,35.63,15.53,-4.37,False,False,177.33,True,True,True,True,True,5,5,False,5308852736,2026-10-06T02:26:47.143659+00:00
LASR,Technology,39.5,7.34,,7.34,-4.3825,False,False,,True,False,True,True,True,4,5,False,2278762752,2026-10-06T02:26:47.143659+00:00
GILD,Healthcare,144.63,,26.59,26.59,-4.4387,False,False,,True,True,True,False,True,4,5,False,179334725632,2026-10-06T02:26:47.143659+00:00
MDB,Technology,359.23,89.81,29.56,65.71,-4.4667,False,False,100.95,True,False,True,True,True,4,5,False,28938256384,2026-10-06T02:26:47.143659+00:00
FRHC,Financial Services,173.49,,31.43,31.43,-4.5204,False,False,,True,True,False,True,,3,4,False,11066522624,2026-10-06T02:26:47.143659+00:00
BMRN,Healthcare,57.54,,10.21,10.21,-4.6338,False,False,,True,True,True,True,True,5,5,False,11138234368,2026-10-06T02:26:47.143659+00:00
SHAK,Consumer Cyclical,62.4,2.27,24.08,10.99,-4.6762,False,False,165.54,True,True,True,True,True,5,5,False,2673149696,2026-10-06T02:26:47.143659+00:00
DDOG,Technology,276.42,69.85,16.93,48.68,-4.6781,False,False,121.95,True,True,True,True,True,5,5,False,99253723136,2026-10-06T02:26:47.143659+00:00
MIRM,Healthcare,81.43,14.18,,14.18,-4.742,False,False,,True,False,True,,True,3,4,False,5287429632,2026-10-06T02:26:47.143659+00:00
ATRC,Healthcare,56.37,12.61,5.05,9.59,-4.8794,False,False,85.58,True,False,True,True,False,3,5,False,2867333120,2026-10-06T02:26:47.143659+00:00
TTWO,Communication Services,203.46,33.91,34.31,34.07,-4.9715,False,False,1.18,True,False,True,True,True,4,5,False,38043041792,2026-10-06T02:26:47.143659+00:00
SMTC,Technology,192.83,25.56,42.11,32.18,-4.9923,False,False,48.91,True,False,True,True,True,4,5,False,17995980800,2026-10-06T02:26:47.143659+00:00
NP,Financial Services,27.12,,4.51,4.51,-5.0095,False,False,,True,True,True,,True,4,4,False,3721761536,2026-10-06T02:26:47.143659+00:00
NAVN,Technology,21.84,3.57,,3.57,-5.117,False,False,,,False,True,True,True,3,4,False,5687365120,2026-10-06T02:26:47.143659+00:00
LYV,Communication Services,170.67,9.19,55.94,27.89,-5.119,False,False,143.55,True,True,True,False,True,4,5,False,39759196160,2026-10-06T02:26:47.143659+00:00
U,Technology,45.68,8.81,5.39,7.44,-5.1394,False,False,48.05,True,False,True,True,True,4,5,False,20103262208,2026-10-06T02:26:47.143659+00:00
MRCY,Industrials,82.94,13.59,13.27,13.46,-5.1607,False,False,2.34,True,False,True,True,True,4,5,False,5048025600,2026-10-06T02:26:47.143659+00:00
ARQT,Healthcare,25.15,,4.07,4.07,-5.1767,False,False,,True,False,False,True,True,3,5,False,3161152768,2026-10-06T02:26:47.143659+00:00
IOT,Technology,42.39,8.53,4.3,6.84,-5.2007,False,False,66.01,True,False,True,True,True,4,5,False,24823803904,2026-10-06T02:26:47.143659+00:00
MRVL,Technology,271.25,16.34,82.51,42.81,-5.3361,False,False,133.87,True,True,True,True,True,5,5,False,243773636608,2026-10-06T02:26:47.143659+00:00
ECHO,Communication Services,98.21,,15.5,15.5,-5.3372,False,False,,False,False,False,True,True,2,5,False,28561022976,2026-10-06T02:26:47.143659+00:00
P,Technology,143.88,21.71,24.15,22.69,-5.3413,False,False,10.65,True,True,True,True,True,5,5,False,47944740864,2026-10-06T02:26:47.143659+00:00
ICUI,Healthcare,161.4,28.08,21.01,25.25,-5.392,False,False,28.82,False,True,True,True,True,4,5,False,4036135680,2026-10-06T02:26:47.143659+00:00
FORM,Technology,147.99,5.81,48.52,22.89,-5.4642,False,False,157.24,True,True,True,True,False,4,5,False,11536526336,2026-10-06T02:26:47.143659+00:00
PTGX,Healthcare,140.63,21.39,21.91,21.6,-5.5116,False,False,2.44,True,False,True,True,True,4,5,False,9099926528,2026-10-06T02:26:47.143659+00:00
ALGM,Technology,38.46,5.39,6.55,5.86,-5.5687,False,False,19.29,False,False,True,True,True,3,5,False,7169022464,2026-10-06T02:26:47.143659+00:00
SYNA,Technology,119.73,12.24,26.51,17.95,-5.6695,False,False,73.64,False,False,True,True,True,3,5,False,4753447424,2026-10-06T02:26:47.143659+00:00
AMD,Technology,631.75,74.04,123.45,93.8,-5.7348,False,False,50.03,True,True,True,True,False,4,5,False,1031316111360,2026-10-06T02:26:47.143659+00:00
MTSI,Technology,328.3,21.1,89.71,48.55,-5.7623,False,False,123.82,True,False,True,True,True,4,5,False,25072574464,2026-10-06T02:26:47.143659+00:00
TPL,Energy,344.67,11.99,108.11,50.44,-5.8339,False,False,160.07,True,True,True,True,,4,4,False,23773503488,2026-10-06T02:26:47.143659+00:00
PL,Industrials,17.36,2.48,,2.48,-5.9872,False,False,,True,False,True,True,True,4,5,False,6316401664,2026-10-06T02:26:47.143659+00:00
PLTR,Technology,189.4,22.47,33.11,26.73,-6.0862,False,False,38.29,True,True,True,True,True,5,5,False,455139262464,2026-10-06T02:26:47.143659+00:00
QXO,Industrials,11.88,0.35,3.64,1.66,-6.1398,False,False,165.18,True,False,True,True,True,4,5,False,12325389312,2026-10-06T02:26:47.143659+00:00
TXG,Healthcare,97.74,13.45,,13.45,-6.2649,False,False,,True,False,True,True,False,3,5,False,12734658560,2026-10-06T02:26:47.143659+00:00
ALKS,Healthcare,42.76,,5.68,5.68,-6.5348,False,False,,True,True,True,True,True,5,5,False,7173556736,2026-10-06T02:26:47.143659+00:00
ARES,Financial Services,117.13,,15.15,15.15,-6.7322,False,False,,True,True,True,True,True,5,5,False,38860914688,2026-10-06T02:26:47.143659+00:00
BAND,Technology,62.53,7.56,8.87,8.09,-6.7336,False,False,15.93,True,False,True,True,True,4,5,False,2012264576,2026-10-06T02:26:47.143659+00:00
SEI,Energy,74.75,,9.63,9.63,-6.7586,False,False,,True,True,False,False,True,3,5,False,7521820160,2026-10-06T02:26:47.143659+00:00
WRBY,Healthcare,26.65,4.31,1.73,3.28,-7.1251,False,False,85.28,True,True,True,True,True,5,5,False,3294154752,2026-10-06T02:26:47.143659+00:00
WAT,Healthcare,440.12,50.79,56.89,53.23,-7.2683,False,False,11.33,True,True,True,True,True,5,5,False,43213557760,2026-10-06T02:26:47.143659+00:00
CECO,Industrials,74.96,,8.71,8.71,-7.6031,False,False,,True,True,False,True,True,4,5,False,4390394368,2026-10-06T02:26:47.143659+00:00
RXO,Industrials,28.65,,3.31,3.31,-7.6669,False,False,,True,False,False,True,False,2,5,False,4725133312,2026-10-06T02:26:47.143659+00:00
SPCX,Industrials,171.09,,18.62,18.62,-8.1905,False,False,,True,False,False,True,True,3,5,False,2253971521536,2026-10-06T02:26:47.143659+00:00
CAVA,Consumer Cyclical,54.1,1.54,12.22,5.81,-8.3057,False,False,155.16,True,True,True,True,True,5,5,False,6319215104,2026-10-06T02:26:47.143659+00:00
W,Consumer Cyclical,106.05,10.0,13.42,11.37,-8.331,False,False,29.2,True,False,True,,True,3,4,False,13998228480,2026-10-06T02:26:47.143659+00:00
NIQ,,17.32,1.82,,1.82,-8.5387,False,False,,True,False,True,,True,3,4,False,5108635648,2026-10-06T02:26:47.143659+00:00
MP,Basic Materials,46.84,,4.84,4.84,-8.6806,False,False,,False,False,False,True,True,2,5,False,8342278144,2026-10-06T02:26:47.143659+00:00
LITE,Technology,1091.67,83.19,154.93,111.89,-8.7569,False,False,60.25,True,False,True,True,True,4,5,False,97922801664,2026-10-06T02:26:47.143659+00:00
AXON,Industrials,411.81,,39.58,39.58,-9.4056,False,False,,True,True,True,True,True,5,5,False,33454381056,2026-10-06T02:26:47.143659+00:00
ALAB,Technology,362.34,21.12,54.89,34.63,-9.4633,False,False,88.83,True,True,True,True,True,5,5,False,62860591104,2026-10-06T02:26:47.143659+00:00
SAIL,Technology,20.29,1.85,,1.85,-9.9869,False,False,,True,False,True,True,True,4,5,False,11583797248,2026-10-06T02:26:47.143659+00:00
COHU,Technology,73.73,5.89,7.8,6.65,-10.0824,False,False,27.9,False,False,True,True,False,2,5,False,3490262784,2026-10-06T02:26:47.143659+00:00
IRTC,Healthcare,109.09,9.64,,9.64,-10.3162,False,False,,True,False,True,False,True,3,5,False,3595933952,2026-10-06T02:26:47.143659+00:00
JXN,Financial Services,133.85,,11.35,11.35,-10.7943,False,False,,False,True,,True,True,3,4,False,9065492480,2026-10-06T02:26:47.143659+00:00
CRWD,Technology,272.67,35.52,4.01,22.92,-10.8975,False,False,159.39,True,False,True,True,False,3,5,False,279196336128,2026-10-06T02:26:47.143659+00:00
DPC,Industrials,41.26,2.9,,2.9,-13.2116,False,False,,True,False,True,True,True,4,5,False,6163955712,2026-10-06T02:26:47.143659+00:00
LSCC,Technology,132.85,7.59,10.39,8.71,-14.2509,False,False,31.16,False,True,True,True,True,4,5,False,18831384576,2026-10-06T02:26:47.143659+00:00
TSLA,Consumer Cyclical,378.73,19.68,28.31,23.13,-15.3745,False,False,35.99,True,True,True,True,True,5,5,False,1495812145152,2026-10-06T02:26:47.143659+00:00
AXTI,Technology,86.66,,4.8,4.8,-17.0421,False,False,,False,False,False,True,True,2,5,False,5682574848,2026-10-06T02:26:47.143659+00:00
SITM,Technology,710.04,40.04,32.64,37.08,-18.1494,False,False,20.35,True,False,True,True,True,4,5,False,21351636992,2026-10-06T02:26:47.143659+00:00
LION,,11.17,0.5,,0.5,-21.1863,False,False,,False,False,True,,True,2,4,False,3323741696,2026-10-06T02:26:47.143659+00:00
WGS,Healthcare,76.27,3.32,,3.32,-21.948,False,False,,True,False,True,True,True,4,5,False,2274565120,2026-10-06T02:26:47.143659+00:00
DJT,Communication Services,8.63,0.35,,0.35,-23.5716,False,False,,True,False,True,True,,3,4,False,2398633216,2026-10-06T02:26:47.143659+00:00
BRKR,Healthcare,63.86,,2.25,2.25,-27.333,False,False,,True,False,True,True,False,3,5,False,9729666048,2026-10-06T02:26:47.143659+00:00
FLG,Financial Services,11.57,,0.37,0.37,-29.9248,False,False,,True,False,False,,True,2,4,False,4802624000,2026-10-06T02:26:47.143659+00:00
PI,Technology,185.19,9.58,0.26,5.85,-30.6583,False,False,189.39,True,False,True,True,False,3,5,False,5658371584,2026-10-06T02:26:47.143659+00:00
BE,Industrials,286.65,1.41,19.89,8.8,-31.5642,False,False,173.56,True,False,True,True,False,3,5,False,84426268672,2026-10-06T02:26:47.143659+00:00
NET,Technology,359.49,10.42,,10.42,-33.4958,False,False,,True,False,True,False,False,2,5,False,128007094272,2026-10-06T02:26:47.143659+00:00
NTRA,Healthcare,425.64,11.76,,11.76,-35.2074,False,False,,True,False,True,True,False,3,5,False,61353529344,2026-10-06T02:26:47.143659+00:00
MSGS,Communication Services,400.32,11.9,6.89,9.89,-39.4673,False,False,53.36,True,True,True,,True,4,4,False,9639682048,2026-10-06T02:26:47.143659+00:00
ELAN,Healthcare,22.51,,0.09,0.09,-251.4432,False,False,,True,False,True,True,True,4,5,False,11246487552,2026-10-06T02:26:47.143659+00:00
