ticker,sector,price,dcf_value,relative_value,fair_value,margin_of_safety,undervalued,valuation_signals_agree,valuation_gap_pct,revenue_not_declining,profitable,fcf_positive,debt_reasonable,analyst_consensus_agrees,quality_checks_passed,quality_checks_applicable,high_confidence_pick,market_cap,last_updated
GLXY,Financial Services,22.15,,2817.64,2817.64,0.9921,True,True,,,False,False,True,True,2,4,False,13052936192,2026-10-07T01:33:25.814124+00:00
PAGS,Technology,10.72,1265.63,507.34,962.31,0.9889,True,True,85.54,True,True,True,True,True,5,5,True,2954925312,2026-10-07T01:33:25.814124+00:00
STNE,Technology,11.62,,281.83,281.83,0.9588,True,True,,True,True,False,True,True,4,5,False,2679521280,2026-10-07T01:33:25.814124+00:00
FWONA,Communication Services,87.73,1274.61,103.71,806.25,0.8912,True,True,169.9,True,True,True,True,True,5,5,True,21994655744,2026-10-07T01:33:25.814124+00:00
BBUC,Industrials,26.2,,237.48,237.48,0.8897,True,True,,False,True,True,False,True,3,5,False,5382580736,2026-10-07T01:33:25.814124+00:00
CHTR,Communication Services,108.64,,932.01,932.01,0.8834,True,True,,True,True,True,False,True,4,5,False,14118593536,2026-10-07T01:33:25.814124+00:00
CTVA,Basic Materials,13.91,172.56,35.98,117.93,0.882,True,True,130.98,False,True,True,True,True,4,5,False,9280696320,2026-10-07T01:33:25.814124+00:00
RUSHB,Consumer Cyclical,56.54,640.89,133.01,437.74,0.8708,True,True,131.25,True,True,True,True,,4,4,True,6599938048,2026-10-07T01:33:25.814124+00:00
VSNT,Communication Services,31.47,250.36,128.66,201.68,0.844,True,True,64.22,False,True,True,True,True,4,5,False,4379682304,2026-10-07T01:33:25.814124+00:00
DX,Real Estate,10.85,,68.31,68.31,0.8412,True,True,,True,True,,False,True,3,4,False,2684610816,2026-10-07T01:33:25.814124+00:00
EE,Energy,34.6,274.28,51.46,185.15,0.8131,True,True,136.8,False,True,True,True,True,4,5,False,3923712512,2026-10-07T01:33:25.814124+00:00
AGNC,Real Estate,8.7,,46.33,46.33,0.8122,True,True,,,True,,False,True,2,3,False,10313689088,2026-10-07T01:33:25.814124+00:00
NLY,Real Estate,18.42,,96.44,96.44,0.809,True,True,,True,True,False,False,True,3,5,False,13883419648,2026-10-07T01:33:25.814124+00:00
G,Technology,33.45,216.32,103.25,171.09,0.8045,True,True,70.77,True,True,True,True,True,5,5,True,5593743360,2026-10-07T01:33:25.814124+00:00
BIPC,Utilities,37.72,,189.51,189.51,0.801,True,True,,True,False,True,False,,2,4,False,4640148480,2026-10-07T01:33:25.814124+00:00
ADT,Industrials,6.36,,31.81,31.81,0.8001,True,True,,True,True,True,False,True,4,5,False,4646356992,2026-10-07T01:33:25.814124+00:00
CENT,Consumer Defensive,40.02,,193.19,193.19,0.7928,True,True,,False,True,True,True,,3,4,False,2504955904,2026-10-07T01:33:25.814124+00:00
FIS,Technology,33.42,,158.31,158.31,0.7889,True,True,,True,True,True,True,True,5,5,False,17274099712,2026-10-07T01:33:25.814124+00:00
LYFT,Technology,15.76,32.29,131.82,72.1,0.7814,True,True,121.3,True,True,True,True,True,5,5,True,5965794304,2026-10-07T01:33:25.814124+00:00
PII,Consumer Cyclical,52.79,330.03,63.47,223.41,0.7637,True,True,135.48,False,False,True,False,True,2,5,False,3003937024,2026-10-07T01:33:25.814124+00:00
LEN-B,Consumer Cyclical,76.97,,325.4,325.4,0.7635,True,True,,True,True,True,True,,4,4,False,18311182336,2026-10-07T01:33:25.814124+00:00
OMC,Communication Services,75.1,484.39,53.34,311.97,0.7593,True,False,160.32,True,False,True,True,True,4,5,False,21403965440,2026-10-07T01:33:25.814124+00:00
MD,Healthcare,26.0,154.98,33.36,106.34,0.7555,True,True,129.15,False,True,True,True,True,4,5,False,2112585088,2026-10-07T01:33:25.814124+00:00
EEFT,Technology,63.54,,249.82,249.82,0.7457,True,True,,True,True,True,False,True,4,5,False,2419291648,2026-10-07T01:33:25.814124+00:00
DLO,Technology,14.53,77.48,25.89,56.84,0.7444,True,True,99.81,True,True,True,True,True,5,5,True,4275730176,2026-10-07T01:33:25.814124+00:00
APTV,Consumer Cyclical,44.72,227.8,81.18,169.15,0.7356,True,True,94.91,True,True,True,True,True,5,5,True,9463669760,2026-10-07T01:33:25.814124+00:00
BBWI,Consumer Cyclical,17.93,71.44,61.64,67.52,0.7345,True,True,14.73,False,True,True,,True,3,4,False,3615500544,2026-10-07T01:33:25.814124+00:00
FISV,,45.48,169.18,,169.18,0.7312,True,True,,True,True,True,,True,4,4,False,24184750080,2026-10-07T01:33:25.814124+00:00
TTD,Communication Services,11.92,59.82,18.19,43.17,0.7239,True,True,106.75,True,True,True,True,True,5,5,True,5635717632,2026-10-07T01:33:25.814124+00:00
GDDY,Technology,98.18,455.27,204.44,354.94,0.7234,True,True,76.04,True,True,True,False,True,4,5,False,12434271232,2026-10-07T01:33:25.814124+00:00
LNC,Financial Services,42.08,,150.35,150.35,0.7201,True,True,,False,True,,True,True,3,4,False,8056103936,2026-10-07T01:33:25.814124+00:00
HRMY,Healthcare,39.36,195.77,54.48,139.25,0.7173,True,True,112.91,True,True,True,True,True,5,5,True,2292184320,2026-10-07T01:33:25.814124+00:00
NWS,Communication Services,31.52,151.69,45.5,109.21,0.7114,True,True,107.7,True,True,True,True,,4,4,True,16994694144,2026-10-07T01:33:25.814124+00:00
EIX,Utilities,54.25,,185.38,185.38,0.7074,True,True,,True,True,False,False,True,3,5,False,20876158976,2026-10-07T01:33:25.814124+00:00
KMT,Industrials,33.41,,111.74,111.74,0.701,True,True,,True,True,False,True,False,3,5,False,2552190976,2026-10-07T01:33:25.814124+00:00
PBI,Industrials,16.56,67.94,35.9,55.12,0.6996,True,True,61.72,False,True,True,,True,3,4,False,2270213888,2026-10-07T01:33:25.814124+00:00
LBTYK,Communication Services,8.95,,29.5,29.5,0.6968,True,True,,True,False,False,True,,2,4,False,3051027968,2026-10-07T01:33:25.814124+00:00
KTB,Consumer Cyclical,65.8,302.17,86.72,215.99,0.6954,True,True,110.8,True,True,True,False,True,4,5,False,3596208384,2026-10-07T01:33:25.814124+00:00
CRC,Energy,52.47,262.97,32.73,170.88,0.6929,True,False,155.72,True,True,True,True,True,5,5,False,4660380160,2026-10-07T01:33:25.814124+00:00
SEB,Industrials,4112.69,,13387.64,13387.64,0.6928,True,True,,False,True,True,True,,3,4,False,3939113984,2026-10-07T01:33:25.814124+00:00
ADM,Consumer Defensive,82.21,403.59,62.29,267.07,0.6922,True,False,146.51,False,True,True,True,False,3,5,False,39621644288,2026-10-07T01:33:25.814124+00:00
CMCSA,Communication Services,21.56,,69.17,69.17,0.6883,True,True,,True,True,True,True,True,5,5,False,76508602368,2026-10-07T01:33:25.814124+00:00
PURR,Financial Services,12.5,,39.98,39.98,0.6874,True,True,,,True,,,True,2,2,False,3478391296,2026-10-07T01:33:25.814124+00:00
GEN,Technology,22.8,81.12,59.14,72.33,0.6848,True,True,31.34,True,True,True,False,True,4,5,False,13647782912,2026-10-07T01:33:25.814124+00:00
REZI,Industrials,18.92,,59.93,59.93,0.6843,True,True,,True,False,False,True,True,3,5,False,2872952320,2026-10-07T01:33:25.814124+00:00
DLB,Industrials,58.46,256.3,78.25,185.08,0.6841,True,True,106.44,True,True,True,True,True,5,5,True,5475877376,2026-10-07T01:33:25.814124+00:00
BHF,Financial Services,50.03,,157.7,157.7,0.6827,True,True,,False,True,,True,True,3,4,False,2877303552,2026-10-07T01:33:25.814124+00:00
SFD,Consumer Defensive,18.78,65.67,49.37,59.15,0.6825,True,True,28.34,False,True,True,True,True,4,5,False,7394952704,2026-10-07T01:33:25.814124+00:00
HG,Financial Services,34.24,,107.3,107.3,0.6809,True,True,,True,True,,True,True,4,4,False,3376556800,2026-10-07T01:33:25.814124+00:00
THC,Healthcare,258.47,1083.93,396.55,808.98,0.6805,True,True,92.86,True,True,True,True,True,5,5,True,20811745280,2026-10-07T01:33:25.814124+00:00
PRDO,Consumer Defensive,32.06,130.56,54.62,100.18,0.68,True,True,82.02,True,True,True,True,,4,4,True,2006220544,2026-10-07T01:33:25.814124+00:00
VGNT,Consumer Cyclical,47.37,162.26,122.04,146.17,0.6759,True,True,28.29,True,True,True,False,True,4,5,False,3355466496,2026-10-07T01:33:25.814124+00:00
M,Consumer Cyclical,22.46,84.01,47.06,69.23,0.6756,True,True,56.38,False,True,True,True,True,4,5,False,5866027008,2026-10-07T01:33:25.814124+00:00
DBD,Technology,65.48,232.5,154.23,201.2,0.6745,True,True,40.48,False,True,True,True,True,4,5,False,2222822656,2026-10-07T01:33:25.814124+00:00
MMS,Industrials,54.68,,166.95,166.95,0.6725,True,True,,True,True,True,True,,4,4,False,2862922496,2026-10-07T01:33:25.814124+00:00
GHC,Industrials,1157.67,3858.15,3041.23,3531.38,0.6722,True,True,23.68,True,True,True,True,,4,4,True,4902649344,2026-10-07T01:33:25.814124+00:00
WSC,Industrials,17.36,71.55,23.48,52.32,0.6682,True,True,101.18,True,False,True,False,True,3,5,False,3145475072,2026-10-07T01:33:25.814124+00:00
LULU,Consumer Cyclical,93.61,314.84,231.78,281.62,0.6676,True,True,30.39,True,True,True,True,True,5,5,True,10363565056,2026-10-07T01:33:25.814124+00:00
TRN,Industrials,26.21,,78.38,78.38,0.6656,True,True,,True,True,False,False,,2,4,False,2088137216,2026-10-07T01:33:25.814124+00:00
PSN,Technology,42.1,171.28,56.43,125.34,0.6641,True,True,100.87,True,True,True,True,True,5,5,True,4496506880,2026-10-07T01:33:25.814124+00:00
MRP,Real Estate,23.17,,67.84,67.84,0.6585,True,True,,,True,,True,True,3,3,False,3847330304,2026-10-07T01:33:25.814124+00:00
NTCT,Technology,40.99,162.43,55.7,119.74,0.6577,True,True,97.86,False,True,True,True,True,4,5,False,2980272896,2026-10-07T01:33:25.814124+00:00
CVSA,Consumer Defensive,127.37,524.41,140.06,370.67,0.6564,True,True,115.68,True,True,True,True,True,5,5,True,4312774656,2026-10-07T01:33:25.814124+00:00
KD,Technology,11.48,23.03,48.87,33.37,0.6559,True,True,71.88,False,True,True,False,True,3,5,False,2500553472,2026-10-07T01:33:25.814124+00:00
PINS,Communication Services,20.03,91.39,6.99,57.63,0.6524,True,False,171.58,True,True,True,True,True,5,5,False,11219951616,2026-10-07T01:33:25.814124+00:00
VNT,Technology,32.84,103.08,81.27,94.36,0.652,True,True,23.66,False,True,True,True,True,4,5,False,4439968256,2026-10-07T01:33:25.814124+00:00
INTU,Technology,289.81,1035.51,519.6,829.15,0.6505,True,True,66.35,True,True,True,True,True,5,5,True,77447667712,2026-10-07T01:33:25.814124+00:00
TALO,Energy,16.76,,47.86,47.86,0.6498,True,True,,True,False,True,True,True,4,5,False,2798341376,2026-10-07T01:33:25.814124+00:00
TDC,Technology,29.62,59.95,120.84,84.31,0.6487,True,True,67.36,False,True,True,True,True,4,5,False,2754660096,2026-10-07T01:33:25.814124+00:00
TAP,Consumer Defensive,36.91,,105.06,105.06,0.6487,True,True,,True,False,True,True,True,4,5,False,6882014720,2026-10-07T01:33:25.814124+00:00
LDOS,Technology,116.69,,331.99,331.99,0.6485,True,True,,True,True,True,True,True,5,5,False,14677906432,2026-10-07T01:33:25.814124+00:00
ALL,Financial Services,224.27,,635.69,635.69,0.6472,True,True,,True,True,True,True,True,5,5,False,56708452352,2026-10-07T01:33:25.814124+00:00
CAH,Healthcare,233.44,1021.35,122.11,661.65,0.6472,True,False,157.28,True,True,True,,True,4,4,False,54055215104,2026-10-07T01:33:25.814124+00:00
TDW,Energy,82.07,334.76,71.25,229.36,0.6422,True,False,129.8,True,True,True,True,True,5,5,False,4083493888,2026-10-07T01:33:25.814124+00:00
BCO,Industrials,103.5,365.12,170.99,287.46,0.64,True,True,72.42,True,True,True,False,True,4,5,False,4263127040,2026-10-07T01:33:25.814124+00:00
LBTYA,Communication Services,9.14,,25.27,25.27,0.6384,True,True,,True,False,False,True,True,3,5,False,3117540352,2026-10-07T01:33:25.814124+00:00
KSS,Consumer Cyclical,19.63,,54.11,54.11,0.6373,True,True,,False,True,True,True,False,3,5,False,2225579520,2026-10-07T01:33:25.814124+00:00
NATL,Technology,45.67,,125.43,125.43,0.6359,True,True,,True,True,True,False,,3,4,False,3374872832,2026-10-07T01:33:25.814124+00:00
RUSHA,Consumer Cyclical,47.05,180.25,51.04,128.57,0.634,True,True,111.72,True,True,True,True,True,5,5,True,5492166144,2026-10-07T01:33:25.814124+00:00
UHS,Healthcare,177.08,547.75,383.75,482.15,0.6327,True,True,35.21,True,True,True,True,True,5,5,True,10436477952,2026-10-07T01:33:25.814124+00:00
AES,Utilities,14.93,,40.5,40.5,0.6314,True,True,,False,True,False,False,True,2,5,False,10647444480,2026-10-07T01:33:25.814124+00:00
SFM,Consumer Defensive,65.17,228.33,92.12,173.84,0.6251,True,True,85.01,True,True,True,True,True,5,5,True,6076947456,2026-10-07T01:33:25.814124+00:00
GNTX,Consumer Cyclical,21.55,73.53,33.25,57.42,0.6247,True,True,75.45,True,True,True,True,True,5,5,True,4589111808,2026-10-07T01:33:25.814124+00:00
DOX,Technology,58.49,,155.48,155.48,0.6238,True,True,,False,True,True,True,True,4,5,False,6107233280,2026-10-07T01:33:25.814124+00:00
MIDD,Industrials,105.92,353.42,171.76,280.75,0.6227,True,True,69.18,False,False,True,True,True,3,5,False,4789950976,2026-10-07T01:33:25.814124+00:00
CRUS,Technology,118.87,356.54,246.93,312.7,0.6199,True,True,36.33,True,True,True,True,True,5,5,True,5957474304,2026-10-07T01:33:25.814124+00:00
VC,Consumer Cyclical,89.31,297.68,135.19,232.69,0.6162,True,True,75.07,True,True,True,True,True,5,5,True,2384042752,2026-10-07T01:33:25.814124+00:00
PTEN,Energy,11.41,40.06,14.13,29.69,0.6157,True,True,95.67,True,False,True,True,True,4,5,False,4331437568,2026-10-07T01:33:25.814124+00:00
FLOC,Energy,18.56,56.68,35.69,48.28,0.6156,True,True,45.45,True,True,True,True,True,5,5,True,2019248640,2026-10-07T01:33:25.814124+00:00
NOG,Energy,23.91,,62.04,62.04,0.6146,True,True,,True,True,True,True,True,5,5,False,2547589632,2026-10-07T01:33:25.814124+00:00
SLDE,Financial Services,23.89,,61.72,61.72,0.613,True,True,,True,True,True,True,True,5,5,False,2790631936,2026-10-07T01:33:25.814124+00:00
SOLV,Healthcare,87.04,,223.99,223.99,0.6114,True,True,,True,True,False,True,True,4,5,False,14816273408,2026-10-07T01:33:25.814124+00:00
BULL,Technology,7.28,29.11,3.03,18.68,0.6103,True,False,162.28,True,True,True,True,True,5,5,False,3928952064,2026-10-07T01:33:25.814124+00:00
ITRI,Technology,88.39,261.95,169.88,225.12,0.6074,True,True,42.64,True,True,True,True,True,5,5,True,3870310912,2026-10-07T01:33:25.814124+00:00
BTDR,Technology,10.91,,27.72,27.72,0.6064,True,True,,True,True,False,True,True,4,5,False,2965144320,2026-10-07T01:33:25.814124+00:00
ZM,Technology,94.2,223.1,258.64,237.32,0.6031,True,True,14.76,True,True,True,True,True,5,5,True,27486025728,2026-10-07T01:33:25.814124+00:00
MKC,Consumer Defensive,45.4,133.63,84.46,113.96,0.6016,True,True,45.09,True,True,True,True,True,5,5,True,12215527424,2026-10-07T01:33:25.814124+00:00
GPOR,Energy,161.24,,399.9,399.9,0.5968,True,True,,False,True,,True,True,3,4,False,2897424896,2026-10-07T01:33:25.814124+00:00
ZTS,Healthcare,71.33,232.12,92.48,176.26,0.5953,True,True,86.03,True,True,True,False,True,4,5,False,29475241984,2026-10-07T01:33:25.814124+00:00
TNL,Consumer Cyclical,62.82,211.29,71.17,155.24,0.5953,True,True,99.21,True,True,True,,True,4,4,True,3849740544,2026-10-07T01:33:25.814124+00:00
UAL,Industrials,111.87,274.72,271.91,273.59,0.5911,True,True,1.03,True,True,True,False,True,4,5,False,36311187456,2026-10-07T01:33:25.814124+00:00
WEX,Technology,171.48,,417.02,417.02,0.5888,True,True,,True,True,True,False,True,4,5,False,5844314624,2026-10-07T01:33:25.814124+00:00
CHWY,Consumer Cyclical,18.14,62.86,15.22,43.8,0.5859,True,False,122.04,True,True,True,False,True,4,5,False,7290960384,2026-10-07T01:33:25.814124+00:00
EPAM,Technology,109.31,261.18,263.21,261.99,0.5828,True,True,0.78,True,True,True,True,True,5,5,True,5638972416,2026-10-07T01:33:25.814124+00:00
ROP,Technology,362.28,1002.8,661.22,866.17,0.5817,True,True,41.05,True,True,True,True,True,5,5,True,35829809152,2026-10-07T01:33:25.814124+00:00
KBH,Consumer Cyclical,45.4,148.04,47.18,107.7,0.5784,True,True,103.34,False,True,True,True,True,4,5,False,2760320000,2026-10-07T01:33:25.814124+00:00
ABG,Consumer Cyclical,169.76,,402.43,402.43,0.5782,True,True,,True,True,True,True,True,5,5,False,3047517184,2026-10-07T01:33:25.814124+00:00
TKO,Communication Services,176.46,623.41,109.92,418.01,0.5779,True,False,140.05,True,True,True,True,True,5,5,False,33398534144,2026-10-07T01:33:25.814124+00:00
BEPC,Utilities,29.65,,70.06,70.06,0.5768,True,True,,False,False,False,False,True,1,5,False,5504312832,2026-10-07T01:33:25.814124+00:00
PNR,Industrials,52.94,146.69,91.76,124.72,0.5755,True,True,46.08,True,True,True,True,True,5,5,True,8555396608,2026-10-07T01:33:25.814124+00:00
ULS,Industrials,68.37,202.81,97.06,160.51,0.574,True,True,70.53,True,True,True,True,True,5,5,True,13780871168,2026-10-07T01:33:25.814124+00:00
DECK,Consumer Cyclical,81.66,235.9,122.26,190.44,0.5712,True,True,63.46,True,True,True,True,True,5,5,True,11120611328,2026-10-07T01:33:25.814124+00:00
PLNT,Consumer Cyclical,42.25,129.15,51.54,98.11,0.5694,True,True,85.9,True,True,True,,True,4,4,True,3204629760,2026-10-07T01:33:25.814124+00:00
FG,Financial Services,20.72,,48.0,48.0,0.5684,True,True,,True,True,True,True,,4,4,False,2712977408,2026-10-07T01:33:25.814124+00:00
FOX,Communication Services,55.58,134.38,119.78,128.54,0.5676,True,True,11.5,True,True,True,True,,4,4,True,23436621824,2026-10-07T01:33:25.814124+00:00
PCG,Utilities,12.5,,28.86,28.86,0.5669,True,True,,True,True,False,True,True,4,5,False,37529587712,2026-10-07T01:33:25.814124+00:00
STNG,Energy,86.23,,198.11,198.11,0.5647,True,True,,False,True,True,True,True,4,5,False,4318515200,2026-10-07T01:33:25.814124+00:00
AGCO,Industrials,116.19,322.14,181.28,265.8,0.5629,True,True,55.96,False,True,True,True,True,4,5,False,8136986624,2026-10-07T01:33:25.814124+00:00
NEM,Basic Materials,116.39,331.88,167.44,266.1,0.5626,True,True,65.86,True,True,True,True,True,5,5,True,122639245312,2026-10-07T01:33:25.814124+00:00
INGM,Technology,28.17,59.56,71.6,64.38,0.5624,True,True,18.37,True,True,True,True,True,5,5,True,6480139264,2026-10-07T01:33:25.814124+00:00
AZZ,Industrials,141.59,427.05,164.13,321.88,0.5601,True,True,88.95,True,True,True,True,True,5,5,True,4254991872,2026-10-07T01:33:25.814124+00:00
HAYW,Industrials,12.31,34.23,18.6,27.98,0.5601,True,True,59.16,False,True,True,True,True,4,5,False,2611192064,2026-10-07T01:33:25.814124+00:00
AU,Basic Materials,93.55,252.7,151.9,212.38,0.5595,True,True,49.83,True,True,True,True,True,5,5,True,47314714624,2026-10-07T01:33:25.814124+00:00
CF,Basic Materials,116.02,258.52,268.88,262.66,0.5583,True,True,3.93,False,True,True,True,True,4,5,False,17558249472,2026-10-07T01:33:25.814124+00:00
BWA,Consumer Cyclical,63.36,192.91,68.94,143.32,0.5579,True,True,94.68,True,True,True,True,True,5,5,True,12904300544,2026-10-07T01:33:25.814124+00:00
MTCH,Communication Services,40.62,119.71,49.46,91.61,0.5566,True,True,83.04,True,True,True,,True,4,4,True,9324360704,2026-10-07T01:33:25.814124+00:00
OSCR,Healthcare,32.34,96.65,36.92,72.76,0.5555,True,True,89.43,True,False,True,True,True,4,5,False,9981579264,2026-10-07T01:33:25.814124+00:00
EXE,Energy,88.23,,198.33,198.33,0.5551,True,True,,True,True,True,True,True,5,5,False,21107161088,2026-10-07T01:33:25.814124+00:00
CNX,Energy,33.24,63.78,91.0,74.67,0.5548,True,True,35.17,False,True,True,True,True,4,5,False,4917646336,2026-10-07T01:33:25.814124+00:00
AM,Energy,21.14,71.28,10.86,47.11,0.5513,True,False,147.13,True,True,True,True,True,5,5,False,10034608128,2026-10-07T01:33:25.814124+00:00
T,Communication Services,24.43,,54.42,54.42,0.5511,True,True,,True,True,True,True,True,5,5,False,167403782144,2026-10-07T01:33:25.814124+00:00
RNR,Financial Services,324.42,,721.35,721.35,0.5503,True,True,,True,True,,True,True,4,4,False,13480265728,2026-10-07T01:33:25.814124+00:00
FOXA,Communication Services,62.08,144.21,127.05,137.34,0.548,True,True,12.65,True,True,True,True,True,5,5,True,26177499136,2026-10-07T01:33:25.814124+00:00
APA,Energy,44.1,,97.41,97.41,0.5473,True,True,,False,True,True,True,True,4,5,False,15450501120,2026-10-07T01:33:25.814124+00:00
CHRD,Energy,137.53,,303.36,303.36,0.5466,True,True,,True,True,True,True,True,5,5,False,7522598400,2026-10-07T01:33:25.814124+00:00
TNK,Energy,101.24,,223.03,223.03,0.5461,True,True,,False,True,True,True,False,3,5,False,3507343872,2026-10-07T01:33:25.814124+00:00
SMCI,Technology,43.46,,95.54,95.54,0.5451,True,True,,True,True,False,True,False,3,5,False,28113100800,2026-10-07T01:33:25.814124+00:00
MCY,Financial Services,103.0,,226.35,226.35,0.545,True,True,,True,True,True,True,,4,4,False,5705028608,2026-10-07T01:33:25.814124+00:00
HRB,Consumer Cyclical,42.63,,93.49,93.49,0.544,True,True,,True,True,True,False,True,4,5,False,5221879296,2026-10-07T01:33:25.814124+00:00
SAIC,Technology,124.59,,273.05,273.05,0.5437,True,True,,False,True,True,True,True,4,5,False,5220026368,2026-10-07T01:33:25.814124+00:00
SON,Consumer Cyclical,48.02,,105.06,105.06,0.5429,True,True,,True,True,True,True,True,5,5,False,4747674624,2026-10-07T01:33:25.814124+00:00
CTSH,Technology,57.22,104.25,155.6,124.79,0.5415,True,True,39.52,True,True,True,True,True,5,5,True,27065061376,2026-10-07T01:33:25.814124+00:00
AAL,Industrials,13.0,,28.32,28.32,0.541,True,True,,True,True,False,,True,3,4,False,8605608960,2026-10-07T01:33:25.814124+00:00
COTY,Consumer Defensive,2.79,,6.03,6.03,0.5372,True,True,,True,False,True,True,False,3,5,False,2457115136,2026-10-07T01:33:25.814124+00:00
NGVT,Basic Materials,72.8,231.75,43.27,156.35,0.5344,True,False,137.07,False,False,True,False,True,2,5,False,2502712576,2026-10-07T01:33:25.814124+00:00
EXEL,Healthcare,58.33,172.79,52.48,124.66,0.5321,True,False,106.82,True,True,True,True,False,4,5,False,14453106688,2026-10-07T01:33:25.814124+00:00
VICI,Real Estate,22.73,,48.57,48.57,0.532,True,True,,True,True,True,True,True,5,5,False,25027491840,2026-10-07T01:33:25.814124+00:00
AOS,Industrials,56.9,138.37,95.62,121.27,0.5308,True,True,36.54,True,True,True,True,True,5,5,True,7733198336,2026-10-07T01:33:25.814124+00:00
ARW,Technology,240.4,,509.65,509.65,0.5283,True,True,,False,True,False,True,False,2,5,False,12237663232,2026-10-07T01:33:25.814124+00:00
CZR,Consumer Cyclical,29.65,,62.72,62.72,0.5273,True,True,,True,False,True,False,True,3,5,False,6042080768,2026-10-07T01:33:25.814124+00:00
EQT,Energy,52.47,135.14,74.52,110.89,0.5268,True,True,57.83,False,True,True,True,True,4,5,False,32820826112,2026-10-07T01:33:25.814124+00:00
YOU,Technology,41.5,110.17,53.8,87.62,0.5264,True,True,68.75,True,True,True,True,True,5,5,True,4270808576,2026-10-07T01:33:25.814124+00:00
DBX,Technology,33.73,,71.14,71.14,0.5258,True,True,,True,True,True,,False,3,4,False,7334339584,2026-10-07T01:33:25.814124+00:00
PBH,Healthcare,46.44,,97.88,97.88,0.5255,True,True,,False,True,True,True,True,4,5,False,2200072704,2026-10-07T01:33:25.814124+00:00
BAH,Industrials,68.14,,142.87,142.87,0.5231,True,True,,True,True,True,False,True,4,5,False,8196218368,2026-10-07T01:33:25.814124+00:00
WTM,Financial Services,2037.25,,4268.13,4268.13,0.5227,True,True,,True,True,,True,,3,3,False,4862347264,2026-10-07T01:33:25.814124+00:00
FDX,Industrials,289.03,652.9,534.21,605.42,0.5226,True,True,20.0,True,True,True,True,True,5,5,True,68404854784,2026-10-07T01:33:25.814124+00:00
ACI,Consumer Defensive,11.48,,24.04,24.04,0.5224,True,True,,True,True,True,False,True,4,5,False,5622656000,2026-10-07T01:33:25.814124+00:00
KBR,Industrials,34.61,,72.36,72.36,0.5217,True,True,,True,True,True,True,True,5,5,False,4363205120,2026-10-07T01:33:25.814124+00:00
CNM,Industrials,42.1,105.48,61.62,87.94,0.5212,True,True,52.5,True,True,True,True,True,5,5,True,7765071360,2026-10-07T01:33:25.814124+00:00
MWH,Utilities,26.52,77.91,21.52,55.36,0.5209,True,False,113.42,True,True,True,True,True,5,5,False,5367296000,2026-10-07T01:33:25.814124+00:00
JBS,Consumer Defensive,12.02,18.53,34.67,24.98,0.5189,True,True,60.71,True,True,True,False,True,4,5,False,39538151424,2026-10-07T01:33:25.814124+00:00
GPK,Consumer Cyclical,8.61,,17.85,17.85,0.5177,True,True,,False,True,False,True,True,3,5,False,2547590400,2026-10-07T01:33:25.814124+00:00
PPC,Consumer Defensive,27.89,,57.57,57.57,0.5156,True,True,,True,True,True,True,True,5,5,False,6640846848,2026-10-07T01:33:25.814124+00:00
WFRD,Energy,79.94,214.7,88.59,164.25,0.5133,True,True,83.16,True,True,True,True,True,5,5,True,5716677632,2026-10-07T01:33:25.814124+00:00
BC,Consumer Cyclical,64.98,174.37,70.69,132.9,0.5111,True,True,84.62,False,False,True,True,True,3,5,False,4210537216,2026-10-07T01:33:25.814124+00:00
PK,Real Estate,15.25,,31.18,31.18,0.5109,True,True,,True,False,True,True,True,4,5,False,3070409728,2026-10-07T01:33:25.814124+00:00
BR,Technology,158.66,341.41,296.33,323.38,0.5094,True,True,14.14,True,True,True,True,True,5,5,True,17912719360,2026-10-07T01:33:25.814124+00:00
PCTY,Technology,146.16,390.27,159.38,297.91,0.5094,True,True,84.01,True,True,True,True,True,5,5,True,7754806272,2026-10-07T01:33:25.814124+00:00
POST,Consumer Defensive,73.32,,148.6,148.6,0.5066,True,True,,True,True,True,False,True,4,5,False,3222912768,2026-10-07T01:33:25.814124+00:00
CART,Consumer Cyclical,45.47,130.38,32.9,91.39,0.5024,True,False,119.4,True,True,True,True,True,5,5,False,10791549952,2026-10-07T01:33:25.814124+00:00
NWSA,Communication Services,28.55,76.68,28.3,57.33,0.502,True,False,92.18,True,True,True,True,True,5,5,False,15393353728,2026-10-07T01:33:25.814124+00:00
SIRI,Communication Services,26.36,54.98,49.84,52.92,0.5019,True,True,9.81,False,True,True,True,True,4,5,False,8885083136,2026-10-07T01:33:25.814124+00:00
DOCU,Technology,68.22,193.52,51.66,136.77,0.5012,True,False,115.72,True,True,True,True,True,5,5,False,12750485504,2026-10-07T01:33:25.814124+00:00
RRX,Industrials,166.36,444.32,161.18,331.07,0.4975,True,False,93.52,True,True,True,True,True,5,5,False,11078222848,2026-10-07T01:33:25.814124+00:00
IP,Consumer Cyclical,32.14,,63.73,63.73,0.4956,True,True,,True,False,False,True,True,3,5,False,17020376064,2026-10-07T01:33:25.814124+00:00
SLM,Financial Services,22.58,,44.72,44.72,0.4951,True,True,,True,True,,False,True,3,4,False,4245039872,2026-10-07T01:33:25.814124+00:00
LAUR,Consumer Defensive,38.25,98.5,41.29,75.62,0.4942,True,True,81.84,True,True,True,True,True,5,5,True,5268913152,2026-10-07T01:33:25.814124+00:00
RNG,Technology,77.26,213.6,61.17,152.63,0.4938,True,False,110.95,True,True,True,,False,3,4,False,6451685888,2026-10-07T01:33:25.814124+00:00
HON,Industrials,212.87,357.22,514.09,419.97,0.4931,True,True,36.01,True,True,True,True,True,5,5,True,67467018240,2026-10-07T01:33:25.814124+00:00
NEU,Basic Materials,926.28,2473.81,852.88,1825.44,0.4926,True,False,97.45,False,True,True,True,,3,4,False,8518447104,2026-10-07T01:33:25.814124+00:00
COKE,Consumer Defensive,194.61,524.32,171.09,383.03,0.4919,True,False,101.59,True,True,True,,,3,3,False,12954077184,2026-10-07T01:33:25.814124+00:00
ARE,Real Estate,45.92,,90.13,90.13,0.4905,True,True,,True,False,,True,True,3,4,False,7902615040,2026-10-07T01:33:25.814124+00:00
HCA,Healthcare,432.2,1129.14,424.75,847.38,0.49,True,False,90.66,True,True,True,,True,4,4,False,95879168000,2026-10-07T01:33:25.814124+00:00
IT,Technology,184.92,357.61,367.93,361.74,0.4888,True,True,2.85,True,True,True,,True,4,4,True,11677508608,2026-10-07T01:33:25.814124+00:00
HCI,Financial Services,184.43,,359.39,359.39,0.4868,True,True,,True,True,True,True,True,5,5,False,2294100224,2026-10-07T01:33:25.814124+00:00
HHH,Real Estate,73.28,,142.45,142.45,0.4856,True,True,,False,True,True,True,True,4,5,False,4376242176,2026-10-07T01:33:25.814124+00:00
ADBE,Technology,238.12,409.72,541.77,462.54,0.4852,True,True,27.76,True,True,True,True,True,5,5,True,92676300800,2026-10-07T01:33:25.814124+00:00
LEA,Consumer Cyclical,122.0,217.72,261.22,235.12,0.4811,True,True,18.16,True,True,True,True,True,5,5,True,6017620992,2026-10-07T01:33:25.814124+00:00
BFAM,Consumer Cyclical,66.42,170.49,63.96,127.88,0.4806,True,False,90.87,True,True,True,False,True,4,5,False,3230356736,2026-10-07T01:33:25.814124+00:00
BILL,Technology,43.96,129.99,16.56,84.62,0.4805,True,False,154.8,True,False,True,True,True,4,5,False,4378272256,2026-10-07T01:33:25.814124+00:00
TTC,Industrials,98.89,253.45,95.12,190.12,0.4799,True,False,90.85,False,True,True,True,True,4,5,False,9361261568,2026-10-07T01:33:25.814124+00:00
JKHY,Technology,144.43,320.86,212.3,277.44,0.4794,True,True,40.72,True,True,True,True,True,5,5,True,10126275584,2026-10-07T01:33:25.814124+00:00
HOG,Consumer Cyclical,26.94,63.22,34.21,51.62,0.4781,True,True,59.56,False,True,True,True,True,4,5,False,2803713280,2026-10-07T01:33:25.814124+00:00
PHM,Consumer Cyclical,116.1,260.13,165.9,222.44,0.4781,True,True,44.24,True,True,True,True,True,5,5,True,22115465216,2026-10-07T01:33:25.814124+00:00
CALM,Consumer Defensive,63.4,177.21,37.55,121.35,0.4775,True,False,130.05,False,True,True,,True,3,4,False,2961452800,2026-10-07T01:33:25.814124+00:00
ACN,Technology,193.4,321.72,439.2,368.71,0.4755,True,True,30.88,True,True,True,True,True,5,5,True,118349594624,2026-10-07T01:33:25.814124+00:00
GPI,Consumer Cyclical,236.96,,450.96,450.96,0.4745,True,True,,True,True,,True,True,4,4,False,2825090560,2026-10-07T01:33:25.814124+00:00
BSX,Healthcare,42.19,109.13,36.89,80.23,0.4742,True,False,98.96,True,True,True,True,True,5,5,False,61142994944,2026-10-07T01:33:25.814124+00:00
INGR,Consumer Defensive,96.75,182.0,185.81,183.52,0.4728,True,True,2.07,False,True,True,True,True,4,5,False,6101440000,2026-10-07T01:33:25.814124+00:00
CNC,Healthcare,64.61,166.21,56.87,122.47,0.4725,True,False,98.03,True,False,True,True,True,4,5,False,31917017088,2026-10-07T01:33:25.814124+00:00
SSNC,Technology,77.99,164.13,121.44,147.06,0.4697,True,True,29.9,True,True,True,True,True,5,5,True,18300741632,2026-10-07T01:33:25.814124+00:00
GLPI,Real Estate,38.08,,71.4,71.4,0.4666,True,True,,True,True,True,True,True,5,5,False,11404979200,2026-10-07T01:33:25.814124+00:00
RAMP,Technology,37.65,74.37,64.61,70.47,0.4657,True,True,14.04,True,True,True,True,True,5,5,True,2288931328,2026-10-07T01:33:25.814124+00:00
MHK,Consumer Cyclical,126.05,273.06,179.37,235.58,0.4649,True,True,41.42,False,True,True,True,True,4,5,False,8538393088,2026-10-07T01:33:25.814124+00:00
NMRK,Real Estate,12.59,,23.44,23.44,0.4629,True,True,,True,True,True,True,True,5,5,False,3081225472,2026-10-07T01:33:25.814124+00:00
BYD,Consumer Cyclical,70.41,32.88,278.38,131.08,0.4628,True,False,157.74,True,True,True,True,True,5,5,False,5115667968,2026-10-07T01:33:25.814124+00:00
OSIS,Technology,198.56,422.75,283.5,367.05,0.459,True,True,39.43,True,True,True,True,True,5,5,True,3165437184,2026-10-07T01:33:25.814124+00:00
PVH,Consumer Cyclical,78.21,142.14,148.19,144.56,0.459,True,True,4.16,False,True,True,True,True,4,5,False,3608439808,2026-10-07T01:33:25.814124+00:00
CRM,Technology,224.99,482.88,314.27,415.44,0.4584,True,True,42.3,True,True,True,True,True,5,5,True,185166774272,2026-10-07T01:33:25.814124+00:00
HPQ,Technology,31.73,38.97,87.93,58.56,0.4581,True,True,77.15,False,True,True,,False,2,4,False,28613826560,2026-10-07T01:33:25.814124+00:00
NCLH,Consumer Cyclical,15.51,,28.54,28.54,0.4566,True,True,,True,True,False,False,True,3,5,False,7122003456,2026-10-07T01:33:25.814124+00:00
NSIT,Technology,159.49,304.67,276.8,293.53,0.4566,True,True,9.59,False,True,True,True,True,4,5,False,4680848384,2026-10-07T01:33:25.814124+00:00
AXS,Financial Services,96.16,,176.74,176.74,0.4559,True,True,,True,True,,True,True,4,4,False,7089226240,2026-10-07T01:33:25.814124+00:00
PFGC,Consumer Defensive,93.78,248.14,56.85,171.62,0.4536,True,False,125.44,True,True,True,True,True,5,5,False,14730255360,2026-10-07T01:33:25.814124+00:00
TIGO,Communication Services,90.46,209.13,100.11,165.52,0.4535,True,True,70.51,True,True,True,False,True,4,5,False,15171046400,2026-10-07T01:33:25.814124+00:00
STUB,Communication Services,5.73,10.48,,10.48,0.4533,True,True,,True,False,True,True,True,4,5,False,2189375488,2026-10-07T01:33:25.814124+00:00
DV,Communication Services,13.48,35.15,8.62,24.54,0.4507,True,False,121.23,True,True,True,True,False,4,5,False,2105339136,2026-10-07T01:33:25.814124+00:00
DHI,Consumer Cyclical,136.75,301.84,167.74,248.2,0.449,True,True,57.11,True,True,True,True,True,5,5,True,38249148416,2026-10-07T01:33:25.814124+00:00
LRN,Consumer Defensive,79.75,,144.2,144.2,0.4469,True,True,,True,True,True,True,,4,4,False,3314397440,2026-10-07T01:33:25.814124+00:00
CSTM,Basic Materials,25.5,22.84,80.64,45.96,0.4452,True,False,111.71,False,True,True,True,True,4,5,False,3455956992,2026-10-07T01:33:25.814124+00:00
DVA,Healthcare,180.4,,324.61,324.61,0.4443,True,True,,True,True,True,False,True,4,5,False,11578973184,2026-10-07T01:33:25.814124+00:00
OSK,Industrials,132.13,241.46,228.29,236.19,0.4406,True,True,5.61,True,True,True,True,True,5,5,True,8238478848,2026-10-07T01:33:25.814124+00:00
LUMN,Communication Services,5.62,,10.04,10.04,0.4405,True,True,,False,False,True,,True,2,4,False,5790347776,2026-10-07T01:33:25.814124+00:00
SPNT,Financial Services,24.61,,43.81,43.81,0.4383,True,True,,True,True,,True,True,4,4,False,2858821120,2026-10-07T01:33:25.814124+00:00
MBGL,Technology,17.62,35.85,24.57,31.34,0.4377,True,True,37.36,True,True,True,True,True,5,5,True,5199259648,2026-10-07T01:33:25.814124+00:00
TDS,Communication Services,35.15,,62.4,62.4,0.4367,True,True,,False,False,True,True,,2,4,False,4046327552,2026-10-07T01:33:25.814124+00:00
DPZ,Consumer Cyclical,302.87,721.55,255.91,535.29,0.4342,True,False,95.27,True,True,True,,True,4,4,False,10019465216,2026-10-07T01:33:25.814124+00:00
NWL,Consumer Defensive,5.55,,9.79,9.79,0.433,True,True,,False,False,True,False,True,2,5,False,2363745024,2026-10-07T01:33:25.814124+00:00
FAF,Financial Services,62.31,,109.69,109.69,0.432,True,True,,False,True,True,True,True,4,5,False,6361851392,2026-10-07T01:33:25.814124+00:00
SNA,Industrials,368.61,775.61,459.11,649.01,0.432,True,True,51.27,True,True,True,True,True,5,5,True,19067133952,2026-10-07T01:33:25.814124+00:00
PTON,Consumer Cyclical,4.87,11.6,3.95,8.54,0.4295,True,False,98.45,False,True,True,,True,3,4,False,2137305600,2026-10-07T01:33:25.814124+00:00
BF-A,Consumer Defensive,26.9,,47.14,47.14,0.4294,True,True,,False,True,True,True,,3,4,False,12343448576,2026-10-07T01:33:25.814124+00:00
AMTM,Industrials,18.77,,32.89,32.89,0.4294,True,True,,True,True,True,True,True,5,5,False,4589385728,2026-10-07T01:33:25.814124+00:00
SPSC,Technology,81.02,181.44,82.64,141.92,0.4291,True,True,74.83,True,True,True,True,False,4,5,False,2916734208,2026-10-07T01:33:25.814124+00:00
SIG,Consumer Cyclical,102.1,189.08,161.43,178.02,0.4265,True,True,15.77,False,True,True,True,True,4,5,False,3912190464,2026-10-07T01:33:25.814124+00:00
DUOL,Technology,148.13,289.09,211.51,258.06,0.426,True,True,30.99,True,True,True,True,False,4,5,False,6930449920,2026-10-07T01:33:25.814124+00:00
DOCS,Healthcare,27.79,69.07,17.36,48.38,0.4256,True,False,119.66,True,True,True,True,True,5,5,False,4953456128,2026-10-07T01:33:25.814124+00:00
UBER,Technology,69.08,124.38,113.53,120.04,0.4245,True,True,9.12,True,True,True,True,True,5,5,True,141100056576,2026-10-07T01:33:25.814124+00:00
TPC,Industrials,89.06,204.86,78.25,154.22,0.4225,True,False,89.44,True,True,True,True,True,5,5,False,4681805312,2026-10-07T01:33:25.814124+00:00
EXLS,Technology,35.41,69.64,48.83,61.32,0.4225,True,True,35.13,True,True,True,True,True,5,5,True,5410043392,2026-10-07T01:33:25.814124+00:00
HNI,Consumer Cyclical,46.74,103.81,46.53,80.9,0.4223,True,False,76.2,True,True,True,True,True,5,5,False,3373777408,2026-10-07T01:33:25.814124+00:00
AN,Consumer Cyclical,158.14,,273.54,273.54,0.4219,True,True,,True,True,False,False,True,3,5,False,5228235776,2026-10-07T01:33:25.814124+00:00
BKV,Energy,22.05,,38.13,38.13,0.4218,True,True,,False,True,False,True,True,3,5,False,2413104128,2026-10-07T01:33:25.814124+00:00
NTNX,Technology,73.41,137.53,110.56,126.74,0.4208,True,True,21.74,True,True,True,False,True,4,5,False,19862556672,2026-10-07T01:33:25.814124+00:00
ALRM,Technology,56.11,114.87,69.41,96.68,0.4197,True,True,49.34,True,True,True,True,True,5,5,True,2754452736,2026-10-07T01:33:25.814124+00:00
CAG,Consumer Defensive,13.45,,23.13,23.13,0.4186,True,True,,False,False,True,True,True,3,5,False,6421185024,2026-10-07T01:33:25.814124+00:00
FOUR,Technology,38.5,58.21,77.81,66.05,0.4171,True,True,28.82,True,True,True,False,True,4,5,False,3039964672,2026-10-07T01:33:25.814124+00:00
VZ,Communication Services,45.98,,78.88,78.88,0.4171,True,True,,True,True,True,True,True,5,5,False,191036571648,2026-10-07T01:33:25.814124+00:00
NVST,Healthcare,23.27,58.81,11.22,39.77,0.4149,True,False,135.93,True,True,True,True,True,5,5,False,3737574144,2026-10-07T01:33:25.814124+00:00
PAYX,Technology,101.02,181.1,159.83,172.59,0.4147,True,True,12.48,True,True,True,True,True,5,5,True,35961147392,2026-10-07T01:33:25.814124+00:00
PAYO,Technology,7.15,15.23,7.68,12.21,0.4144,True,True,65.89,True,True,True,True,True,5,5,True,2422783488,2026-10-07T01:33:25.814124+00:00
WDAY,Technology,186.55,425.84,157.14,318.36,0.414,True,False,92.18,True,True,True,True,True,5,5,False,44958552064,2026-10-07T01:33:25.814124+00:00
CENTA,Consumer Defensive,34.61,,59.02,59.02,0.4136,True,True,,False,True,True,True,True,4,5,False,2166329856,2026-10-07T01:33:25.814124+00:00
PARR,Energy,86.91,92.2,231.38,147.87,0.4122,True,True,86.03,True,True,True,True,False,4,5,False,4354159104,2026-10-07T01:33:25.814124+00:00
KEX,Industrials,138.5,272.32,177.91,234.56,0.4095,True,True,41.94,True,True,True,True,True,5,5,True,7312799744,2026-10-07T01:33:25.814124+00:00
CROX,Consumer Cyclical,120.22,208.98,194.41,203.15,0.4082,True,True,7.22,True,False,True,True,True,4,5,False,5763957248,2026-10-07T01:33:25.814124+00:00
ZGN,Consumer Cyclical,12.5,31.93,4.83,21.09,0.4074,True,False,147.45,True,True,True,True,True,5,5,False,3361117184,2026-10-07T01:33:25.814124+00:00
SYF,Financial Services,72.16,,121.7,121.7,0.4071,True,True,,True,True,,,True,3,3,False,23478761472,2026-10-07T01:33:25.814124+00:00
ACGL,Financial Services,94.82,,158.92,158.92,0.4033,True,True,,True,True,True,True,True,5,5,False,32333619200,2026-10-07T01:33:25.814124+00:00
CINF,Financial Services,163.08,,273.0,273.0,0.4026,True,True,,True,True,True,True,True,5,5,False,25029199872,2026-10-07T01:33:25.814124+00:00
GMED,Healthcare,76.43,164.96,72.3,127.89,0.4024,True,False,78.11,True,True,True,True,True,5,5,False,10261638144,2026-10-07T01:33:25.814124+00:00
DLTR,Consumer Defensive,116.19,231.42,138.38,194.21,0.4017,True,True,50.32,True,True,True,False,True,4,5,False,21800765440,2026-10-07T01:33:25.814124+00:00
JLL,Real Estate,303.62,,506.42,506.42,0.4005,True,True,,True,True,True,True,True,5,5,False,13968859136,2026-10-07T01:33:25.814124+00:00
CRK,Energy,13.65,,22.73,22.73,0.3996,True,True,,False,True,False,True,True,3,5,False,4007920384,2026-10-07T01:33:25.814124+00:00
CPAY,Technology,406.79,721.88,596.73,671.82,0.3945,True,True,18.98,True,True,True,False,True,4,5,False,26709669888,2026-10-07T01:33:25.814124+00:00
RDN,Financial Services,34.11,,56.34,56.34,0.3945,True,True,,True,True,True,True,True,5,5,False,4512798208,2026-10-07T01:33:25.814124+00:00
HAE,Healthcare,103.52,263.01,32.61,170.85,0.3941,True,False,155.87,True,True,True,True,True,5,5,False,4709854720,2026-10-07T01:33:25.814124+00:00
BBT,Financial Services,27.93,,46.09,46.09,0.394,True,True,,True,True,True,,True,4,4,False,2340983296,2026-10-07T01:33:25.814124+00:00
LKQ,Consumer Cyclical,22.39,,36.88,36.88,0.393,True,True,,True,True,True,True,True,5,5,False,5664716288,2026-10-07T01:33:25.814124+00:00
ENS,Industrials,192.49,368.06,237.54,315.85,0.3906,True,True,43.1,True,True,True,True,True,5,5,True,6942195200,2026-10-07T01:33:25.814124+00:00
NMIH,Financial Services,39.91,,65.46,65.46,0.3903,True,True,,True,True,True,True,True,5,5,False,3001944320,2026-10-07T01:33:25.814124+00:00
RITM,Real Estate,8.66,,14.18,14.18,0.3894,True,True,,False,True,False,False,True,2,5,False,4835804672,2026-10-07T01:33:25.814124+00:00
KALU,Basic Materials,153.77,,251.6,251.6,0.3888,True,True,,False,True,False,True,True,3,5,False,2513999872,2026-10-07T01:33:25.814124+00:00
INSW,Energy,116.46,,190.42,190.42,0.3884,True,True,,False,True,True,True,False,3,5,False,5768416768,2026-10-07T01:33:25.814124+00:00
INCY,Healthcare,112.73,216.01,136.53,184.22,0.3881,True,True,45.09,True,True,True,True,True,5,5,True,22850117632,2026-10-07T01:33:25.814124+00:00
DAR,Consumer Defensive,61.17,123.85,63.71,99.79,0.387,True,True,64.14,False,True,True,True,True,4,5,False,9652803584,2026-10-07T01:33:25.814124+00:00
DAN,Consumer Cyclical,28.43,39.21,57.06,46.35,0.3866,True,True,37.09,False,True,True,True,True,4,5,False,3058405120,2026-10-07T01:33:25.814124+00:00
BFH,Financial Services,97.8,,158.94,158.94,0.3847,True,True,,False,True,True,,True,3,4,False,3757404416,2026-10-07T01:33:25.814124+00:00
BMI,Technology,123.73,243.26,136.89,200.71,0.3836,True,True,55.96,True,True,True,True,True,5,5,True,3586542848,2026-10-07T01:33:25.814124+00:00
ACIW,Technology,50.71,91.34,68.56,82.23,0.3833,True,True,28.5,True,True,True,True,True,5,5,True,5119439872,2026-10-07T01:33:25.814124+00:00
OZK,Financial Services,44.58,,72.25,72.25,0.383,True,True,,True,True,True,,True,4,4,False,4860897280,2026-10-07T01:33:25.814124+00:00
PLUS,Technology,94.16,,152.45,152.45,0.3823,True,True,,True,True,False,True,,3,4,False,2462433280,2026-10-07T01:33:25.814124+00:00
NOV,Energy,19.0,43.59,11.3,30.68,0.3806,True,False,117.65,True,True,True,True,True,5,5,False,6773084160,2026-10-07T01:33:25.814124+00:00
SLB,Energy,50.0,112.06,33.46,80.62,0.3798,True,False,108.03,True,True,True,True,True,5,5,False,74207158272,2026-10-07T01:33:25.814124+00:00
KHC,Consumer Defensive,22.03,,35.52,35.52,0.3797,True,True,,False,False,True,True,True,3,5,False,26123698176,2026-10-07T01:33:25.814124+00:00
MOS,Basic Materials,20.94,,33.74,33.74,0.3793,True,True,,False,True,False,True,True,3,5,False,6656735232,2026-10-07T01:33:25.814124+00:00
STZ,Consumer Defensive,115.67,,185.82,185.82,0.3775,True,True,,False,True,True,True,True,4,5,False,19753940992,2026-10-07T01:33:25.814124+00:00
EG,Financial Services,366.84,,588.94,588.94,0.3771,True,True,,True,True,,True,True,4,4,False,14065648640,2026-10-07T01:33:25.814124+00:00
CALY,Consumer Cyclical,14.28,27.89,15.45,22.91,0.3768,True,True,57.4,False,False,True,True,True,3,5,False,2566938112,2026-10-07T01:33:25.814124+00:00
SKYW,Industrials,97.71,74.23,280.06,156.56,0.3759,True,False,116.2,True,True,True,True,True,5,5,False,3875205888,2026-10-07T01:33:25.814124+00:00
CPB,Consumer Defensive,19.0,,30.42,30.42,0.3755,True,True,,True,True,True,True,True,5,5,False,5666459136,2026-10-07T01:33:25.814124+00:00
DHT,Energy,23.52,,37.47,37.47,0.3723,True,True,,True,True,False,True,False,3,5,False,3792260608,2026-10-07T01:33:25.814124+00:00
CBT,Basic Materials,77.11,139.35,98.05,122.83,0.3722,True,True,34.79,False,True,True,True,True,4,5,False,3980527360,2026-10-07T01:33:25.814124+00:00
ECPG,Financial Services,99.19,,157.95,157.95,0.372,True,True,,True,True,True,False,True,4,5,False,2103757056,2026-10-07T01:33:25.814124+00:00
ACM,Industrials,60.16,106.69,79.44,95.79,0.3719,True,True,29.28,True,True,True,True,True,5,5,True,7742376960,2026-10-07T01:33:25.814124+00:00
ALLE,Industrials,155.2,291.51,177.71,245.99,0.3691,True,True,48.51,True,True,True,True,True,5,5,True,13197708288,2026-10-07T01:33:25.814124+00:00
ORI,Financial Services,38.01,,60.24,60.24,0.3691,True,True,,True,True,,True,,3,3,False,9176864768,2026-10-07T01:33:25.814124+00:00
APAM,Financial Services,35.0,,55.27,55.27,0.3667,True,True,,True,True,True,True,True,5,5,False,2484875008,2026-10-07T01:33:25.814124+00:00
ABM,Industrials,48.4,,76.35,76.35,0.366,True,True,,True,True,True,True,True,5,5,False,2836946432,2026-10-07T01:33:25.814124+00:00
AVA,Utilities,35.19,,55.5,55.5,0.366,True,True,,True,True,False,True,True,4,5,False,2947261952,2026-10-07T01:33:25.814124+00:00
GFF,Industrials,94.51,162.51,126.79,148.22,0.3624,True,True,24.69,False,True,True,False,True,3,5,False,4280803584,2026-10-07T01:33:25.814124+00:00
ST,Technology,43.92,83.04,47.21,68.71,0.3608,True,True,55.02,False,True,True,True,True,4,5,False,6391934464,2026-10-07T01:33:25.814124+00:00
SW,Consumer Cyclical,42.39,81.15,43.47,66.08,0.3585,True,True,60.48,True,True,True,True,True,5,5,True,22234525696,2026-10-07T01:33:25.814124+00:00
OGN,Healthcare,13.74,,21.38,21.38,0.3575,True,True,,True,True,True,False,False,3,5,False,3608253696,2026-10-07T01:33:25.814124+00:00
ZION,Financial Services,62.85,,97.78,97.78,0.3572,True,True,,True,True,True,,True,4,4,False,9173168128,2026-10-07T01:33:25.814124+00:00
GEO,Industrials,29.94,,46.56,46.56,0.357,True,True,,True,True,False,True,True,4,5,False,3940690432,2026-10-07T01:33:25.814124+00:00
CARG,Communication Services,28.73,48.93,37.73,44.45,0.3536,True,True,25.84,False,True,True,True,True,4,5,False,2559080960,2026-10-07T01:33:25.814124+00:00
BRK-B,Financial Services,505.54,,782.01,782.01,0.3535,True,True,,True,True,True,True,True,5,5,False,1082214449152,2026-10-07T01:33:25.814124+00:00
NE,Energy,41.45,89.4,26.11,64.09,0.3532,True,False,109.59,True,True,True,True,True,5,5,False,6617170432,2026-10-07T01:33:25.814124+00:00
MUR,Energy,37.79,,58.36,58.36,0.3525,True,True,,False,True,True,True,True,4,5,False,5418372608,2026-10-07T01:33:25.814124+00:00
FNF,Financial Services,39.08,,60.02,60.02,0.3489,True,True,,True,True,True,True,True,5,5,False,10480975872,2026-10-07T01:33:25.814124+00:00
TTAM,Basic Materials,13.56,22.35,18.48,20.8,0.3482,True,True,18.97,True,True,True,True,True,5,5,True,2500102656,2026-10-07T01:33:25.814124+00:00
OVV,Energy,61.48,96.68,90.16,94.07,0.3465,True,True,6.98,,True,True,True,True,4,4,True,17005368320,2026-10-07T01:33:25.814124+00:00
TPR,Consumer Cyclical,116.75,220.8,115.26,178.59,0.3463,True,False,62.81,True,True,True,False,True,4,5,False,23167326208,2026-10-07T01:33:25.814124+00:00
HST,Real Estate,22.48,,34.38,34.38,0.3461,True,True,,True,True,True,True,True,5,5,False,15617451008,2026-10-07T01:33:25.814124+00:00
PRVA,Healthcare,20.28,48.08,5.29,30.96,0.345,True,False,160.37,True,True,True,True,True,5,5,False,2590449920,2026-10-07T01:33:25.814124+00:00
RELY,Technology,23.2,,35.22,35.22,0.3413,True,True,,True,True,True,True,True,5,5,False,4911070208,2026-10-07T01:33:25.814124+00:00
UTHR,Healthcare,541.62,1050.39,478.68,821.71,0.3409,True,False,74.78,True,True,True,,True,4,4,False,23230455808,2026-10-07T01:33:25.814124+00:00
EAT,Consumer Cyclical,190.44,354.02,190.44,288.59,0.3401,True,False,60.09,True,True,True,False,True,4,5,False,7975867392,2026-10-07T01:33:25.814124+00:00
KFY,Industrials,71.06,95.99,125.01,107.6,0.3396,True,True,26.26,True,True,True,True,True,5,5,True,3976435968,2026-10-07T01:33:25.814124+00:00
FSLR,Technology,179.8,120.5,499.37,272.05,0.3391,True,False,122.24,True,True,True,True,True,5,5,False,19323068416,2026-10-07T01:33:25.814124+00:00
NOC,Industrials,483.11,,728.26,728.26,0.3366,True,True,,True,True,True,True,True,5,5,False,68632064000,2026-10-07T01:33:25.814124+00:00
RMD,Healthcare,220.69,438.78,172.99,332.47,0.3362,True,False,86.89,True,True,True,True,True,5,5,False,31037675520,2026-10-07T01:33:25.814124+00:00
EFX,Industrials,142.48,246.06,167.26,214.54,0.3359,True,True,38.13,True,True,True,True,True,5,5,True,16739247104,2026-10-07T01:33:25.814124+00:00
SLGN,Consumer Cyclical,35.21,,52.89,52.89,0.3343,True,True,,True,True,True,False,True,4,5,False,3721063680,2026-10-07T01:33:25.814124+00:00
AXTA,Basic Materials,33.4,59.77,35.1,49.9,0.3307,True,True,52.01,True,True,True,True,True,5,5,True,7148268544,2026-10-07T01:33:25.814124+00:00
HII,Industrials,263.75,,393.47,393.47,0.3297,True,True,,True,True,True,True,True,5,5,False,10392963072,2026-10-07T01:33:25.814124+00:00
GRBK,Consumer Cyclical,67.0,95.14,106.97,99.87,0.3292,True,True,11.7,True,True,True,True,,4,4,True,2881716736,2026-10-07T01:33:25.814124+00:00
OC,Industrials,119.78,120.34,265.55,178.43,0.3287,True,True,75.26,True,False,True,True,True,4,5,False,9468450816,2026-10-07T01:33:25.814124+00:00
ESNT,Financial Services,61.89,,92.05,92.05,0.3276,True,True,,True,True,True,True,True,5,5,False,5562456064,2026-10-07T01:33:25.814124+00:00
MTG,Financial Services,27.36,,40.67,40.67,0.3273,True,True,,True,True,True,True,True,5,5,False,5612215296,2026-10-07T01:33:25.814124+00:00
QLYS,Technology,199.93,379.87,172.75,297.02,0.3269,True,False,74.96,True,True,True,True,False,4,5,False,7040935936,2026-10-07T01:33:25.814124+00:00
CWK,Real Estate,11.94,,17.65,17.65,0.3233,True,True,,True,True,True,True,True,5,5,False,2802481664,2026-10-07T01:33:25.814124+00:00
HIG,Financial Services,126.79,,187.18,187.18,0.3226,True,True,,True,True,True,True,True,5,5,False,34343860224,2026-10-07T01:33:25.814124+00:00
AIG,Financial Services,75.11,,110.85,110.85,0.3224,True,True,,False,True,,True,True,3,4,False,39274508288,2026-10-07T01:33:25.814124+00:00
FCN,Industrials,137.61,,202.66,202.66,0.321,True,True,,True,True,True,True,,4,4,False,3799629056,2026-10-07T01:33:25.814124+00:00
MAN,Industrials,51.87,,76.39,76.39,0.321,True,True,,False,False,False,True,True,2,5,False,2412243712,2026-10-07T01:33:25.814124+00:00
OMF,Financial Services,56.18,,82.59,82.59,0.3197,True,True,,True,True,,False,True,3,4,False,6463029760,2026-10-07T01:33:25.814124+00:00
VRSK,Industrials,165.2,302.8,152.77,242.79,0.3196,True,False,65.86,True,True,True,,True,4,4,False,21644808192,2026-10-07T01:33:25.814124+00:00
UHAL,Industrials,60.67,,88.99,88.99,0.3182,True,True,,True,True,False,True,True,4,5,False,11793852416,2026-10-07T01:33:25.814124+00:00
IBM,Technology,221.29,322.63,323.2,322.86,0.3146,True,True,0.18,True,True,True,True,True,5,5,True,208484909056,2026-10-07T01:33:25.814124+00:00
MMSI,Healthcare,84.96,179.91,39.94,123.92,0.3144,True,False,127.33,True,True,True,True,True,5,5,False,5072997376,2026-10-07T01:33:25.814124+00:00
PCAR,Industrials,109.32,197.13,101.73,158.97,0.3123,True,False,63.85,False,True,True,True,True,4,5,False,57542217728,2026-10-07T01:33:25.814124+00:00
MKL,Financial Services,1738.33,,2526.68,2526.68,0.312,True,True,,True,True,True,True,True,5,5,False,21537835008,2026-10-07T01:33:25.814124+00:00
BKNG,Consumer Cyclical,157.63,279.24,153.79,229.06,0.3118,True,False,57.94,True,True,True,,True,4,4,False,122144096256,2026-10-07T01:33:25.814124+00:00
WAL,Financial Services,76.09,,110.36,110.36,0.3106,True,True,,True,True,False,,True,3,4,False,8301484544,2026-10-07T01:33:25.814124+00:00
SSRM,Basic Materials,34.28,44.39,57.5,49.64,0.3094,True,True,25.74,True,True,True,True,True,5,5,True,7112793600,2026-10-07T01:33:25.814124+00:00
AA,Basic Materials,43.17,41.56,93.82,62.47,0.3089,True,False,77.2,True,True,True,True,True,5,5,False,11392969728,2026-10-07T01:33:25.814124+00:00
EOG,Energy,144.28,,208.55,208.55,0.3082,True,True,,False,True,True,True,True,4,5,False,76847644672,2026-10-07T01:33:25.814124+00:00
LVS,Consumer Cyclical,36.31,51.7,53.49,52.42,0.3073,True,True,3.4,True,True,True,False,True,4,5,False,23518031872,2026-10-07T01:33:25.814124+00:00
PFSI,Financial Services,62.76,,90.56,90.56,0.307,True,True,,True,True,False,False,True,3,5,False,3258805248,2026-10-07T01:33:25.814124+00:00
CHD,Consumer Defensive,96.54,192.35,58.42,138.78,0.3043,True,False,106.82,True,True,True,True,True,5,5,False,22899664896,2026-10-07T01:33:25.814124+00:00
AR,Energy,35.72,,51.3,51.3,0.3036,True,True,,False,True,True,True,True,4,5,False,10981722112,2026-10-07T01:33:25.814124+00:00
LOPE,Consumer Defensive,155.55,263.17,162.02,222.71,0.3016,True,True,47.58,True,True,True,True,True,5,5,True,4054416384,2026-10-07T01:33:25.814124+00:00
AYI,Industrials,302.98,457.81,397.72,433.78,0.3015,True,True,14.05,True,True,True,True,True,5,5,True,9069873152,2026-10-07T01:33:25.814124+00:00
CSL,Industrials,325.74,491.73,422.02,463.85,0.2977,True,True,15.26,False,True,True,True,True,4,5,False,12936480768,2026-10-07T01:33:25.814124+00:00
AUPH,Healthcare,15.69,13.71,35.19,22.31,0.2966,True,False,87.84,True,True,True,True,True,5,5,False,2087572736,2026-10-07T01:33:25.814124+00:00
PBF,Energy,82.88,,117.49,117.49,0.2946,True,True,,False,False,False,True,False,1,5,False,9824332800,2026-10-07T01:33:25.814124+00:00
LII,Industrials,365.63,,517.62,517.62,0.2936,True,True,,True,True,,True,True,4,4,False,12636420096,2026-10-07T01:33:25.814124+00:00
NFG,Energy,78.35,,110.8,110.8,0.2929,True,True,,True,True,True,True,,4,4,False,7446782976,2026-10-07T01:33:25.814124+00:00
BKE,Consumer Cyclical,43.46,55.17,70.73,61.4,0.2921,True,True,24.72,False,True,True,True,,3,4,False,2238730240,2026-10-07T01:33:25.814124+00:00
DRH,Real Estate,12.38,,17.43,17.43,0.2901,True,True,,True,True,True,True,True,5,5,False,2541690112,2026-10-07T01:33:25.814124+00:00
BBY,Consumer Cyclical,84.85,120.65,117.63,119.44,0.2896,True,True,2.54,False,True,True,True,True,4,5,False,17795395584,2026-10-07T01:33:25.814124+00:00
ALLY,Financial Services,37.62,,52.94,52.94,0.2894,True,True,,False,True,False,,True,2,4,False,11443991552,2026-10-07T01:33:25.814124+00:00
PEB,Real Estate,18.98,,26.7,26.7,0.2891,True,True,,True,False,,True,True,3,4,False,2134335872,2026-10-07T01:33:25.814124+00:00
OTTR,Industrials,89.2,,125.15,125.15,0.2873,True,True,,False,True,True,True,,3,4,False,3745113600,2026-10-07T01:33:25.814124+00:00
DKS,Consumer Cyclical,134.88,,189.23,189.23,0.2872,True,True,,True,True,True,True,True,5,5,False,13289263104,2026-10-07T01:33:25.814124+00:00
PEGA,Technology,34.6,50.75,44.67,48.32,0.2839,True,True,12.73,True,True,True,True,True,5,5,True,5688410624,2026-10-07T01:33:25.814124+00:00
AVT,Technology,106.37,,148.23,148.23,0.2824,True,True,,True,True,False,True,False,3,5,False,8730102784,2026-10-07T01:33:25.814124+00:00
GGG,Industrials,78.89,132.12,76.0,109.67,0.2807,True,False,53.93,True,True,True,True,True,5,5,False,12776537088,2026-10-07T01:33:25.814124+00:00
GAP,Consumer Cyclical,23.79,22.59,48.7,33.03,0.2798,True,False,73.23,False,True,True,True,True,4,5,False,8356717056,2026-10-07T01:33:25.814124+00:00
PAYC,Technology,222.44,313.68,301.46,308.79,0.2796,True,True,3.97,True,True,True,True,False,4,5,False,10025731072,2026-10-07T01:33:25.814124+00:00
FTDR,Consumer Cyclical,78.77,134.32,71.64,109.25,0.279,True,False,60.87,True,True,True,False,True,4,5,False,5426725888,2026-10-07T01:33:25.814124+00:00
HOS,Industrials,7.72,,10.69,10.69,0.2778,True,True,,True,True,False,True,,3,4,False,2524439808,2026-10-07T01:33:25.814124+00:00
COR,Healthcare,316.37,586.93,209.04,435.77,0.274,True,False,94.95,True,True,True,False,True,4,5,False,60371988480,2026-10-07T01:33:25.814124+00:00
QCOM,Technology,181.03,247.34,250.96,248.79,0.2723,True,True,1.46,True,True,True,True,True,5,5,True,193310982144,2026-10-07T01:33:25.814124+00:00
PPG,Basic Materials,106.52,161.97,122.41,146.14,0.2711,True,True,27.82,True,True,True,True,True,5,5,True,23679395840,2026-10-07T01:33:25.814124+00:00
BLX,Financial Services,55.58,,76.23,76.23,0.2709,True,True,,True,True,True,,True,4,4,False,2069255040,2026-10-07T01:33:25.814124+00:00
CUBI,Financial Services,75.0,,102.64,102.64,0.2693,True,True,,True,True,True,,True,4,4,False,2533785088,2026-10-07T01:33:25.814124+00:00
CI,Healthcare,274.37,,374.85,374.85,0.2681,True,True,,True,True,True,True,True,5,5,False,72499658752,2026-10-07T01:33:25.814124+00:00
WLY,Communication Services,48.45,66.33,65.97,66.19,0.268,True,True,0.55,False,True,True,True,,3,4,False,2455636224,2026-10-07T01:33:25.814124+00:00
EXPE,Consumer Cyclical,260.07,396.35,290.88,354.16,0.2657,True,True,30.69,True,True,True,False,True,4,5,False,31213430784,2026-10-07T01:33:25.814124+00:00
MTX,Basic Materials,65.98,84.39,97.73,89.72,0.2646,True,True,14.65,False,False,True,True,True,3,5,False,2053875840,2026-10-07T01:33:25.814124+00:00
RPM,Basic Materials,98.31,161.24,92.17,133.61,0.2642,True,False,54.51,True,True,True,True,True,5,5,False,12542793728,2026-10-07T01:33:25.814124+00:00
FIVN,Technology,33.29,56.62,28.11,45.21,0.2637,True,False,67.29,True,True,True,True,True,5,5,False,2487546368,2026-10-07T01:33:25.814124+00:00
TRV,Financial Services,360.64,,488.91,488.91,0.2624,True,True,,True,True,,True,False,3,4,False,75220500480,2026-10-07T01:33:25.814124+00:00
CBZ,Industrials,54.74,84.19,58.99,74.11,0.2614,True,True,35.19,True,True,True,True,,4,4,True,3007441920,2026-10-07T01:33:25.814124+00:00
GPN,Industrials,81.79,,110.71,110.71,0.2612,True,True,,False,True,True,True,True,4,5,False,21643137024,2026-10-07T01:33:25.814124+00:00
MO,Consumer Defensive,68.55,,92.76,92.76,0.261,True,True,,False,True,True,,True,3,4,False,114460950528,2026-10-07T01:33:25.814124+00:00
AGO,Financial Services,69.43,,93.55,93.55,0.2578,True,True,,True,True,,True,True,4,4,False,3053476352,2026-10-07T01:33:25.814124+00:00
GIS,Consumer Defensive,32.18,,43.29,43.29,0.2566,True,True,,False,False,True,True,True,3,5,False,17206233088,2026-10-07T01:33:25.814124+00:00
PFS,Financial Services,22.28,,29.9,29.9,0.2547,True,True,,True,True,True,,True,4,4,False,2905816064,2026-10-07T01:33:25.814124+00:00
GTES,Industrials,28.25,38.88,36.26,37.83,0.2533,True,True,6.98,False,True,True,True,True,4,5,False,7151520256,2026-10-07T01:33:25.814124+00:00
CCK,Consumer Cyclical,107.69,,144.12,144.12,0.2528,True,True,,False,True,True,True,True,4,5,False,11712419840,2026-10-07T01:33:25.814124+00:00
OGS,Utilities,73.15,,97.8,97.8,0.252,True,True,,False,True,False,True,True,3,5,False,4597936640,2026-10-07T01:33:25.814124+00:00
NYT,Communication Services,64.07,112.63,45.1,85.62,0.2517,True,False,85.63,True,True,True,,True,4,4,False,10333438976,2026-10-07T01:33:25.814124+00:00
THO,Consumer Cyclical,67.63,99.83,75.89,90.25,0.2507,True,True,27.25,False,True,True,True,True,4,5,False,3490679040,2026-10-07T01:33:25.814124+00:00
PTC,Technology,193.0,239.3,283.99,257.17,0.2495,True,True,17.08,True,True,True,True,False,4,5,False,20966019072,2026-10-07T01:33:25.814124+00:00
ANDE,Consumer Defensive,66.61,,88.64,88.64,0.2486,True,True,,False,True,False,True,True,3,5,False,2268170496,2026-10-07T01:33:25.814124+00:00
AEO,Consumer Cyclical,17.89,19.0,31.01,23.8,0.2484,True,True,48.01,True,True,True,True,True,5,5,True,2997886720,2026-10-07T01:33:25.814124+00:00
ORCL,Technology,144.77,,192.31,192.31,0.2472,True,True,,True,True,False,False,True,3,5,False,438870409216,2026-10-07T01:33:25.814124+00:00
GTX,Consumer Cyclical,26.09,36.31,32.08,34.62,0.2464,True,True,12.38,False,True,True,,True,3,4,False,4883747840,2026-10-07T01:33:25.814124+00:00
CPRT,Industrials,26.82,34.38,37.38,35.58,0.2462,True,True,8.38,True,True,True,True,True,5,5,True,24844181504,2026-10-07T01:33:25.814124+00:00
EPR,Real Estate,55.27,,73.29,73.29,0.2459,True,True,,True,True,,True,True,4,4,False,4234174976,2026-10-07T01:33:25.814124+00:00
MAT,Consumer Cyclical,15.93,,21.08,21.08,0.2444,True,True,,False,True,True,True,True,4,5,False,4551201280,2026-10-07T01:33:25.814124+00:00
COLM,Consumer Cyclical,57.45,77.85,73.27,76.02,0.2443,True,True,6.06,False,True,True,True,True,4,5,False,2941048832,2026-10-07T01:33:25.814124+00:00
VVX,Industrials,70.96,,93.73,93.73,0.243,True,True,,True,True,True,True,True,5,5,False,2224266496,2026-10-07T01:33:25.814124+00:00
OXY,Energy,58.33,,76.98,76.98,0.2423,True,True,,False,True,True,True,True,4,5,False,58308849664,2026-10-07T01:33:25.814124+00:00
PATK,Consumer Cyclical,66.64,87.58,87.42,87.52,0.2385,True,True,0.18,False,True,True,True,True,4,5,False,2140361088,2026-10-07T01:33:25.814124+00:00
AGX,Industrials,419.64,716.79,299.73,549.96,0.237,True,False,82.06,True,True,True,True,True,5,5,False,5887482880,2026-10-07T01:33:25.814124+00:00
ALSN,Consumer Cyclical,114.75,175.25,113.1,150.39,0.237,True,False,43.11,True,True,True,False,True,4,5,False,9475829760,2026-10-07T01:33:25.814124+00:00
TROW,Financial Services,103.6,,135.68,135.68,0.2364,True,True,,True,True,True,True,True,5,5,False,22099521536,2026-10-07T01:33:25.814124+00:00
WK,Technology,70.16,138.1,22.56,91.88,0.2364,True,False,143.83,True,False,True,,True,3,4,False,3937332736,2026-10-07T01:33:25.814124+00:00
REYN,Consumer Cyclical,22.32,,29.19,29.19,0.2352,True,True,,False,True,True,True,True,4,5,False,4704327680,2026-10-07T01:33:25.814124+00:00
WAFD,Financial Services,29.92,,39.11,39.11,0.235,True,True,,True,True,True,,True,4,4,False,2214424576,2026-10-07T01:33:25.814124+00:00
KVYO,Technology,16.6,35.39,1.14,21.69,0.2347,True,False,187.55,True,False,True,True,True,4,5,False,4726475264,2026-10-07T01:33:25.814124+00:00
BIRK,Consumer Cyclical,34.0,49.12,37.21,44.36,0.2335,True,True,27.6,True,True,True,True,True,5,5,True,5614290944,2026-10-07T01:33:25.814124+00:00
SM,Energy,35.1,19.76,84.51,45.66,0.2313,True,False,124.18,False,True,True,True,True,4,5,False,8348677120,2026-10-07T01:33:25.814124+00:00
LAD,Consumer Cyclical,292.51,,380.47,380.47,0.2312,True,True,,True,True,True,False,True,4,5,False,6430281728,2026-10-07T01:33:25.814124+00:00
HAL,Energy,32.72,50.01,31.22,42.5,0.23,True,False,46.28,True,True,True,True,True,5,5,False,27334215680,2026-10-07T01:33:25.814124+00:00
TXT,Industrials,75.53,76.39,130.55,98.05,0.2297,True,True,52.35,True,True,True,True,True,5,5,True,13133834240,2026-10-07T01:33:25.814124+00:00
BF-B,Consumer Defensive,26.35,,34.09,34.09,0.2271,True,True,,False,True,True,True,True,4,5,False,12091073536,2026-10-07T01:33:25.814124+00:00
AAP,Consumer Cyclical,41.24,,53.23,53.23,0.2253,True,True,,False,True,False,False,True,2,5,False,2490896128,2026-10-07T01:33:25.814124+00:00
ACT,Financial Services,46.32,,59.67,59.67,0.2237,True,True,,True,True,,True,True,4,4,False,6368243200,2026-10-07T01:33:25.814124+00:00
INDV,Healthcare,35.9,,46.11,46.11,0.2214,True,True,,True,True,False,,True,3,4,False,4237346560,2026-10-07T01:33:25.814124+00:00
MAS,Industrials,69.93,80.11,104.28,89.77,0.221,True,True,26.22,False,True,True,,True,3,4,False,13789317120,2026-10-07T01:33:25.814124+00:00
BKR,Energy,57.13,92.11,45.01,73.27,0.2203,True,False,68.71,True,True,True,True,True,5,5,False,56711471104,2026-10-07T01:33:25.814124+00:00
POR,Utilities,44.27,,56.66,56.66,0.2187,True,True,,True,True,False,True,True,4,5,False,5206494720,2026-10-07T01:33:25.814124+00:00
MZTI,Consumer Defensive,100.2,,128.09,128.09,0.2178,True,True,,True,True,True,True,True,5,5,False,2734558208,2026-10-07T01:33:25.814124+00:00
KRG,Real Estate,24.13,,30.8,30.8,0.2166,True,True,,True,True,True,True,True,5,5,False,5017016320,2026-10-07T01:33:25.814124+00:00
LINE,Real Estate,34.44,,43.87,43.87,0.215,True,True,,True,False,True,True,True,4,5,False,8566592000,2026-10-07T01:33:25.814124+00:00
EXC,Utilities,41.68,,53.0,53.0,0.2137,True,True,,True,True,False,True,True,4,5,False,42940985344,2026-10-07T01:33:25.814124+00:00
ES,Utilities,65.26,,82.93,82.93,0.2131,True,True,,True,True,False,True,True,4,5,False,24581795840,2026-10-07T01:33:25.814124+00:00
CNA,Financial Services,46.21,,58.38,58.38,0.2085,True,True,,True,True,True,True,,4,4,False,12504468480,2026-10-07T01:33:25.814124+00:00
APPF,Technology,203.31,326.29,152.02,256.58,0.2076,True,False,72.87,True,True,True,True,True,5,5,False,7200628736,2026-10-07T01:33:25.814124+00:00
PHIN,Consumer Cyclical,60.76,64.28,95.17,76.63,0.2071,True,True,38.75,True,True,True,True,True,5,5,True,2226130176,2026-10-07T01:33:25.814124+00:00
ASO,Consumer Cyclical,52.31,40.92,103.49,65.95,0.2068,True,False,86.65,False,True,True,True,True,4,5,False,3221191936,2026-10-07T01:33:25.814124+00:00
TYL,Technology,330.91,541.77,229.22,416.75,0.206,True,False,81.08,True,True,True,True,True,5,5,False,13551516672,2026-10-07T01:33:25.814124+00:00
HIW,Real Estate,29.64,,37.33,37.33,0.206,True,True,,False,True,,True,True,3,4,False,3329068544,2026-10-07T01:33:25.814124+00:00
CACI,Technology,599.64,,754.82,754.82,0.2056,True,True,,True,True,True,True,True,5,5,False,13251802112,2026-10-07T01:33:25.814124+00:00
CRGY,Energy,13.62,,17.14,17.14,0.2056,True,True,,True,True,False,True,True,4,5,False,4500098560,2026-10-07T01:33:25.814124+00:00
APLE,Real Estate,16.33,,20.55,20.55,0.2055,True,True,,True,True,True,True,True,5,5,False,3855230464,2026-10-07T01:33:25.814124+00:00
MSA,Industrials,182.45,250.76,196.31,228.98,0.2032,True,True,24.36,True,True,True,True,True,5,5,True,7038608384,2026-10-07T01:33:25.814124+00:00
OHI,Real Estate,44.77,,56.08,56.08,0.2017,True,True,,True,True,True,True,True,5,5,False,14120246272,2026-10-07T01:33:25.814124+00:00
CHDN,Consumer Cyclical,78.21,,97.94,97.94,0.2015,True,True,,True,True,True,False,True,4,5,False,5451255808,2026-10-07T01:33:25.814124+00:00
BLDR,Industrials,56.22,81.27,53.69,70.24,0.1996,False,False,40.88,False,True,True,True,True,4,5,False,6049072640,2026-10-07T01:33:25.814124+00:00
TMUS,Communication Services,165.93,,207.07,207.07,0.1987,False,True,,True,True,True,False,True,4,5,False,177988386816,2026-10-07T01:33:25.814124+00:00
JBTM,Industrials,108.69,146.42,119.29,135.57,0.1983,False,True,20.42,True,False,True,True,True,4,5,False,5638491136,2026-10-07T01:33:25.814124+00:00
MBIN,Financial Services,49.95,,62.28,62.28,0.198,False,True,,True,True,False,,,2,3,False,2294473728,2026-10-07T01:33:25.814124+00:00
RGA,Financial Services,251.14,,312.74,312.74,0.197,False,True,,True,True,True,True,True,5,5,False,16399859712,2026-10-07T01:33:25.814124+00:00
OFG,Financial Services,50.84,,63.15,63.15,0.195,False,True,,True,True,True,,True,4,4,False,2148777728,2026-10-07T01:33:25.814124+00:00
TOL,Consumer Cyclical,138.0,148.35,205.75,171.31,0.1944,False,True,32.42,True,True,True,True,True,5,5,True,12716285952,2026-10-07T01:33:25.814124+00:00
MGRC,Industrials,117.98,,145.96,145.96,0.1917,False,True,,True,True,True,True,True,5,5,False,2881740032,2026-10-07T01:33:25.814124+00:00
ASB,Financial Services,28.9,,35.75,35.75,0.1916,False,True,,True,True,True,,True,4,4,False,5453949952,2026-10-07T01:33:25.814124+00:00
PYPL,Financial Services,54.61,,67.51,67.51,0.1911,False,True,,True,True,True,True,True,5,5,False,47073820672,2026-10-07T01:33:25.814124+00:00
EHC,Healthcare,124.69,192.96,95.72,154.06,0.1907,False,False,67.37,True,True,True,True,True,5,5,False,12301090816,2026-10-07T01:33:25.814124+00:00
SPG,Real Estate,201.74,,249.17,249.17,0.1903,False,True,,True,True,True,False,True,4,5,False,76585246720,2026-10-07T01:33:25.814124+00:00
NJR,Utilities,51.55,,63.54,63.54,0.1887,False,True,,False,True,False,True,True,3,5,False,5202507264,2026-10-07T01:33:25.814124+00:00
KR,Consumer Defensive,58.41,,71.94,71.94,0.1881,False,True,,False,True,True,False,True,3,5,False,34496282624,2026-10-07T01:33:25.814124+00:00
CDW,Technology,135.67,103.14,262.68,166.96,0.1874,False,False,87.22,False,True,True,False,True,3,5,False,16961114112,2026-10-07T01:33:25.814124+00:00
GEF,Consumer Cyclical,82.54,83.14,128.83,101.41,0.1861,False,True,43.11,False,True,True,True,True,4,5,False,4692247040,2026-10-07T01:33:25.814124+00:00
BSY,Technology,35.97,54.75,28.25,44.15,0.1853,False,False,63.84,True,True,True,True,True,5,5,False,10866281472,2026-10-07T01:33:25.814124+00:00
SIGI,Financial Services,84.82,,104.02,104.02,0.1846,False,True,,True,True,True,True,True,5,5,False,5055271936,2026-10-07T01:33:25.814124+00:00
CNK,Communication Services,35.28,47.55,36.77,43.24,0.1841,False,True,25.57,True,True,True,False,True,4,5,False,4089370112,2026-10-07T01:33:25.814124+00:00
LMT,Industrials,510.12,,624.76,624.76,0.1835,False,True,,True,True,True,False,True,4,5,False,117730975744,2026-10-07T01:33:25.814124+00:00
USFD,Consumer Defensive,96.53,153.07,65.13,117.89,0.1812,False,False,80.6,True,True,True,True,True,5,5,False,20882403328,2026-10-07T01:33:25.814124+00:00
ED,Utilities,105.12,,128.17,128.17,0.1799,False,True,,True,True,True,True,True,5,5,False,38876389376,2026-10-07T01:33:25.814124+00:00
OLED,Technology,79.66,76.29,128.37,97.12,0.1798,False,False,50.89,True,True,True,True,True,5,5,False,3661718272,2026-10-07T01:33:25.814124+00:00
FRSH,Technology,13.76,17.78,15.22,16.75,0.1786,False,True,15.53,True,True,True,True,True,5,5,True,3590269952,2026-10-07T01:33:25.814124+00:00
VIRT,Financial Services,61.62,,74.99,74.99,0.1783,False,True,,True,True,True,False,True,4,5,False,5441088000,2026-10-07T01:33:25.814124+00:00
TNET,Industrials,62.78,71.15,83.87,76.24,0.1765,False,True,16.42,True,True,True,False,True,4,5,False,2881899264,2026-10-07T01:33:25.814124+00:00
RIG,Energy,5.4,6.43,6.73,6.55,0.176,False,True,4.58,True,False,True,True,True,4,5,False,6031152640,2026-10-07T01:33:25.814124+00:00
DUK,Utilities,115.66,,140.34,140.34,0.1758,False,True,,True,True,False,True,True,4,5,False,90180362240,2026-10-07T01:33:25.814124+00:00
LIVN,Healthcare,74.93,113.64,56.61,90.83,0.175,False,False,66.99,True,False,True,True,True,4,5,False,4128156672,2026-10-07T01:33:25.814124+00:00
LUV,Industrials,42.45,,51.43,51.43,0.1746,False,True,,True,True,False,True,True,4,5,False,20766887936,2026-10-07T01:33:25.814124+00:00
FNB,Financial Services,17.28,,20.93,20.93,0.1743,False,True,,True,True,True,,True,4,4,False,6099856896,2026-10-07T01:33:25.814124+00:00
BMY,Healthcare,59.59,,71.98,71.98,0.1722,False,True,,True,True,True,False,True,4,5,False,121725362176,2026-10-07T01:33:25.814124+00:00
CVS,Healthcare,86.43,,104.18,104.18,0.1704,False,True,,True,True,True,True,True,5,5,False,110541406208,2026-10-07T01:33:25.814124+00:00
NTB,Financial Services,58.81,,70.88,70.88,0.1703,False,True,,True,True,True,,True,4,4,False,2312802560,2026-10-07T01:33:25.814124+00:00
ESTC,Technology,94.6,101.51,132.63,113.96,0.1699,False,True,26.58,True,True,True,True,True,5,5,True,9932175360,2026-10-07T01:33:25.814124+00:00
ANF,Consumer Cyclical,141.39,138.82,216.57,169.92,0.1679,False,False,43.76,True,True,True,True,True,5,5,False,5999796224,2026-10-07T01:33:25.814124+00:00
IBOC,Financial Services,68.94,,82.59,82.59,0.1652,False,True,,True,True,True,,,3,3,False,4287482880,2026-10-07T01:33:25.814124+00:00
LOW,Consumer Cyclical,183.67,234.79,197.82,220.01,0.1652,False,True,17.09,False,True,True,,True,3,4,False,103048790016,2026-10-07T01:33:25.814124+00:00
FELE,Industrials,99.25,131.02,99.92,118.58,0.163,False,True,26.93,True,True,True,True,True,5,5,True,4387987968,2026-10-07T01:33:25.814124+00:00
ZWS,Industrials,47.85,68.01,40.72,57.09,0.1619,False,False,50.2,True,True,True,True,True,5,5,False,7936596992,2026-10-07T01:33:25.814124+00:00
STE,Healthcare,208.65,324.86,134.2,248.6,0.1607,False,False,83.07,True,True,True,True,True,5,5,False,20343398400,2026-10-07T01:33:25.814124+00:00
DAL,Industrials,83.66,66.7,148.17,99.29,0.1574,False,False,75.84,True,True,True,True,True,5,5,False,55016747008,2026-10-07T01:33:25.814124+00:00
LYB,Basic Materials,58.93,,69.94,69.94,0.1574,False,True,,False,False,True,True,True,3,5,False,19036626944,2026-10-07T01:33:25.814124+00:00
AX,Financial Services,89.03,,105.63,105.63,0.1572,False,True,,True,True,True,,True,4,4,False,5062068224,2026-10-07T01:33:25.814124+00:00
THG,Financial Services,220.04,,260.21,260.21,0.1544,False,True,,True,True,True,True,True,5,5,False,7661840896,2026-10-07T01:33:25.814124+00:00
GATX,Industrials,170.88,,201.86,201.86,0.1535,False,True,,True,True,False,False,True,3,5,False,6032928256,2026-10-07T01:33:25.814124+00:00
KAI,Industrials,263.66,352.19,249.09,310.95,0.1521,False,False,34.29,True,True,True,True,True,5,5,False,3113591808,2026-10-07T01:33:25.814124+00:00
PATH,Technology,13.1,14.2,17.27,15.43,0.1509,False,True,19.46,True,True,True,True,True,5,5,True,6827136000,2026-10-07T01:33:25.814124+00:00
SNDR,Industrials,31.6,27.45,51.84,37.21,0.1508,False,False,61.51,False,True,True,True,True,4,5,False,5539508224,2026-10-07T01:33:25.814124+00:00
DIS,Communication Services,104.03,137.11,100.31,122.39,0.15,False,False,31.0,True,True,True,True,True,5,5,False,179627229184,2026-10-07T01:33:25.814124+00:00
CXW,Industrials,31.78,,37.37,37.37,0.1496,False,True,,True,True,True,True,True,5,5,False,3142835200,2026-10-07T01:33:25.814124+00:00
BDC,Technology,113.21,89.0,199.24,133.1,0.1494,False,False,76.49,True,True,True,True,True,5,5,False,4424041984,2026-10-07T01:33:25.814124+00:00
UPS,Industrials,93.11,70.42,167.94,109.43,0.1491,False,False,81.83,False,True,True,True,True,4,5,False,79216271360,2026-10-07T01:33:25.814124+00:00
FE,Utilities,44.26,,51.95,51.95,0.148,False,True,,True,True,False,False,True,3,5,False,25601361920,2026-10-07T01:33:25.814124+00:00
SSB,Financial Services,100.95,,118.34,118.34,0.1469,False,True,,True,True,True,,True,4,4,False,9789579264,2026-10-07T01:33:25.814124+00:00
IDCC,Technology,339.29,457.32,308.21,397.68,0.1468,False,False,38.96,True,True,True,True,True,5,5,False,8755720192,2026-10-07T01:33:25.814124+00:00
TFC,Financial Services,46.25,,54.06,54.06,0.1445,False,True,,True,True,True,,True,4,4,False,56500211712,2026-10-07T01:33:25.814124+00:00
DOV,Industrials,191.88,237.38,204.62,224.28,0.1445,False,True,14.82,True,True,True,True,True,5,5,True,25842442240,2026-10-07T01:33:25.814124+00:00
CON,Healthcare,36.4,,42.5,42.5,0.1434,False,True,,True,True,True,False,True,4,5,False,4641645568,2026-10-07T01:33:25.814124+00:00
USLM,Basic Materials,111.81,157.61,89.74,130.46,0.143,False,False,54.88,True,True,True,True,,4,4,False,3207645952,2026-10-07T01:33:25.814124+00:00
PGR,Financial Services,212.05,,247.35,247.35,0.1427,False,True,,True,True,True,True,True,5,5,False,123073822720,2026-10-07T01:33:25.814124+00:00
OII,Energy,44.97,58.45,43.47,52.46,0.1427,False,False,29.4,True,True,True,True,True,5,5,False,4475848192,2026-10-07T01:33:25.814124+00:00
WSBC,Financial Services,37.12,,43.22,43.22,0.1412,False,True,,True,True,True,,True,4,4,False,3560026368,2026-10-07T01:33:25.814124+00:00
BPOP,Financial Services,158.29,,184.23,184.23,0.1408,False,True,,True,True,True,,True,4,4,False,10095498240,2026-10-07T01:33:25.814124+00:00
J,Industrials,139.23,209.87,90.24,162.02,0.1407,False,False,79.73,True,True,True,True,True,5,5,False,16440400896,2026-10-07T01:33:25.814124+00:00
BRX,Real Estate,27.46,,31.93,31.93,0.14,False,True,,True,True,,True,True,4,4,False,8426713600,2026-10-07T01:33:25.814124+00:00
MUSA,Consumer Cyclical,513.03,,596.03,596.03,0.1393,False,True,,False,True,True,False,True,3,5,False,9429670912,2026-10-07T01:33:25.814124+00:00
KRC,Real Estate,33.9,,39.38,39.38,0.1392,False,True,,True,True,False,True,True,4,5,False,3981302784,2026-10-07T01:33:25.814124+00:00
VLY,Financial Services,12.67,,14.7,14.7,0.138,False,True,,True,True,,,True,3,3,False,7001508352,2026-10-07T01:33:25.814124+00:00
MGY,Energy,23.94,24.04,33.36,27.77,0.1379,False,True,32.46,False,True,True,True,True,4,5,False,6576200192,2026-10-07T01:33:25.814124+00:00
AMCR,Consumer Cyclical,41.77,,48.44,48.44,0.1378,False,True,,True,True,True,True,True,5,5,False,19295471616,2026-10-07T01:33:25.814124+00:00
ACAD,Healthcare,19.74,15.32,34.22,22.88,0.1371,False,False,76.3,True,True,True,True,True,5,5,False,3380196096,2026-10-07T01:33:25.814124+00:00
DDS,Consumer Cyclical,655.25,712.54,827.56,758.55,0.1362,False,True,14.94,False,True,True,True,False,3,5,False,10234645504,2026-10-07T01:33:25.814124+00:00
SNX,Technology,278.38,184.53,527.49,321.71,0.1347,False,False,96.34,True,True,True,True,True,5,5,False,22208464896,2026-10-07T01:33:25.814124+00:00
GD,Industrials,331.33,,382.64,382.64,0.1341,False,True,,True,True,True,True,True,5,5,False,89643704320,2026-10-07T01:33:25.814124+00:00
TJX,Consumer Cyclical,137.03,203.41,89.81,157.97,0.1326,False,False,77.48,True,True,True,True,True,5,5,False,151377641472,2026-10-07T01:33:25.814124+00:00
UMBF,Financial Services,130.08,,149.73,149.73,0.1312,False,True,,True,True,True,,True,4,4,False,9879580672,2026-10-07T01:33:25.814124+00:00
EPRT,Real Estate,25.58,,29.42,29.42,0.1306,False,True,,True,True,,True,True,4,4,False,5546223104,2026-10-07T01:33:25.814124+00:00
NHI,Real Estate,65.54,,75.23,75.23,0.1288,False,True,,True,True,True,True,True,5,5,False,3218697728,2026-10-07T01:33:25.814124+00:00
TDY,Technology,622.22,756.97,649.75,714.08,0.1286,False,True,15.25,True,True,True,True,True,5,5,True,28826912768,2026-10-07T01:33:25.814124+00:00
MWA,Industrials,21.96,18.41,35.39,25.2,0.1286,False,False,63.1,True,True,True,True,True,5,5,False,3428519680,2026-10-07T01:33:25.814124+00:00
FHB,Financial Services,25.0,,28.65,28.65,0.1274,False,True,,True,True,True,,True,4,4,False,3042033920,2026-10-07T01:33:25.814124+00:00
AVAH,Healthcare,12.22,0.68,34.0,14.0,0.1274,False,False,192.21,True,True,True,False,True,4,5,False,2667512320,2026-10-07T01:33:25.814124+00:00
ADP,Technology,262.36,276.14,337.44,300.66,0.1274,False,True,19.98,True,True,True,True,True,5,5,True,103960551424,2026-10-07T01:33:25.814124+00:00
FCPT,Real Estate,21.3,,24.39,24.39,0.1266,False,True,,True,True,,True,True,4,4,False,2337657856,2026-10-07T01:33:25.814124+00:00
NNN,Real Estate,40.51,,46.35,46.35,0.126,False,True,,True,True,,True,True,4,4,False,7775140352,2026-10-07T01:33:25.814124+00:00
HEI,Industrials,303.26,415.65,243.83,346.93,0.1259,False,False,52.11,True,True,True,True,True,5,5,False,42382831616,2026-10-07T01:33:25.814124+00:00
RL,Consumer Cyclical,368.67,461.2,362.25,421.62,0.1256,False,False,24.03,True,True,True,True,True,5,5,False,21966184448,2026-10-07T01:33:25.814124+00:00
FULT,Financial Services,22.4,,25.54,25.54,0.1228,False,True,,True,True,True,,True,4,4,False,4276486144,2026-10-07T01:33:25.814124+00:00
CELH,Consumer Defensive,27.29,40.89,16.42,31.1,0.1226,False,False,85.42,True,True,True,True,True,5,5,False,6905326592,2026-10-07T01:33:25.814124+00:00
L,Financial Services,106.46,,121.32,121.32,0.1225,False,True,,True,True,True,True,,4,4,False,21763373056,2026-10-07T01:33:25.814124+00:00
HR,Real Estate,17.04,,19.41,19.41,0.1219,False,True,,True,False,True,True,True,4,5,False,5976814592,2026-10-07T01:33:25.814124+00:00
GEF-B,Consumer Cyclical,107.63,99.63,156.45,122.36,0.1204,False,False,44.37,False,True,True,True,,3,4,False,4079044608,2026-10-07T01:33:25.814124+00:00
LPG,Energy,56.45,45.24,92.39,64.1,0.1194,False,False,68.52,True,True,True,True,False,4,5,False,2415082240,2026-10-07T01:33:25.814124+00:00
TENB,Technology,39.47,71.52,4.49,44.71,0.1173,False,False,176.36,True,False,True,False,False,2,5,False,4351883776,2026-10-07T01:33:25.814124+00:00
FIBK,Financial Services,35.52,,40.23,40.23,0.1172,False,True,,False,True,True,,True,3,4,False,3385219840,2026-10-07T01:33:25.814124+00:00
SGHC,Consumer Cyclical,11.43,12.71,13.28,12.94,0.1167,False,True,4.37,True,True,True,True,True,5,5,True,5807318016,2026-10-07T01:33:25.814124+00:00
ONB,Financial Services,24.89,,28.15,28.15,0.1157,False,True,,True,True,True,,True,4,4,False,9524079616,2026-10-07T01:33:25.814124+00:00
RF,Financial Services,27.05,,30.52,30.52,0.1136,False,True,,True,True,True,,True,4,4,False,23044694016,2026-10-07T01:33:25.814124+00:00
LEN,Consumer Cyclical,77.41,,87.32,87.32,0.1135,False,True,,True,True,True,True,True,5,5,False,18415857664,2026-10-07T01:33:25.814124+00:00
CNXN,Technology,92.39,93.09,120.88,104.2,0.1134,False,True,25.97,False,True,True,True,,3,4,False,2331748096,2026-10-07T01:33:25.814124+00:00
CHE,Healthcare,509.84,743.65,322.14,575.04,0.1134,False,False,79.1,True,True,True,True,True,5,5,False,6663588864,2026-10-07T01:33:25.814124+00:00
AIR,Industrials,104.03,,117.32,117.32,0.1133,False,True,,True,True,True,True,True,5,5,False,4181403904,2026-10-07T01:33:25.814124+00:00
UCB,Financial Services,33.72,,37.99,37.99,0.1124,False,True,,True,True,True,,True,4,4,False,4065806080,2026-10-07T01:33:25.814124+00:00
TTEK,Industrials,33.38,36.88,38.68,37.6,0.1122,False,True,4.74,True,True,True,True,True,5,5,True,8546763264,2026-10-07T01:33:25.814124+00:00
ENSG,Healthcare,172.06,263.42,89.1,193.69,0.1117,False,False,98.9,True,True,True,True,True,5,5,False,10028075008,2026-10-07T01:33:25.814124+00:00
DOW,Basic Materials,28.16,,31.66,31.66,0.1105,False,True,,False,False,False,True,True,2,5,False,20341114880,2026-10-07T01:33:25.814124+00:00
XYL,Industrials,104.57,121.34,111.65,117.47,0.1098,False,True,8.32,True,True,True,True,True,5,5,True,24415715328,2026-10-07T01:33:25.814124+00:00
DVN,Energy,48.02,46.96,64.43,53.94,0.1098,False,False,31.37,False,True,True,True,True,4,5,False,52821999616,2026-10-07T01:33:25.814124+00:00
EQH,Financial Services,54.5,,61.2,61.2,0.1095,False,True,,False,False,True,False,True,2,5,False,14865735680,2026-10-07T01:33:25.814124+00:00
BKH,Utilities,70.74,,79.34,79.34,0.1084,False,True,,False,True,False,True,True,3,5,False,5394147328,2026-10-07T01:33:25.814124+00:00
PRI,Financial Services,279.13,,312.73,312.73,0.1074,False,True,,True,True,True,True,True,5,5,False,8590881792,2026-10-07T01:33:25.814124+00:00
DELL,Technology,574.0,577.78,740.05,642.69,0.1069,False,True,24.63,True,True,True,,True,4,4,True,364956516352,2026-10-07T01:33:25.814124+00:00
BANR,Financial Services,67.12,,74.99,74.99,0.1049,False,True,,True,True,True,,True,4,4,False,2281067008,2026-10-07T01:33:25.814124+00:00
LGN,Industrials,56.34,82.14,34.15,62.94,0.1049,False,False,82.54,True,False,True,True,True,4,5,False,9255814144,2026-10-07T01:33:25.814124+00:00
FFBC,Financial Services,31.37,,35.0,35.0,0.1038,False,True,,True,True,True,,True,4,4,False,3299086592,2026-10-07T01:33:25.814124+00:00
R,Industrials,236.17,67.4,557.53,263.45,0.1035,False,False,156.86,True,True,True,False,True,4,5,False,9056379904,2026-10-07T01:33:25.814124+00:00
GME,Consumer Cyclical,24.76,32.51,20.15,27.57,0.1018,False,False,46.91,False,True,True,True,,3,4,False,12491444224,2026-10-07T01:33:25.814124+00:00
FCNCA,Financial Services,2088.13,,2323.99,2323.99,0.1015,False,True,,True,True,True,,True,4,4,False,23581501440,2026-10-07T01:33:25.814124+00:00
AIZ,Financial Services,270.96,,301.2,301.2,0.1004,False,True,,True,True,True,True,True,5,5,False,13364767744,2026-10-07T01:33:25.814124+00:00
ARX,Financial Services,19.73,,21.92,21.92,0.0998,False,True,,True,False,True,True,True,4,5,False,4285129984,2026-10-07T01:33:25.814124+00:00
FHN,Financial Services,23.34,,25.91,25.91,0.0992,False,True,,True,True,True,,True,4,4,False,11057958912,2026-10-07T01:33:25.814124+00:00
SYK,Healthcare,278.2,412.12,152.46,308.26,0.0975,False,False,91.98,True,True,True,True,True,5,5,False,106710032384,2026-10-07T01:33:25.814124+00:00
TILE,Consumer Cyclical,35.05,36.12,42.72,38.76,0.0957,False,True,16.74,True,True,True,True,True,5,5,True,2025906048,2026-10-07T01:33:25.814124+00:00
LHX,Industrials,237.9,,263.08,263.08,0.0957,False,True,,True,True,True,True,True,5,5,False,44300455936,2026-10-07T01:33:25.814124+00:00
AUB,Financial Services,38.14,,42.1,42.1,0.0941,False,True,,True,True,True,,True,4,4,False,5446960128,2026-10-07T01:33:25.814124+00:00
ADEA,Technology,24.6,18.58,39.99,27.14,0.0937,False,False,73.08,True,True,True,True,True,5,5,False,2712891904,2026-10-07T01:33:25.814124+00:00
WYNN,Consumer Cyclical,76.62,,84.42,84.42,0.0924,False,True,,True,True,True,,True,4,4,False,7889859584,2026-10-07T01:33:25.814124+00:00
RRC,Energy,40.02,36.19,55.77,44.02,0.0909,False,False,42.58,False,True,True,True,True,4,5,False,9351854080,2026-10-07T01:33:25.814124+00:00
COP,Energy,129.35,,142.25,142.25,0.0907,False,True,,False,True,True,True,True,4,5,False,155393015808,2026-10-07T01:33:25.814124+00:00
COLB,Financial Services,28.89,,31.76,31.76,0.0905,False,True,,True,True,True,,True,4,4,False,8170582528,2026-10-07T01:33:25.814124+00:00
STWD,Real Estate,12.93,,14.18,14.18,0.0883,False,True,,False,True,True,False,True,3,5,False,4910412800,2026-10-07T01:33:25.814124+00:00
SWX,Utilities,83.32,,91.38,91.38,0.0882,False,True,,False,True,False,True,True,3,5,False,6036188672,2026-10-07T01:33:25.814124+00:00
FBP,Financial Services,26.83,,29.4,29.4,0.0873,False,True,,True,True,True,,True,4,4,False,4096089600,2026-10-07T01:33:25.814124+00:00
PACS,Healthcare,42.81,,46.88,46.88,0.0869,False,True,,True,True,True,False,True,4,5,False,6775641088,2026-10-07T01:33:25.814124+00:00
SKWD,Financial Services,56.49,,61.74,61.74,0.0851,False,True,,True,True,True,True,True,5,5,False,2507958016,2026-10-07T01:33:25.814124+00:00
CALX,Technology,35.29,47.0,25.75,38.5,0.0833,False,False,58.43,True,True,True,True,True,5,5,False,2221999104,2026-10-07T01:33:25.814124+00:00
PEP,Consumer Defensive,125.71,,136.98,136.98,0.0823,False,True,,True,True,True,False,True,4,5,False,171719852032,2026-10-07T01:33:25.814124+00:00
USB,Financial Services,57.29,,62.41,62.41,0.082,False,True,,True,True,,,True,3,3,False,89260769280,2026-10-07T01:33:25.814124+00:00
DG,Consumer Defensive,123.27,,133.95,133.95,0.0798,False,True,,True,True,True,True,True,5,5,False,27195430912,2026-10-07T01:33:25.814124+00:00
TRMK,Financial Services,45.19,,49.08,49.08,0.0792,False,True,,True,True,True,,True,4,4,False,2624209152,2026-10-07T01:33:25.814124+00:00
GL,Financial Services,166.28,,180.45,180.45,0.0785,False,True,,True,True,True,True,True,5,5,False,12778525696,2026-10-07T01:33:25.814124+00:00
GRND,Technology,13.94,,15.11,15.11,0.0775,False,True,,True,True,True,,True,4,4,False,2423059456,2026-10-07T01:33:25.814124+00:00
TSN,Consumer Defensive,51.97,,56.21,56.21,0.0754,False,True,,True,True,True,True,True,5,5,False,18283124736,2026-10-07T01:33:25.814124+00:00
MGEE,Utilities,70.59,,76.3,76.3,0.0748,False,True,,True,True,False,True,True,4,5,False,2667173376,2026-10-07T01:33:25.814124+00:00
MTB,Financial Services,218.74,,236.17,236.17,0.0738,False,True,,True,True,True,,True,4,4,False,31702642688,2026-10-07T01:33:25.814124+00:00
AFG,Financial Services,140.07,,151.17,151.17,0.0734,False,True,,True,True,,True,True,4,4,False,11614810112,2026-10-07T01:33:25.814124+00:00
CASY,Consumer Cyclical,620.8,856.71,389.63,669.88,0.0733,False,False,74.95,True,True,True,True,True,5,5,False,22944872448,2026-10-07T01:33:25.814124+00:00
ROG,Technology,156.6,217.88,95.16,168.79,0.0722,False,False,78.41,False,False,True,True,True,3,5,False,2795080960,2026-10-07T01:33:25.814124+00:00
FICO,Technology,695.46,581.24,1000.84,749.08,0.0716,False,False,53.04,True,True,True,,True,4,4,False,15020292096,2026-10-07T01:33:25.814124+00:00
HURN,Industrials,157.26,,169.34,169.34,0.0713,False,True,,True,True,True,False,True,4,5,False,2502017792,2026-10-07T01:33:25.814124+00:00
LW,Consumer Defensive,47.91,,51.49,51.49,0.0695,False,True,,True,True,True,False,True,4,5,False,6586817536,2026-10-07T01:33:25.814124+00:00
LTC,Real Estate,42.44,,45.6,45.6,0.0692,False,True,,True,True,,True,True,4,4,False,2287751936,2026-10-07T01:33:25.814124+00:00
HONA,Industrials,157.39,216.27,98.0,168.96,0.0685,False,False,75.27,True,True,True,,True,4,4,False,49885192192,2026-10-07T01:33:25.814124+00:00
PB,Financial Services,67.1,,72.0,72.0,0.068,False,True,,True,True,True,,True,4,4,False,8063860736,2026-10-07T01:33:25.814124+00:00
MCHB,Financial Services,14.89,,15.94,15.94,0.0661,False,True,,False,True,True,,True,3,4,False,3297040896,2026-10-07T01:33:25.814124+00:00
SBAC,Real Estate,169.7,,181.54,181.54,0.0652,False,True,,True,True,True,,True,4,4,False,18003152896,2026-10-07T01:33:25.814124+00:00
WPC,Real Estate,64.01,,68.43,68.43,0.0646,False,True,,True,True,,True,True,4,4,False,14582558720,2026-10-07T01:33:25.814124+00:00
RNST,Financial Services,39.4,,42.1,42.1,0.0642,False,True,,True,True,True,,True,4,4,False,3601336064,2026-10-07T01:33:25.814124+00:00
WTFC,Financial Services,144.94,,154.83,154.83,0.0639,False,True,,True,True,True,,True,4,4,False,9778518016,2026-10-07T01:33:25.814124+00:00
BIO,Healthcare,368.83,556.97,148.54,393.6,0.0629,False,False,115.78,False,True,True,True,False,3,5,False,9870479360,2026-10-07T01:33:25.814124+00:00
HEI-A,Industrials,226.52,276.55,187.84,241.07,0.0603,False,False,38.2,True,True,True,True,,4,4,False,31657848832,2026-10-07T01:33:25.814124+00:00
KEY,Financial Services,20.14,,21.42,21.42,0.06,False,True,,True,True,True,,True,4,4,False,21491968000,2026-10-07T01:33:25.814124+00:00
AGM,Financial Services,213.92,,227.08,227.08,0.058,False,True,,True,True,True,False,True,4,5,False,2321718784,2026-10-07T01:33:25.814124+00:00
TEX,Industrials,56.77,63.35,55.33,60.14,0.056,False,False,13.52,True,True,True,True,True,5,5,False,6488811008,2026-10-07T01:33:25.814124+00:00
RLI,Financial Services,56.04,,59.35,59.35,0.0557,False,True,,True,True,True,True,True,5,5,False,5142959104,2026-10-07T01:33:25.814124+00:00
HBAN,Financial Services,15.33,,16.19,16.19,0.0533,False,True,,True,True,True,,True,4,4,False,30972958720,2026-10-07T01:33:25.814124+00:00
HOMB,Financial Services,28.55,,30.14,30.14,0.0529,False,True,,True,True,True,,True,4,4,False,5711416832,2026-10-07T01:33:25.814124+00:00
CATY,Financial Services,60.16,,63.4,63.4,0.0511,False,True,,True,True,True,,True,4,4,False,4013503488,2026-10-07T01:33:25.814124+00:00
CACC,Financial Services,536.58,,564.9,564.9,0.0501,False,True,,True,True,True,False,True,4,5,False,5612664832,2026-10-07T01:33:25.814124+00:00
EBC,Financial Services,21.2,,22.3,22.3,0.0492,False,True,,True,True,True,,True,4,4,False,4844445184,2026-10-07T01:33:25.814124+00:00
FIVE,Consumer Cyclical,209.92,250.55,176.1,220.77,0.0491,False,False,34.9,True,True,True,True,True,5,5,False,11556942848,2026-10-07T01:33:25.814124+00:00
WFC,Financial Services,81.51,,85.7,85.7,0.0489,False,True,,True,True,,,True,3,3,False,246486188032,2026-10-07T01:33:25.814124+00:00
CENX,Basic Materials,37.18,6.93,87.19,39.03,0.0475,False,False,170.55,False,True,True,True,True,4,5,False,3680570880,2026-10-07T01:33:25.814124+00:00
ROL,Consumer Cyclical,30.35,40.53,18.87,31.86,0.0475,False,False,72.93,True,True,True,True,True,5,5,False,14602763264,2026-10-07T01:33:25.814124+00:00
BKU,Financial Services,42.9,,44.97,44.97,0.046,False,True,,True,True,True,,True,4,4,False,3055863552,2026-10-07T01:33:25.814124+00:00
NVR,Consumer Cyclical,6046.6,6108.9,6682.76,6338.45,0.046,False,True,8.97,False,True,True,True,True,4,5,False,16113342464,2026-10-07T01:33:25.814124+00:00
AEE,Utilities,101.68,,106.56,106.56,0.0458,False,True,,True,,False,True,True,3,4,False,28149424128,2026-10-07T01:33:25.814124+00:00
DCI,Industrials,90.11,97.04,90.5,94.43,0.0457,False,True,6.98,True,True,True,True,True,5,5,True,10444661760,2026-10-07T01:33:25.814124+00:00
ALK,Industrials,39.89,,41.77,41.77,0.045,False,True,,True,True,False,False,True,3,5,False,4450406400,2026-10-07T01:33:25.814124+00:00
EFSC,Financial Services,59.61,,62.41,62.41,0.0448,False,True,,True,True,True,,True,4,4,False,2157436160,2026-10-07T01:33:25.814124+00:00
HUBS,Technology,217.09,319.18,88.59,226.95,0.0434,False,False,113.1,True,True,True,True,True,5,5,False,10825453568,2026-10-07T01:33:25.814124+00:00
KNF,Basic Materials,53.23,,55.49,55.49,0.0407,False,True,,True,True,False,True,True,4,5,False,3021007616,2026-10-07T01:33:25.814124+00:00
BOX,Technology,35.27,47.65,20.39,36.75,0.0402,False,False,80.11,True,True,True,False,True,4,5,False,4839071232,2026-10-07T01:33:25.814124+00:00
FIZZ,Consumer Defensive,30.02,29.95,33.24,31.27,0.0399,False,False,10.39,True,True,True,True,,4,4,False,2810235392,2026-10-07T01:33:25.814124+00:00
PPL,Utilities,33.7,,35.08,35.08,0.0395,False,True,,True,True,False,True,True,4,5,False,25360760832,2026-10-07T01:33:25.814124+00:00
CMC,Industrials,64.91,24.37,132.38,67.58,0.0394,False,False,137.81,False,True,True,True,True,4,5,False,7180625920,2026-10-07T01:33:25.814124+00:00
GXO,Industrials,46.4,,48.26,48.26,0.0386,False,True,,True,True,True,False,True,4,5,False,5321364480,2026-10-07T01:33:25.814124+00:00
KMB,Consumer Defensive,96.77,,100.6,100.6,0.0381,False,True,,False,True,True,False,True,3,5,False,32121866240,2026-10-07T01:33:25.814124+00:00
AMP,Financial Services,496.61,,515.94,515.94,0.0375,False,True,,True,True,True,True,True,5,5,False,43900321792,2026-10-07T01:33:25.814124+00:00
HPE,Technology,70.48,,73.17,73.17,0.0368,False,True,,True,True,True,True,True,5,5,False,93559726080,2026-10-07T01:33:25.814124+00:00
SITE,Industrials,90.47,91.18,97.98,93.9,0.0365,False,True,7.19,True,True,True,True,True,5,5,True,4008565504,2026-10-07T01:33:25.814124+00:00
CXT,Industrials,49.77,37.16,73.35,51.64,0.0361,False,False,65.49,True,True,True,True,True,5,5,False,2864826112,2026-10-07T01:33:25.814124+00:00
OGE,Utilities,45.84,,47.34,47.34,0.0316,False,True,,False,True,True,True,True,4,5,False,9460198400,2026-10-07T01:33:25.814124+00:00
BOKF,Financial Services,128.15,,132.16,132.16,0.0304,False,True,,True,True,,,True,3,3,False,7786392576,2026-10-07T01:33:25.814124+00:00
CE,Basic Materials,44.85,,46.25,46.25,0.0303,False,True,,False,False,True,False,True,2,5,False,4922239488,2026-10-07T01:33:25.814124+00:00
TCBI,Financial Services,92.97,,95.79,95.79,0.0294,False,True,,True,True,True,,True,4,4,False,4041811968,2026-10-07T01:33:25.814124+00:00
COLD,Real Estate,13.86,,14.25,14.25,0.0273,False,True,,False,False,False,True,True,2,5,False,3975697664,2026-10-07T01:33:25.814124+00:00
PNC,Financial Services,220.16,,226.21,226.21,0.0267,False,True,,True,True,,,True,3,3,False,87831445504,2026-10-07T01:33:25.814124+00:00
YETI,Consumer Cyclical,40.25,41.27,41.46,41.35,0.0265,False,True,0.44,True,True,True,True,True,5,5,True,2937799168,2026-10-07T01:33:25.814124+00:00
UDR,Real Estate,33.91,,34.81,34.81,0.0257,False,True,,True,True,True,True,True,5,5,False,12564185088,2026-10-07T01:33:25.814124+00:00
PRU,Financial Services,113.54,,116.43,116.43,0.0248,False,True,,True,True,,True,False,3,4,False,39171301376,2026-10-07T01:33:25.814124+00:00
BUSE,Financial Services,29.4,,30.14,30.14,0.0247,False,True,,True,True,True,,True,4,4,False,2427762688,2026-10-07T01:33:25.814124+00:00
MDT,Healthcare,87.09,106.26,63.38,89.11,0.0226,False,False,50.56,True,True,True,True,True,5,5,False,111400116224,2026-10-07T01:33:25.814124+00:00
JBL,Technology,309.19,278.94,372.06,316.19,0.0221,False,False,28.61,False,True,True,False,True,3,5,False,32399120384,2026-10-07T01:33:25.814124+00:00
PEG,Utilities,71.73,,73.29,73.29,0.0213,False,True,,True,True,True,True,True,5,5,False,35744595968,2026-10-07T01:33:25.814124+00:00
EWBC,Financial Services,127.12,,129.67,129.67,0.0197,False,True,,True,True,True,,True,4,4,False,17416947712,2026-10-07T01:33:25.814124+00:00
HAS,Consumer Cyclical,91.03,,92.78,92.78,0.0189,False,True,,False,False,True,False,True,2,5,False,12839277568,2026-10-07T01:33:25.814124+00:00
CB,Financial Services,334.21,,340.62,340.62,0.0188,False,True,,True,True,,True,True,4,4,False,128938172416,2026-10-07T01:33:25.814124+00:00
CDP,Real Estate,33.68,,34.32,34.32,0.0186,False,True,,True,True,True,True,True,5,5,False,3901641216,2026-10-07T01:33:25.814124+00:00
NESR,Energy,24.51,29.45,18.24,24.96,0.0182,False,False,47.02,True,True,True,True,True,5,5,False,2471876352,2026-10-07T01:33:25.814124+00:00
FBIN,Industrials,39.35,34.47,48.41,40.05,0.0174,False,False,33.64,False,True,True,True,True,4,5,False,4697267712,2026-10-07T01:33:25.814124+00:00
FRT,Real Estate,106.2,,107.84,107.84,0.0152,False,True,,True,True,True,True,True,5,5,False,9230733312,2026-10-07T01:33:25.814124+00:00
JBHT,Industrials,225.93,241.5,210.75,229.2,0.0143,False,False,13.6,False,True,True,True,True,4,5,False,21214826496,2026-10-07T01:33:25.814124+00:00
ALGT,Industrials,77.54,,78.6,78.6,0.0134,False,True,,True,False,True,True,True,4,5,False,2119769600,2026-10-07T01:33:25.814124+00:00
MYRG,Industrials,324.51,365.3,274.25,328.88,0.0133,False,False,28.47,True,True,True,True,True,5,5,False,5052377600,2026-10-07T01:33:25.814124+00:00
FERG,Industrials,223.33,222.87,231.31,226.25,0.0129,False,False,3.72,True,True,True,True,True,5,5,False,43203796992,2026-10-07T01:33:25.814124+00:00
JAZZ,Healthcare,231.39,,234.25,234.25,0.0122,False,True,,True,False,True,True,True,4,5,False,15020583936,2026-10-07T01:33:25.814124+00:00
FCF,Financial Services,20.06,,20.3,20.3,0.012,False,True,,True,True,True,,True,4,4,False,2027181824,2026-10-07T01:33:25.814124+00:00
SO,Utilities,85.44,,86.45,86.45,0.0117,False,True,,True,True,False,True,True,4,5,False,98287017984,2026-10-07T01:33:25.814124+00:00
SRCE,Financial Services,85.77,,86.7,86.7,0.0107,False,True,,True,True,True,,True,4,4,False,2064388736,2026-10-07T01:33:25.814124+00:00
VRSN,Technology,293.1,310.98,272.75,295.69,0.0087,False,False,13.1,True,True,True,,True,4,4,False,26496239616,2026-10-07T01:33:25.814124+00:00
UNFI,Consumer Defensive,44.29,,44.57,44.57,0.0064,False,True,,True,True,True,True,True,5,5,False,2671443712,2026-10-07T01:33:25.814124+00:00
NBTB,Financial Services,50.67,,50.7,50.7,0.0005,False,True,,True,True,True,,True,4,4,False,2632816128,2026-10-07T01:33:25.814124+00:00
HUBB,Industrials,485.41,554.73,380.96,485.22,-0.0004,False,False,37.14,True,True,True,True,True,5,5,False,25649926144,2026-10-07T01:33:25.814124+00:00
BAC,Financial Services,54.09,,54.06,54.06,-0.0005,False,False,,True,True,,,True,3,3,False,378237779968,2026-10-07T01:33:25.814124+00:00
TSCO,Consumer Cyclical,32.29,,32.26,32.26,-0.0008,False,False,,True,True,True,False,True,4,5,False,16824386560,2026-10-07T01:33:25.814124+00:00
EVRG,Utilities,80.35,,80.25,80.25,-0.0013,False,False,,True,True,False,True,True,4,5,False,18526070784,2026-10-07T01:33:25.814124+00:00
MDU,Utilities,18.95,,18.9,18.9,-0.0025,False,False,,True,True,False,True,True,4,5,False,3986122240,2026-10-07T01:33:25.814124+00:00
CWT,Utilities,45.55,,45.39,45.39,-0.0036,False,False,,True,True,False,True,True,4,5,False,2816771072,2026-10-07T01:33:25.814124+00:00
TKR,Industrials,119.54,112.74,128.6,119.08,-0.0038,False,False,13.14,True,True,True,True,True,5,5,False,8307374080,2026-10-07T01:33:25.814124+00:00
NUE,Basic Materials,251.07,,249.83,249.83,-0.005,False,False,,False,True,False,True,True,3,5,False,56961679360,2026-10-07T01:33:25.814124+00:00
SF,Financial Services,70.12,,69.76,69.76,-0.0052,False,False,,True,True,True,True,True,5,5,False,10588241920,2026-10-07T01:33:25.814124+00:00
BOH,Financial Services,67.3,,66.89,66.89,-0.0061,False,False,,True,True,True,,True,4,4,False,2655011840,2026-10-07T01:33:25.814124+00:00
QTWO,Technology,57.42,67.11,41.98,57.06,-0.0063,False,False,46.07,True,True,True,True,True,5,5,False,3580406528,2026-10-07T01:33:25.814124+00:00
FANG,Energy,184.98,,183.79,183.79,-0.0064,False,False,,True,True,False,True,True,4,5,False,52037337088,2026-10-07T01:33:25.814124+00:00
CRH,Basic Materials,83.6,67.69,106.06,83.04,-0.0067,False,False,44.17,True,True,True,True,True,5,5,False,55617781760,2026-10-07T01:33:25.814124+00:00
MLI,Industrials,63.13,44.74,89.56,62.67,-0.0074,False,False,66.76,True,True,True,True,,4,4,False,13963181056,2026-10-07T01:33:25.814124+00:00
UBSI,Financial Services,46.06,,45.71,45.71,-0.0075,False,False,,True,True,True,,True,4,4,False,6273951232,2026-10-07T01:33:25.814124+00:00
CNO,Financial Services,54.04,,53.6,53.6,-0.0083,False,False,,True,True,,True,False,3,4,False,4999854592,2026-10-07T01:33:25.814124+00:00
IVZ,Financial Services,30.38,,30.1,30.1,-0.0092,False,False,,True,False,True,True,True,4,5,False,13412762624,2026-10-07T01:33:25.814124+00:00
COF,Financial Services,195.82,,193.95,193.95,-0.0097,False,False,,True,True,True,,True,4,4,False,120135581696,2026-10-07T01:33:25.814124+00:00
JEF,Financial Services,44.96,,44.47,44.47,-0.011,False,False,,True,True,False,False,True,3,5,False,9144504320,2026-10-07T01:33:25.814124+00:00
EXPO,Industrials,69.18,80.48,50.22,68.37,-0.0118,False,False,46.29,True,True,True,True,True,5,5,False,3289238016,2026-10-07T01:33:25.814124+00:00
DK,Energy,75.67,,74.79,74.79,-0.0118,False,False,,False,False,False,False,False,0,5,False,4633438720,2026-10-07T01:33:25.814124+00:00
RHI,Industrials,33.67,41.89,20.25,33.24,-0.0131,False,False,69.64,False,True,True,True,True,4,5,False,3444225024,2026-10-07T01:33:25.814124+00:00
MGM,Consumer Cyclical,30.54,,30.13,30.13,-0.0135,False,False,,True,True,True,False,True,4,5,False,7683642880,2026-10-07T01:33:25.814124+00:00
UAA,Consumer Cyclical,4.88,,4.81,4.81,-0.015,False,False,,False,False,False,True,True,2,5,False,2096182272,2026-10-07T01:33:25.814124+00:00
NTAP,Technology,228.45,225.84,222.73,224.6,-0.0171,False,False,1.39,True,True,True,True,False,4,5,False,44871921664,2026-10-07T01:33:25.814124+00:00
GNW,Financial Services,9.63,,9.46,9.46,-0.0176,False,False,,False,True,,True,,2,3,False,3638705664,2026-10-07T01:33:25.814124+00:00
NI,Utilities,40.67,,39.95,39.95,-0.018,False,False,,True,True,False,True,True,4,5,False,19503708160,2026-10-07T01:33:25.814124+00:00
CMS,Utilities,65.07,,63.78,63.78,-0.0202,False,False,,False,True,False,True,True,3,5,False,20101398528,2026-10-07T01:33:25.814124+00:00
WSFS,Financial Services,75.92,,74.36,74.36,-0.0209,False,False,,True,True,True,,True,4,4,False,3878798592,2026-10-07T01:33:25.814124+00:00
INVH,Real Estate,26.39,,25.82,25.82,-0.0222,False,False,,True,True,True,True,True,5,5,False,15586546688,2026-10-07T01:33:25.814124+00:00
NXT,Technology,88.09,65.58,116.88,86.1,-0.0231,False,False,56.23,True,True,True,True,True,5,5,False,13534002176,2026-10-07T01:33:25.814124+00:00
OTIS,Industrials,66.45,47.87,90.57,64.95,-0.0231,False,False,61.69,True,True,True,,True,4,4,False,25295476736,2026-10-07T01:33:25.814124+00:00
HSY,Consumer Defensive,160.8,,157.1,157.1,-0.0235,False,False,,True,True,True,True,True,5,5,False,32308846592,2026-10-07T01:33:25.814124+00:00
BCC,Basic Materials,75.45,,73.67,73.67,-0.0242,False,False,,False,True,True,True,True,4,5,False,2632552448,2026-10-07T01:33:25.814124+00:00
BNL,Real Estate,18.63,,18.19,18.19,-0.0243,False,False,,True,True,True,True,True,5,5,False,3966263552,2026-10-07T01:33:25.814124+00:00
AMT,Real Estate,164.78,,160.51,160.51,-0.0266,False,False,,True,True,True,False,True,4,5,False,76780896256,2026-10-07T01:33:25.814124+00:00
FRME,Financial Services,39.67,,38.61,38.61,-0.0273,False,False,,True,True,,,True,3,3,False,2491332352,2026-10-07T01:33:25.814124+00:00
WM,Industrials,207.88,,201.73,201.73,-0.0305,False,False,,True,True,True,False,True,4,5,False,83092799488,2026-10-07T01:33:25.814124+00:00
MCRI,Consumer Cyclical,119.23,111.87,121.01,115.52,-0.0321,False,False,7.85,True,True,True,True,True,5,5,False,2136902144,2026-10-07T01:33:25.814124+00:00
RHP,Real Estate,120.91,,117.14,117.14,-0.0321,False,False,,True,True,True,False,True,4,5,False,8340890624,2026-10-07T01:33:25.814124+00:00
CPK,Utilities,128.08,,123.77,123.77,-0.0348,False,False,,True,True,False,True,True,4,5,False,3234620928,2026-10-07T01:33:25.814124+00:00
UFPI,Basic Materials,79.0,65.45,92.45,76.25,-0.036,False,False,34.2,False,True,True,True,True,4,5,False,4357757952,2026-10-07T01:33:25.814124+00:00
AWI,Industrials,164.87,153.86,166.9,159.07,-0.0364,False,False,8.13,True,True,True,True,True,5,5,False,6967871488,2026-10-07T01:33:25.814124+00:00
TRNO,Real Estate,64.23,,61.93,61.93,-0.0371,False,False,,True,True,True,True,True,5,5,False,6999163392,2026-10-07T01:33:25.814124+00:00
PNW,Utilities,98.04,,94.37,94.37,-0.0388,False,False,,True,True,False,False,True,3,5,False,11882176512,2026-10-07T01:33:25.814124+00:00
AFL,Financial Services,113.63,,109.31,109.31,-0.0396,False,False,,False,True,,True,True,3,4,False,56967639040,2026-10-07T01:33:25.814124+00:00
AMH,Real Estate,30.47,,29.27,29.27,-0.0409,False,False,,True,True,True,True,True,5,5,False,12491237376,2026-10-07T01:33:25.814124+00:00
HLNE,Financial Services,86.5,,83.05,83.05,-0.0415,False,False,,True,True,True,True,True,5,5,False,5797408768,2026-10-07T01:33:25.814124+00:00
AUGO,Basic Materials,86.67,,83.03,83.03,-0.0438,False,False,,True,False,True,True,True,4,5,False,7266138624,2026-10-07T01:33:25.814124+00:00
HGV,Consumer Cyclical,34.73,,33.24,33.24,-0.0447,False,False,,True,True,True,False,True,4,5,False,2699359488,2026-10-07T01:33:25.814124+00:00
FFIV,Technology,469.79,494.36,380.82,448.94,-0.0464,False,False,25.95,True,True,True,True,False,4,5,False,26602885120,2026-10-07T01:33:25.814124+00:00
MSI,Technology,456.28,462.02,396.26,435.72,-0.0472,False,False,15.32,True,True,True,False,True,4,5,False,75511504896,2026-10-07T01:33:25.814124+00:00
POOL,Industrials,158.24,86.77,247.24,150.96,-0.0482,False,False,96.09,False,True,True,True,True,4,5,False,5750560256,2026-10-07T01:33:25.814124+00:00
SR,Utilities,78.17,,74.52,74.52,-0.0489,False,False,,True,True,False,False,True,3,5,False,4620848128,2026-10-07T01:33:25.814124+00:00
SUNB,Industrials,78.53,71.54,79.82,74.85,-0.0492,False,False,10.94,True,True,True,True,True,5,5,False,32178837504,2026-10-07T01:33:25.814124+00:00
GRMN,Technology,279.21,255.12,282.3,265.99,-0.0497,False,False,10.11,True,True,True,True,True,5,5,False,53847379968,2026-10-07T01:33:25.814124+00:00
ATO,Utilities,159.74,,151.86,151.86,-0.0519,False,False,,True,True,False,True,True,4,5,False,26994233344,2026-10-07T01:33:25.814124+00:00
REG,Real Estate,71.42,,67.88,67.88,-0.0521,False,False,,True,True,,True,True,4,4,False,13352592384,2026-10-07T01:33:25.814124+00:00
DGII,Technology,73.94,85.54,47.0,70.13,-0.0544,False,False,58.15,True,True,True,True,True,5,5,False,2805884416,2026-10-07T01:33:25.814124+00:00
ALGN,Healthcare,141.45,149.84,109.98,133.89,-0.0564,False,False,30.68,True,True,True,True,True,5,5,False,10048587776,2026-10-07T01:33:25.814124+00:00
HCC,Basic Materials,92.42,,87.47,87.47,-0.0566,False,False,,False,True,False,True,True,3,5,False,4879968768,2026-10-07T01:33:25.814124+00:00
SFBS,Financial Services,38.72,,36.62,36.62,-0.0573,False,False,,True,True,True,,True,4,4,False,4233839360,2026-10-07T01:33:25.814124+00:00
KVUE,Consumer Defensive,17.59,,16.59,16.59,-0.0601,False,False,,True,True,True,True,True,5,5,False,33786406912,2026-10-07T01:33:25.814124+00:00
FRPT,Consumer Defensive,62.77,,59.2,59.2,-0.0602,False,False,,True,True,True,True,True,5,5,False,3016605184,2026-10-07T01:33:25.814124+00:00
ZBRA,Technology,385.78,349.91,382.59,362.98,-0.0628,False,False,8.92,False,True,True,True,True,4,5,False,18376009728,2026-10-07T01:33:25.814124+00:00
PNFP,Financial Services,96.14,,90.43,90.43,-0.0631,False,False,,True,True,True,,True,4,4,False,14527969280,2026-10-07T01:33:25.814124+00:00
WCC,Industrials,384.09,,360.32,360.32,-0.066,False,False,,True,True,True,True,True,5,5,False,18717802496,2026-10-07T01:33:25.814124+00:00
VLTO,Industrials,96.45,90.53,90.35,90.46,-0.0663,False,False,0.2,True,True,True,True,True,5,5,False,23513868288,2026-10-07T01:33:25.814124+00:00
EMN,Basic Materials,64.11,46.67,80.18,60.08,-0.0671,False,False,52.83,False,True,True,True,True,4,5,False,7329479680,2026-10-07T01:33:25.814124+00:00
DINO,Energy,114.6,76.3,153.7,107.26,-0.0684,False,False,67.3,False,True,True,True,False,3,5,False,20374030336,2026-10-07T01:33:25.814124+00:00
SNDK,Technology,1660.46,1206.3,2070.05,1551.8,-0.07,False,False,52.73,True,True,True,True,True,5,5,False,243122896896,2026-10-07T01:33:25.814124+00:00
WRB,Financial Services,69.65,,65.08,65.08,-0.0702,False,False,,True,True,True,True,False,4,5,False,25855997952,2026-10-07T01:33:25.814124+00:00
UGI,Utilities,37.15,14.05,65.61,34.67,-0.0715,False,False,129.46,False,True,True,True,True,4,5,False,7968487936,2026-10-07T01:33:25.814124+00:00
VRNS,Technology,49.08,45.8,,45.8,-0.0715,False,False,,True,False,True,True,True,4,5,False,5637352960,2026-10-07T01:33:25.814124+00:00
UA,Consumer Cyclical,4.72,,4.4,4.4,-0.0723,False,False,,False,False,False,True,,1,4,False,2027454848,2026-10-07T01:33:25.814124+00:00
SCI,Consumer Cyclical,77.3,73.6,69.59,72.0,-0.0736,False,False,5.59,True,True,True,False,True,4,5,False,10535340032,2026-10-07T01:33:25.814124+00:00
SANM,Technology,228.07,199.61,231.62,212.42,-0.0737,False,False,14.85,True,True,True,True,True,5,5,False,12223949824,2026-10-07T01:33:25.814124+00:00
PAY,Technology,31.71,29.73,29.2,29.52,-0.0743,False,False,1.79,True,True,True,True,True,5,5,False,3993546240,2026-10-07T01:33:25.814124+00:00
HTO,Utilities,58.18,,54.09,54.09,-0.0755,False,False,,True,True,False,True,True,4,5,False,2435228928,2026-10-07T01:33:25.814124+00:00
OKE,Energy,89.23,92.17,68.95,82.88,-0.0766,False,False,28.82,True,True,True,True,True,5,5,False,56251416576,2026-10-07T01:33:25.814124+00:00
CBSH,Financial Services,54.78,,50.82,50.82,-0.0779,False,False,,True,True,True,,True,4,4,False,7857214464,2026-10-07T01:33:25.814124+00:00
ATKR,Industrials,94.72,78.62,101.76,87.88,-0.0779,False,False,25.66,False,False,True,True,,2,4,False,3198984704,2026-10-07T01:33:25.814124+00:00
OUT,Real Estate,29.07,,26.96,26.96,-0.0782,False,False,,True,True,True,False,True,4,5,False,5120251392,2026-10-07T01:33:25.814124+00:00
DAVE,Technology,343.14,226.01,456.49,318.2,-0.0784,False,False,67.54,True,True,True,True,True,5,5,False,4376924672,2026-10-07T01:33:25.814124+00:00
CLX,Consumer Defensive,83.52,,77.4,77.4,-0.0791,False,False,,False,True,True,False,True,3,5,False,10100157440,2026-10-07T01:33:25.814124+00:00
D,Utilities,62.0,,57.42,57.42,-0.0797,False,False,,True,True,False,True,True,4,5,False,54530609152,2026-10-07T01:33:25.814124+00:00
WTS,Industrials,362.45,356.57,303.96,335.53,-0.0802,False,False,15.93,True,True,True,True,True,5,5,False,12099686400,2026-10-07T01:33:25.814124+00:00
FWONK,Communication Services,95.54,134.57,19.01,88.35,-0.0814,False,False,150.48,True,True,True,True,True,5,5,False,23952689152,2026-10-07T01:33:25.814124+00:00
AEP,Utilities,121.67,,112.37,112.37,-0.0828,False,False,,True,True,False,True,True,4,5,False,66236829696,2026-10-07T01:33:25.814124+00:00
GVA,Industrials,120.92,96.61,133.76,111.47,-0.0848,False,False,32.25,True,True,True,False,True,4,5,False,5372099584,2026-10-07T01:33:25.814124+00:00
AFRM,Financial Services,74.88,,69.01,69.01,-0.0851,False,False,,True,True,True,True,True,5,5,False,25266102272,2026-10-07T01:33:25.814124+00:00
VAL,Energy,82.0,39.89,129.04,75.55,-0.0854,False,False,105.55,True,True,True,True,False,4,5,False,5693736448,2026-10-07T01:33:25.814124+00:00
HWKN,Basic Materials,132.25,152.36,75.23,121.51,-0.0884,False,False,67.78,True,True,True,True,True,5,5,False,2760734208,2026-10-07T01:33:25.814124+00:00
KNSL,Financial Services,336.45,,308.95,308.95,-0.089,False,False,,True,True,True,True,True,5,5,False,7663800832,2026-10-07T01:33:25.814124+00:00
ENVA,Financial Services,182.88,,167.79,167.79,-0.09,False,False,,True,True,True,False,True,4,5,False,4553414144,2026-10-07T01:33:25.814124+00:00
LAMR,Real Estate,144.74,,132.76,132.76,-0.0902,False,False,,True,True,True,False,True,4,5,False,14698301440,2026-10-07T01:33:25.814124+00:00
REGN,Healthcare,738.72,,676.34,676.34,-0.0922,False,False,,True,True,True,True,True,5,5,False,76054904832,2026-10-07T01:33:25.814124+00:00
WHD,Energy,64.17,75.71,33.23,58.72,-0.0929,False,False,77.98,True,True,True,True,True,5,5,False,4474777088,2026-10-07T01:33:25.814124+00:00
AMBP,Consumer Cyclical,4.44,,4.06,4.06,-0.0943,False,False,,True,True,True,,True,4,4,False,2653816064,2026-10-07T01:33:25.814124+00:00
EME,Industrials,824.52,753.81,752.82,753.42,-0.0944,False,False,0.13,True,True,True,True,True,5,5,False,36369494016,2026-10-07T01:33:25.814124+00:00
RPRX,Healthcare,56.44,,51.54,51.54,-0.095,False,False,,True,True,,True,True,4,4,False,32613031936,2026-10-07T01:33:25.814124+00:00
REXR,Real Estate,36.8,,33.59,33.59,-0.0955,False,False,,True,True,True,True,True,5,5,False,8413782016,2026-10-07T01:33:25.814124+00:00
STAG,Real Estate,36.12,,32.96,32.96,-0.0958,False,False,,True,True,True,True,True,5,5,False,7108510720,2026-10-07T01:33:25.814124+00:00
CMG,Consumer Cyclical,30.9,34.99,17.95,28.17,-0.0969,False,False,64.37,True,True,True,False,True,4,5,False,39101415424,2026-10-07T01:33:25.814124+00:00
FR,Real Estate,59.26,,54.01,54.01,-0.0972,False,False,,True,True,,True,True,4,4,False,8119594496,2026-10-07T01:33:25.814124+00:00
ACMR,Technology,75.35,,68.44,68.44,-0.1009,False,False,,True,True,False,True,True,4,5,False,5248067072,2026-10-07T01:33:25.814124+00:00
CNP,Utilities,38.56,,34.94,34.94,-0.1036,False,False,,True,True,False,False,True,3,5,False,25400254464,2026-10-07T01:33:25.814124+00:00
CUBE,Real Estate,37.76,,34.19,34.19,-0.1045,False,False,,True,True,,True,True,4,4,False,8560811008,2026-10-07T01:33:25.814124+00:00
XEL,Utilities,72.73,,65.83,65.83,-0.1047,False,False,,False,True,False,True,True,3,5,False,45429653504,2026-10-07T01:33:25.814124+00:00
ITGR,Healthcare,126.47,123.88,100.34,114.47,-0.1049,False,False,20.99,True,True,True,True,False,4,5,False,4299609088,2026-10-07T01:33:25.814124+00:00
CWEN,Utilities,30.73,,27.81,27.81,-0.105,False,False,,True,True,True,True,True,5,5,False,7579124224,2026-10-07T01:33:25.814124+00:00
ROST,Consumer Cyclical,224.21,245.94,137.73,202.65,-0.1064,False,False,56.41,True,True,True,True,True,5,5,False,71624589312,2026-10-07T01:33:25.814124+00:00
CBU,Financial Services,59.58,,53.69,53.69,-0.1098,False,False,,True,True,True,,True,4,4,False,3134855680,2026-10-07T01:33:25.814124+00:00
GS,Financial Services,897.18,,806.55,806.55,-0.1124,False,False,,True,True,False,False,True,3,5,False,261233147904,2026-10-07T01:33:25.814124+00:00
C,Financial Services,128.52,,115.35,115.35,-0.1142,False,False,,True,True,False,,True,3,4,False,215584178176,2026-10-07T01:33:25.814124+00:00
FBK,Financial Services,52.66,,47.21,47.21,-0.1154,False,False,,True,True,True,,True,4,4,False,2631848704,2026-10-07T01:33:25.814124+00:00
RJF,Financial Services,159.43,,142.87,142.87,-0.1159,False,False,,True,True,True,True,True,5,5,False,30668226560,2026-10-07T01:33:25.814124+00:00
BCPC,Basic Materials,165.29,183.29,95.39,148.13,-0.1159,False,False,63.09,True,True,True,True,True,5,5,False,5269117952,2026-10-07T01:33:25.814124+00:00
BG,Consumer Defensive,107.33,,96.18,96.18,-0.1159,False,False,,True,True,False,True,True,4,5,False,20620144640,2026-10-07T01:33:25.814124+00:00
SGI,Consumer Cyclical,62.74,67.14,39.75,56.19,-0.1166,False,False,51.25,True,True,True,True,True,5,5,False,14445206528,2026-10-07T01:33:25.814124+00:00
CTRE,Real Estate,36.55,,32.7,32.7,-0.1176,False,False,,True,True,True,True,True,5,5,False,8636516352,2026-10-07T01:33:25.814124+00:00
ELV,Healthcare,400.09,329.29,400.39,357.73,-0.1184,False,False,19.49,True,True,True,True,True,5,5,False,86767239168,2026-10-07T01:33:25.814124+00:00
IOSP,Basic Materials,98.55,82.7,96.2,88.1,-0.1186,False,False,15.08,False,True,True,True,True,4,5,False,2427389952,2026-10-07T01:33:25.814124+00:00
WEC,Utilities,103.19,,92.1,92.1,-0.1204,False,False,,True,True,False,True,True,4,5,False,33624397824,2026-10-07T01:33:25.814124+00:00
BJ,Consumer Defensive,95.62,,85.34,85.34,-0.1205,False,False,,True,True,True,True,True,5,5,False,12078211072,2026-10-07T01:33:25.814124+00:00
URI,Industrials,1080.62,,962.37,962.37,-0.1229,False,False,,True,True,True,True,True,5,5,False,67260477440,2026-10-07T01:33:25.814124+00:00
KIM,Real Estate,22.14,,19.68,19.68,-0.1247,False,False,,True,True,,True,True,4,4,False,14851276800,2026-10-07T01:33:25.814124+00:00
RSG,Industrials,214.74,,190.8,190.8,-0.1255,False,False,,True,True,True,True,True,5,5,False,65756180480,2026-10-07T01:33:25.814124+00:00
CFG,Financial Services,64.09,,56.93,56.93,-0.1259,False,False,,True,True,True,,True,4,4,False,26993219584,2026-10-07T01:33:25.814124+00:00
IR,Industrials,79.21,74.53,63.99,70.31,-0.1265,False,False,15.21,True,True,True,True,True,5,5,False,30733434880,2026-10-07T01:33:25.814124+00:00
VSAT,Technology,74.38,26.82,124.79,66.01,-0.1269,False,False,129.24,True,False,True,True,True,4,5,False,10246277120,2026-10-07T01:33:25.814124+00:00
LECO,Industrials,275.54,246.79,239.34,243.81,-0.1301,False,False,3.06,True,True,True,True,True,5,5,False,15018516480,2026-10-07T01:33:25.814124+00:00
WTRG,Utilities,38.81,,34.32,34.32,-0.1308,False,False,,True,True,False,True,True,4,5,False,11013447680,2026-10-07T01:33:25.814124+00:00
HTH,Financial Services,37.1,,32.76,32.76,-0.1325,False,False,,False,True,False,,True,2,4,False,2125325952,2026-10-07T01:33:25.814124+00:00
URBN,Consumer Cyclical,80.25,47.77,105.22,70.75,-0.1343,False,False,75.09,True,True,True,True,True,5,5,False,6874229760,2026-10-07T01:33:25.814124+00:00
DGX,Healthcare,228.39,241.05,141.16,201.09,-0.1358,False,False,52.27,True,True,True,True,True,5,5,False,25208172544,2026-10-07T01:33:25.814124+00:00
DRI,Consumer Cyclical,203.14,189.84,162.31,178.83,-0.1359,False,False,15.63,True,True,True,False,True,4,5,False,22983913472,2026-10-07T01:33:25.814124+00:00
SHO,Real Estate,11.22,,9.87,9.87,-0.1364,False,False,,True,True,,True,True,4,4,False,2086291072,2026-10-07T01:33:25.814124+00:00
BXP,Real Estate,59.79,,52.59,52.59,-0.1369,False,False,,True,True,,False,True,3,4,False,10814661632,2026-10-07T01:33:25.814124+00:00
CMI,Industrials,535.31,445.9,507.2,470.42,-0.1379,False,False,12.86,True,True,True,True,True,5,5,False,73866928128,2026-10-07T01:33:25.814124+00:00
VTRS,Healthcare,17.54,23.45,3.36,15.41,-0.138,False,False,149.84,False,False,True,True,True,3,5,False,20146284544,2026-10-07T01:33:25.814124+00:00
SJM,Consumer Defensive,116.8,,102.6,102.6,-0.1384,False,False,,True,False,True,True,True,4,5,False,12476948480,2026-10-07T01:33:25.814124+00:00
PFG,Financial Services,109.7,,96.15,96.15,-0.1409,False,False,,False,True,True,True,True,4,5,False,23487279104,2026-10-07T01:33:25.814124+00:00
NKE,Consumer Cyclical,34.61,23.68,40.32,30.33,-0.141,False,False,52.02,False,True,True,True,True,4,5,False,51406536704,2026-10-07T01:33:25.814124+00:00
HWC,Financial Services,72.72,,63.65,63.65,-0.1425,False,False,,True,True,True,,True,4,4,False,5833820672,2026-10-07T01:33:25.814124+00:00
QSR,Consumer Cyclical,70.24,,61.45,61.45,-0.1431,False,False,,True,True,True,False,True,4,5,False,32177713152,2026-10-07T01:33:25.814124+00:00
JPM,Financial Services,331.28,,289.74,289.74,-0.1434,False,False,,True,True,,,True,3,3,False,880603955200,2026-10-07T01:33:25.814124+00:00
GFL,Industrials,42.52,,37.11,37.11,-0.1458,False,False,,False,True,True,True,True,4,5,False,15345056768,2026-10-07T01:33:25.814124+00:00
INDB,Financial Services,79.39,,69.26,69.26,-0.1463,False,False,,True,True,True,,True,4,4,False,3760632832,2026-10-07T01:33:25.814124+00:00
MNST,Consumer Defensive,43.25,49.29,20.0,37.57,-0.1511,False,False,84.55,True,True,True,True,True,5,5,False,84728987648,2026-10-07T01:33:25.814124+00:00
UNF,Industrials,251.72,212.8,227.34,218.62,-0.1514,False,False,6.6,True,True,True,True,True,5,5,False,4552147968,2026-10-07T01:33:25.814124+00:00
PECO,Real Estate,37.54,,32.48,32.48,-0.1556,False,False,,True,True,True,True,True,5,5,False,5299579392,2026-10-07T01:33:25.814124+00:00
FSS,Industrials,118.14,92.58,116.08,101.98,-0.1584,False,False,22.52,True,True,True,True,True,5,5,False,7211456000,2026-10-07T01:33:25.814124+00:00
OLLI,Consumer Defensive,87.75,,75.68,75.68,-0.1595,False,False,,True,True,True,True,True,5,5,False,5212560896,2026-10-07T01:33:25.814124+00:00
CFR,Financial Services,152.96,,131.79,131.79,-0.1606,False,False,,True,True,True,,True,4,4,False,9506278400,2026-10-07T01:33:25.814124+00:00
NXST,Communication Services,157.36,,135.56,135.56,-0.1608,False,False,,False,True,True,False,True,3,5,False,4847993856,2026-10-07T01:33:25.814124+00:00
SWK,Industrials,89.99,47.95,121.83,77.5,-0.1612,False,False,87.03,False,True,True,True,True,4,5,False,13589987328,2026-10-07T01:33:25.814124+00:00
AIT,Industrials,344.99,321.82,259.68,296.96,-0.1617,False,False,21.37,True,True,True,True,True,5,5,False,12672826368,2026-10-07T01:33:25.814124+00:00
NWBI,Financial Services,14.93,,12.83,12.83,-0.1637,False,False,,True,True,True,,True,4,4,False,2186634752,2026-10-07T01:33:25.814124+00:00
MAA,Real Estate,116.99,,100.52,100.52,-0.1638,False,False,,True,True,True,True,True,5,5,False,13960023040,2026-10-07T01:33:25.814124+00:00
MU,Technology,1045.56,45.34,2175.59,897.44,-0.165,False,False,191.83,True,True,True,True,True,5,5,False,1180848357376,2026-10-07T01:33:25.814124+00:00
VMC,Basic Materials,248.85,247.57,162.6,213.59,-0.1651,False,False,41.43,True,True,True,True,True,5,5,False,32245669888,2026-10-07T01:33:25.814124+00:00
RCL,Consumer Cyclical,288.78,,247.78,247.78,-0.1655,False,False,,True,True,True,False,True,4,5,False,77234814976,2026-10-07T01:33:25.814124+00:00
BANF,Financial Services,106.79,,91.43,91.43,-0.168,False,False,,True,True,True,,True,4,4,False,3586690304,2026-10-07T01:33:25.814124+00:00
PSA,Real Estate,285.85,,244.66,244.66,-0.1684,False,False,,True,True,True,True,True,5,5,False,53411729408,2026-10-07T01:33:25.814124+00:00
NTRS,Financial Services,169.46,,144.99,144.99,-0.1688,False,False,,True,True,True,,True,4,4,False,31003664384,2026-10-07T01:33:25.814124+00:00
AZO,Consumer Cyclical,2898.57,,2478.54,2478.54,-0.1695,False,False,,True,True,True,,True,4,4,False,46878572544,2026-10-07T01:33:25.814124+00:00
SKY,Consumer Cyclical,85.89,78.05,66.39,73.39,-0.1704,False,False,16.14,True,True,True,True,True,5,5,False,4662120960,2026-10-07T01:33:25.814124+00:00
RBA,Industrials,81.05,,69.15,69.15,-0.1722,False,False,,True,True,True,True,True,5,5,False,15099615232,2026-10-07T01:33:25.814124+00:00
VFC,Consumer Cyclical,14.45,11.68,13.3,12.33,-0.1724,False,False,12.95,False,True,True,False,True,3,5,False,5680794112,2026-10-07T01:33:25.814124+00:00
AWK,Utilities,128.04,,109.18,109.18,-0.1728,False,False,,True,True,False,True,True,4,5,False,25445259264,2026-10-07T01:33:25.814124+00:00
ZG,Communication Services,28.36,23.65,24.95,24.17,-0.1732,False,False,5.35,True,True,True,True,True,5,5,False,6377454080,2026-10-07T01:33:25.814124+00:00
ABCB,Financial Services,79.95,,68.01,68.01,-0.1755,False,False,,True,True,True,,True,4,4,False,5365223424,2026-10-07T01:33:25.814124+00:00
AKAM,Technology,108.62,,92.26,92.26,-0.1773,False,False,,True,True,True,True,True,5,5,False,15610498048,2026-10-07T01:33:25.814124+00:00
WMS,Industrials,130.07,80.06,156.1,110.48,-0.1774,False,False,64.4,False,True,True,True,True,4,5,False,9807973376,2026-10-07T01:33:25.814124+00:00
NWE,Utilities,68.92,,58.5,58.5,-0.1782,False,False,,True,True,False,True,True,4,5,False,4239810048,2026-10-07T01:33:25.814124+00:00
HRL,Consumer Defensive,19.88,,16.84,16.84,-0.1805,False,False,,False,True,True,True,True,4,5,False,10940973056,2026-10-07T01:33:25.814124+00:00
AVY,Consumer Cyclical,168.45,125.9,167.58,142.57,-0.1815,False,False,28.41,False,True,True,True,True,4,5,False,12884804608,2026-10-07T01:33:25.814124+00:00
LQDA,Healthcare,25.91,,21.92,21.92,-0.1823,False,False,,True,False,False,True,True,3,5,False,2319175168,2026-10-07T01:33:25.814124+00:00
RRR,Consumer Cyclical,52.05,26.85,69.73,44.0,-0.1829,False,False,88.78,True,True,True,False,True,4,5,False,5308461056,2026-10-07T01:33:25.814124+00:00
SYY,Consumer Defensive,77.45,60.11,73.0,65.27,-0.1866,False,False,19.36,True,True,True,False,True,4,5,False,38098735104,2026-10-07T01:33:25.814124+00:00
CPT,Real Estate,97.65,,82.18,82.18,-0.1883,False,False,,True,True,True,True,True,5,5,False,9817667584,2026-10-07T01:33:25.814124+00:00
GOOG,Communication Services,344.59,229.26,380.62,289.8,-0.1891,False,False,49.64,True,True,True,True,True,5,5,False,4214313189376,2026-10-07T01:33:25.814124+00:00
UE,Real Estate,19.6,,16.46,16.46,-0.1909,False,False,,True,True,,True,True,4,4,False,2698668032,2026-10-07T01:33:25.814124+00:00
AWR,Utilities,81.56,,68.42,68.42,-0.1921,False,False,,True,True,False,True,,3,4,False,3232681472,2026-10-07T01:33:25.814124+00:00
MTDR,Energy,52.91,3.27,105.96,44.35,-0.1931,False,False,188.01,True,True,True,True,True,5,5,False,6547835392,2026-10-07T01:33:25.814124+00:00
ADUS,Healthcare,113.16,95.14,94.17,94.75,-0.1943,False,False,1.03,True,True,True,True,True,5,5,False,2112106112,2026-10-07T01:33:25.814124+00:00
WLK,Basic Materials,63.39,,53.07,53.07,-0.1944,False,False,,False,False,False,True,True,2,5,False,8101022720,2026-10-07T01:33:25.814124+00:00
XYZ,Technology,76.54,84.57,33.22,64.03,-0.1954,False,False,87.19,True,True,True,True,True,5,5,False,45984849920,2026-10-07T01:33:25.814124+00:00
DOC,Real Estate,19.0,,15.87,15.87,-0.197,False,False,,True,True,,True,True,4,4,False,13469998080,2026-10-07T01:33:25.814124+00:00
BRO,Financial Services,60.97,,50.93,50.93,-0.1971,False,False,,True,True,True,True,True,5,5,False,20401195008,2026-10-07T01:33:25.814124+00:00
CCL,Consumer Cyclical,26.58,8.76,42.36,22.2,-0.1972,False,False,131.47,True,True,True,True,True,5,5,False,35739738112,2026-10-07T01:33:25.814124+00:00
MEDP,Healthcare,602.9,656.09,274.04,503.27,-0.198,False,False,82.15,True,True,True,True,False,4,5,False,16827937792,2026-10-07T01:33:25.814124+00:00
ABNB,Consumer Cyclical,160.39,165.22,86.73,133.82,-0.1986,False,False,62.31,True,True,True,True,True,5,5,False,96039231488,2026-10-07T01:33:25.814124+00:00
NNI,Financial Services,124.32,,103.64,103.64,-0.1996,False,False,,False,True,True,True,,3,4,False,4448099840,2026-10-07T01:33:25.814124+00:00
ADSK,Technology,231.28,164.55,235.09,192.77,-0.1998,False,False,35.3,True,True,True,True,True,5,5,False,48337518592,2026-10-07T01:33:25.814124+00:00
VLO,Energy,419.22,331.31,372.4,347.74,-0.2055,False,False,11.68,False,True,True,True,False,3,5,False,120704950272,2026-10-07T01:33:25.814124+00:00
FTV,Technology,57.89,37.74,63.27,47.95,-0.2073,False,False,50.56,False,True,True,True,True,4,5,False,17648404480,2026-10-07T01:33:25.814124+00:00
O,Real Estate,54.25,,44.87,44.87,-0.2091,False,False,,True,True,,True,True,4,4,False,51332329472,2026-10-07T01:33:25.814124+00:00
ITW,Industrials,267.14,199.34,252.58,220.63,-0.2108,False,False,23.56,True,True,True,False,True,4,5,False,76081479680,2026-10-07T01:33:25.814124+00:00
EVR,Financial Services,268.08,,221.23,221.23,-0.2118,False,False,,True,True,True,True,True,5,5,False,10309760000,2026-10-07T01:33:25.814124+00:00
PIPR,Financial Services,65.66,,53.81,53.81,-0.2202,False,False,,True,True,True,True,True,5,5,False,4640211456,2026-10-07T01:33:25.814124+00:00
MRX,Financial Services,74.24,,60.79,60.79,-0.2213,False,False,,True,True,True,False,True,4,5,False,5340147712,2026-10-07T01:33:25.814124+00:00
MHO,Consumer Cyclical,133.29,47.36,201.39,108.97,-0.2232,False,False,123.85,True,True,True,True,True,5,5,False,3369975040,2026-10-07T01:33:25.814124+00:00
CRBG,Financial Services,35.17,,28.74,28.74,-0.2236,False,False,,False,False,,True,True,2,4,False,15677818880,2026-10-07T01:33:25.814124+00:00
MCD,Consumer Cyclical,232.45,,189.92,189.92,-0.224,False,False,,True,True,True,,True,4,4,False,164491280384,2026-10-07T01:33:25.814124+00:00
CVX,Energy,207.58,163.34,178.67,169.47,-0.2249,False,False,8.97,False,True,True,True,True,4,5,False,407189618688,2026-10-07T01:33:25.814124+00:00
ESAB,Industrials,71.83,41.17,84.82,58.63,-0.2252,False,False,69.29,True,True,True,True,True,5,5,False,4465513984,2026-10-07T01:33:25.814124+00:00
DTE,Utilities,128.22,,104.56,104.56,-0.2262,False,False,,False,True,False,False,True,2,5,False,26681051136,2026-10-07T01:33:25.814124+00:00
PG,Consumer Defensive,148.41,,120.94,120.94,-0.2271,False,False,,True,True,True,True,True,5,5,False,344969117696,2026-10-07T01:33:25.814124+00:00
NHC,Healthcare,228.27,209.2,150.2,185.6,-0.2299,False,False,32.84,True,True,True,True,,4,4,False,3575026688,2026-10-07T01:33:25.814124+00:00
SKT,Real Estate,34.94,,28.39,28.39,-0.2305,False,False,,True,True,,False,True,3,4,False,4176683776,2026-10-07T01:33:25.814124+00:00
VNOM,Energy,41.59,,33.73,33.73,-0.2329,False,False,,True,False,False,True,True,3,5,False,14938914816,2026-10-07T01:33:25.814124+00:00
WSO,Industrials,290.83,196.58,293.57,235.38,-0.2356,False,False,39.57,False,True,True,True,True,4,5,False,11997374464,2026-10-07T01:33:25.814124+00:00
WAB,Industrials,291.16,265.42,190.38,235.41,-0.2368,False,False,32.93,True,True,True,True,True,5,5,False,49180082176,2026-10-07T01:33:25.814124+00:00
ASAN,Technology,9.29,7.51,,7.51,-0.237,False,False,,True,False,True,False,True,3,5,False,2127132288,2026-10-07T01:33:25.814124+00:00
TGT,Consumer Defensive,154.33,83.71,185.99,124.62,-0.2384,False,False,75.85,False,True,True,True,True,4,5,False,70110797824,2026-10-07T01:33:25.814124+00:00
MS,Financial Services,191.02,,154.21,154.21,-0.2387,False,False,,True,True,False,False,True,3,5,False,300009586688,2026-10-07T01:33:25.814124+00:00
EXR,Real Estate,133.89,,107.99,107.99,-0.2398,False,False,,True,True,True,True,True,5,5,False,29549862912,2026-10-07T01:33:25.814124+00:00
MANH,Technology,202.84,201.33,106.91,163.56,-0.2401,False,False,61.27,True,True,True,True,True,5,5,False,11826580480,2026-10-07T01:33:25.814124+00:00
PRMB,Consumer Defensive,19.22,,15.45,15.45,-0.2441,False,False,,True,True,True,True,True,5,5,False,6956557824,2026-10-07T01:33:25.814124+00:00
STT,Financial Services,175.75,,141.26,141.26,-0.2442,False,False,,True,True,True,,True,4,4,False,48278835200,2026-10-07T01:33:25.814124+00:00
SYBT,Financial Services,77.07,,61.91,61.91,-0.2449,False,False,,True,True,True,,True,4,4,False,2394306304,2026-10-07T01:33:25.814124+00:00
LNT,Utilities,65.49,,52.57,52.57,-0.2458,False,False,,True,True,False,True,True,4,5,False,16980554752,2026-10-07T01:33:25.814124+00:00
NEE,Utilities,77.88,,62.52,62.52,-0.2458,False,False,,True,True,True,True,True,5,5,False,162426945536,2026-10-07T01:33:25.814124+00:00
RTX,Industrials,183.29,,147.12,147.12,-0.2459,False,False,,True,True,True,True,True,5,5,False,247030562816,2026-10-07T01:33:25.814124+00:00
CVBF,Financial Services,21.89,,17.56,17.56,-0.2463,False,False,,False,True,True,,True,3,4,False,3852583936,2026-10-07T01:33:25.814124+00:00
ELS,Real Estate,58.74,,47.02,47.02,-0.2492,False,False,,True,True,True,True,True,5,5,False,11770548224,2026-10-07T01:33:25.814124+00:00
XP,Financial Services,29.73,,23.79,23.79,-0.2496,False,False,,True,True,True,False,False,3,5,False,15086279680,2026-10-07T01:33:25.814124+00:00
QGEN,Healthcare,45.65,39.93,31.4,36.52,-0.2501,False,False,23.91,False,True,True,True,True,4,5,False,9426497536,2026-10-07T01:33:25.814124+00:00
OSW,Consumer Cyclical,23.28,21.88,13.73,18.62,-0.2504,False,False,45.77,True,True,True,True,True,5,5,False,2362889984,2026-10-07T01:33:25.814124+00:00
GOOGL,Communication Services,347.68,215.93,371.05,277.98,-0.2507,False,False,52.86,True,True,True,True,True,5,5,False,4252103868416,2026-10-07T01:33:25.814124+00:00
APP,Communication Services,278.78,220.89,225.79,222.85,-0.251,False,False,2.2,True,True,True,True,True,5,5,False,93293871104,2026-10-07T01:33:25.814124+00:00
VOYA,Financial Services,97.82,,77.94,77.94,-0.2551,False,False,,True,True,,True,True,4,4,False,8862135296,2026-10-07T01:33:25.814124+00:00
PR,Energy,22.35,9.37,30.43,17.79,-0.2561,False,False,105.87,True,True,True,True,True,5,5,False,18719399936,2026-10-07T01:33:25.814124+00:00
BALL,Consumer Cyclical,57.43,35.07,61.48,45.63,-0.2585,False,False,54.73,False,True,True,True,True,4,5,False,15290536960,2026-10-07T01:33:25.814124+00:00
PRIM,Industrials,84.97,68.38,66.08,67.46,-0.2596,False,False,3.43,True,True,True,True,True,5,5,False,4574132736,2026-10-07T01:33:25.814124+00:00
GEHC,Healthcare,64.77,42.29,65.03,51.39,-0.2604,False,False,42.36,True,True,True,True,True,5,5,False,29463339008,2026-10-07T01:33:25.814124+00:00
YUM,Consumer Cyclical,139.84,,110.95,110.95,-0.2604,False,False,,True,True,True,,True,4,4,False,38162485248,2026-10-07T01:33:25.814124+00:00
SMG,Basic Materials,50.52,30.62,54.07,40.0,-0.263,False,False,55.37,False,True,True,,True,3,4,False,2941288192,2026-10-07T01:33:25.814124+00:00
DRS,Industrials,36.78,,29.04,29.04,-0.2665,False,False,,True,True,True,True,True,5,5,False,9816269824,2026-10-07T01:33:25.814124+00:00
IBP,Consumer Cyclical,192.85,140.34,169.63,152.05,-0.2683,False,False,18.9,True,True,True,True,True,5,5,False,5125794304,2026-10-07T01:33:25.814124+00:00
CW,Industrials,553.35,494.37,345.89,434.98,-0.2721,False,False,35.34,True,True,True,True,True,5,5,False,20437673984,2026-10-07T01:33:25.814124+00:00
VCTR,Financial Services,113.85,,89.4,89.4,-0.2735,False,False,,True,True,True,True,True,5,5,False,7002864640,2026-10-07T01:33:25.814124+00:00
FND,Consumer Cyclical,46.96,,36.82,36.82,-0.2753,False,False,,True,True,True,True,True,5,5,False,5000769024,2026-10-07T01:33:25.814124+00:00
BEN,Financial Services,32.44,,25.42,25.42,-0.276,False,False,,True,True,True,True,True,5,5,False,16482014208,2026-10-07T01:33:25.814124+00:00
TRU,Financial Services,63.42,,49.63,49.63,-0.2777,False,False,,True,True,True,True,True,5,5,False,12151271424,2026-10-07T01:33:25.814124+00:00
SRE,Utilities,79.97,,62.57,62.57,-0.2782,False,False,,False,True,False,True,True,3,5,False,52292411392,2026-10-07T01:33:25.814124+00:00
CVLT,Technology,154.98,165.98,53.57,121.01,-0.2807,False,False,102.4,True,True,True,False,True,4,5,False,6423078400,2026-10-07T01:33:25.814124+00:00
GM,Consumer Cyclical,82.01,,64.01,64.01,-0.2813,False,False,,True,True,True,False,True,4,5,False,71959797760,2026-10-07T01:33:25.814124+00:00
WOR,Industrials,61.64,38.12,63.06,48.09,-0.2816,False,False,49.29,False,True,True,True,True,4,5,False,3015846912,2026-10-07T01:33:25.814124+00:00
SHW,Basic Materials,321.16,294.58,184.31,250.47,-0.2822,False,False,46.05,True,True,True,False,True,4,5,False,77964206080,2026-10-07T01:33:25.814124+00:00
WH,Consumer Cyclical,72.65,61.21,49.74,56.62,-0.2831,False,False,20.68,False,True,True,False,True,3,5,False,5391437824,2026-10-07T01:33:25.814124+00:00
CARR,Industrials,56.1,47.48,37.85,43.63,-0.2858,False,False,22.57,True,True,True,True,True,5,5,False,46595559424,2026-10-07T01:33:25.814124+00:00
UFPT,Healthcare,302.87,294.52,146.57,235.34,-0.2869,False,False,67.09,True,True,True,True,,4,4,False,2345967360,2026-10-07T01:33:25.814124+00:00
AON,Financial Services,273.99,,212.89,212.89,-0.287,False,False,,True,True,True,True,True,5,5,False,58120245248,2026-10-07T01:33:25.814124+00:00
IQV,Healthcare,259.98,189.42,220.7,201.93,-0.2875,False,False,15.25,True,True,True,False,True,4,5,False,42792710144,2026-10-07T01:33:25.814124+00:00
UNH,Healthcare,376.32,323.47,243.92,291.65,-0.2903,False,False,28.04,True,True,True,True,True,5,5,False,337782898688,2026-10-07T01:33:25.814124+00:00
ETR,Utilities,103.25,,79.97,79.97,-0.2911,False,False,,False,True,False,True,True,3,5,False,49330524160,2026-10-07T01:33:25.814124+00:00
CCI,Real Estate,68.28,,52.84,52.84,-0.2923,False,False,,False,True,True,,True,3,4,False,29050095616,2026-10-07T01:33:25.814124+00:00
PRK,Financial Services,180.28,,139.39,139.39,-0.2934,False,False,,True,True,True,,True,4,4,False,3256606720,2026-10-07T01:33:25.814124+00:00
CDE,Basic Materials,17.17,8.24,20.77,13.25,-0.2955,False,False,86.38,True,True,True,True,True,5,5,False,17649643520,2026-10-07T01:33:25.814124+00:00
TDG,Industrials,1103.33,882.23,804.41,851.1,-0.2964,False,False,9.23,True,True,True,,True,4,4,False,61713199104,2026-10-07T01:33:25.814124+00:00
DORM,Consumer Cyclical,126.58,70.28,138.45,97.55,-0.2976,False,False,65.31,True,True,True,True,True,5,5,False,3756339712,2026-10-07T01:33:25.814124+00:00
VMI,Industrials,486.89,239.6,578.12,375.01,-0.2984,False,False,82.8,False,True,True,True,True,4,5,False,9452313600,2026-10-07T01:33:25.814124+00:00
PPLI,Communication Services,41.29,7.29,68.5,31.78,-0.2994,False,False,161.5,False,False,True,True,True,3,5,False,3074615552,2026-10-07T01:33:25.814124+00:00
OPLN,Consumer Cyclical,34.96,30.8,21.06,26.9,-0.2996,False,False,37.57,True,True,True,True,True,5,5,False,4267562240,2026-10-07T01:33:25.814124+00:00
LBRT,Energy,20.12,,15.46,15.46,-0.301,False,False,,False,True,True,True,True,4,5,False,3283411712,2026-10-07T01:33:25.814124+00:00
JOE,Real Estate,65.98,,50.64,50.64,-0.3029,False,False,,True,True,True,True,,4,4,False,3756271360,2026-10-07T01:33:25.814124+00:00
ESE,Technology,268.22,211.31,196.46,205.37,-0.306,False,False,7.28,True,True,True,True,True,5,5,False,6948928000,2026-10-07T01:33:25.814124+00:00
MSM,Industrials,130.32,94.64,106.77,99.49,-0.3098,False,False,12.05,True,True,True,True,True,5,5,False,7277889536,2026-10-07T01:33:25.814124+00:00
NRG,Utilities,103.6,,78.99,78.99,-0.3116,False,False,,False,True,True,False,True,3,5,False,21777805312,2026-10-07T01:33:25.814124+00:00
MDLZ,Consumer Defensive,59.62,,45.44,45.44,-0.3121,False,False,,True,True,True,True,True,5,5,False,76531195904,2026-10-07T01:33:25.814124+00:00
MTN,Consumer Cyclical,145.2,112.1,107.43,110.24,-0.3172,False,False,4.25,True,True,True,False,False,3,5,False,5174244864,2026-10-07T01:33:25.814124+00:00
MPC,Energy,432.36,281.52,397.2,327.79,-0.319,False,False,34.09,False,True,True,True,False,3,5,False,126221721600,2026-10-07T01:33:25.814124+00:00
XOM,Energy,164.48,,124.4,124.4,-0.3222,False,False,,False,True,True,True,True,4,5,False,676327260160,2026-10-07T01:33:25.814124+00:00
FDXF,Industrials,112.1,,84.78,84.78,-0.3222,False,False,,False,True,False,,True,2,4,False,16760981504,2026-10-07T01:33:25.814124+00:00
ETSY,Consumer Cyclical,71.39,57.44,48.76,53.97,-0.3229,False,False,16.34,True,True,True,,True,4,4,False,6552298496,2026-10-07T01:33:25.814124+00:00
AMZN,Consumer Cyclical,256.29,,193.66,193.66,-0.3234,False,False,,True,True,True,True,True,5,5,False,2764424347648,2026-10-07T01:33:25.814124+00:00
ADC,Real Estate,65.79,,49.68,49.68,-0.3244,False,False,,True,True,,True,True,4,4,False,8205910016,2026-10-07T01:33:25.814124+00:00
NBIX,Healthcare,145.51,,109.86,109.86,-0.3246,False,False,,True,True,True,True,True,5,5,False,14790972416,2026-10-07T01:33:25.814124+00:00
CHRW,Industrials,135.05,92.36,115.78,101.73,-0.3276,False,False,22.51,False,True,True,True,True,4,5,False,15753373696,2026-10-07T01:33:25.814124+00:00
WTW,Financial Services,291.98,,219.62,219.62,-0.3295,False,False,,True,True,True,True,True,5,5,False,27116748800,2026-10-07T01:33:25.814124+00:00
AME,Industrials,253.72,208.22,164.34,190.67,-0.3307,False,False,23.56,True,True,True,True,True,5,5,False,58153385984,2026-10-07T01:33:25.814124+00:00
IDA,Utilities,132.68,,99.7,99.7,-0.3308,False,False,,True,True,False,True,True,4,5,False,7674482176,2026-10-07T01:33:25.814124+00:00
SWKS,Technology,82.79,58.78,66.91,62.03,-0.3347,False,False,12.94,False,True,True,True,False,3,5,False,19469357056,2026-10-07T01:33:25.814124+00:00
PLMR,Financial Services,126.88,,94.89,94.89,-0.3372,False,False,,True,True,True,True,True,5,5,False,3339187712,2026-10-07T01:33:25.814124+00:00
NDSN,Industrials,334.22,257.69,237.46,249.6,-0.339,False,False,8.17,True,True,True,True,True,5,5,False,18622052352,2026-10-07T01:33:25.814124+00:00
ATR,Healthcare,120.25,,89.76,89.76,-0.3397,False,False,,True,True,True,True,True,5,5,False,7645630464,2026-10-07T01:33:25.814124+00:00
HLIO,Industrials,71.38,47.64,61.69,53.26,-0.3403,False,False,25.7,False,True,True,True,True,4,5,False,2352012032,2026-10-07T01:33:25.814124+00:00
IPAR,Consumer Defensive,112.85,72.94,100.98,84.15,-0.341,False,False,32.24,True,True,True,True,True,5,5,False,3614109184,2026-10-07T01:33:25.814124+00:00
BNY,Financial Services,143.73,,106.75,106.75,-0.3464,False,False,,True,True,True,,True,4,4,False,97521393664,2026-10-07T01:33:25.814124+00:00
META,Communication Services,738.88,563.32,526.54,548.61,-0.3468,False,False,6.75,True,True,True,True,True,5,5,False,1882301399040,2026-10-07T01:33:25.814124+00:00
TGTX,Healthcare,52.19,,38.7,38.7,-0.3487,False,False,,True,True,False,True,True,4,5,False,7988674048,2026-10-07T01:33:25.814124+00:00
SONO,Technology,17.43,10.32,16.77,12.9,-0.3514,False,False,47.64,False,False,True,True,True,3,5,False,2061864064,2026-10-07T01:33:25.814124+00:00
TXNM,Utilities,58.55,,43.29,43.29,-0.3526,False,False,,False,True,False,True,True,3,5,False,6447863296,2026-10-07T01:33:25.814124+00:00
CBRE,Real Estate,130.66,,96.55,96.55,-0.3533,False,False,,True,True,True,True,True,5,5,False,37835911168,2026-10-07T01:33:25.814124+00:00
RSI,Consumer Cyclical,20.56,15.99,13.93,15.16,-0.3559,False,False,13.77,True,True,True,True,True,5,5,False,4761166336,2026-10-07T01:33:25.814124+00:00
DT,Technology,61.05,61.74,19.41,44.81,-0.3625,False,False,104.31,True,True,True,True,False,4,5,False,17643579392,2026-10-07T01:33:25.814124+00:00
NOW,Technology,137.97,134.45,51.01,101.07,-0.3651,False,False,89.98,True,True,True,True,True,5,5,False,142641938432,2026-10-07T01:33:25.814124+00:00
CUZ,Real Estate,27.66,,20.24,20.24,-0.3665,False,False,,True,True,True,True,True,5,5,False,4553584128,2026-10-07T01:33:25.814124+00:00
WDC,Technology,411.04,86.52,622.14,300.76,-0.3666,False,False,151.17,True,True,True,True,True,5,5,False,148196753408,2026-10-07T01:33:25.814124+00:00
RGLD,Basic Materials,234.35,,171.26,171.26,-0.3684,False,False,,True,True,False,True,True,4,5,False,19855974400,2026-10-07T01:33:25.814124+00:00
FFIN,Financial Services,31.92,,23.29,23.29,-0.3703,False,False,,True,True,True,,True,4,4,False,4574768640,2026-10-07T01:33:25.814124+00:00
OPCH,Healthcare,31.0,24.66,19.55,22.62,-0.3706,False,False,23.12,True,True,True,True,False,4,5,False,4643342848,2026-10-07T01:33:25.814124+00:00
FITB,Financial Services,51.0,,37.12,37.12,-0.3739,False,False,,True,True,True,,True,4,4,False,46235222016,2026-10-07T01:33:25.814124+00:00
OWL,Financial Services,9.07,,6.6,6.6,-0.374,False,False,,True,True,True,True,True,5,5,False,14214109184,2026-10-07T01:33:25.814124+00:00
ULTA,Consumer Cyclical,547.29,346.05,473.99,397.23,-0.3778,False,False,31.2,True,True,True,True,True,5,5,False,23400736768,2026-10-07T01:33:25.814124+00:00
BTU,Energy,25.43,,18.41,18.41,-0.381,False,False,,False,False,False,True,True,2,5,False,3099917056,2026-10-07T01:33:25.814124+00:00
VMRK,Real Estate,60.37,,43.72,43.72,-0.381,False,False,,True,True,True,True,True,5,5,False,46713044992,2026-10-07T01:33:25.814124+00:00
ACA,Industrials,146.5,95.9,120.95,105.92,-0.3831,False,False,23.1,True,True,True,True,True,5,5,False,7194147328,2026-10-07T01:33:25.814124+00:00
IRDM,Communication Services,49.04,44.37,21.69,35.3,-0.3893,False,False,68.67,True,True,True,False,False,3,5,False,5197335552,2026-10-07T01:33:25.814124+00:00
PSMT,Consumer Defensive,172.0,129.5,115.22,123.78,-0.3895,False,False,11.67,True,True,True,True,False,4,5,False,5308009984,2026-10-07T01:33:25.814124+00:00
LAZ,Financial Services,36.36,,26.16,26.16,-0.39,False,False,,True,True,True,False,True,4,5,False,3579194368,2026-10-07T01:33:25.814124+00:00
BWXT,Industrials,145.7,118.06,84.84,104.77,-0.3906,False,False,32.74,True,True,True,True,True,5,5,False,13349322752,2026-10-07T01:33:25.814124+00:00
CLH,Industrials,318.06,219.4,242.15,228.5,-0.3919,False,False,9.86,True,True,True,True,True,5,5,False,16789512192,2026-10-07T01:33:25.814124+00:00
MATX,Industrials,224.78,40.54,342.76,161.43,-0.3924,False,False,157.69,False,True,True,True,True,4,5,False,6721699328,2026-10-07T01:33:25.814124+00:00
CBC,Financial Services,32.14,,23.04,23.04,-0.3947,False,False,,True,True,True,,True,4,4,False,7697694720,2026-10-07T01:33:25.814124+00:00
CVCO,Consumer Cyclical,572.8,412.01,403.54,408.62,-0.4018,False,False,2.08,True,True,True,True,True,5,5,False,4404489216,2026-10-07T01:33:25.814124+00:00
TREX,Industrials,44.86,24.63,42.86,31.92,-0.4052,False,False,54.0,True,True,True,True,True,5,5,False,4660896768,2026-10-07T01:33:25.814124+00:00
FLS,Industrials,73.34,39.34,71.46,52.19,-0.4053,False,False,57.98,True,True,True,True,True,5,5,False,9373366272,2026-10-07T01:33:25.814124+00:00
ARMK,Industrials,55.45,35.21,45.76,39.43,-0.4063,False,False,26.08,True,True,True,True,True,5,5,False,14618008576,2026-10-07T01:33:25.814124+00:00
FDS,Financial Services,272.01,,192.77,192.77,-0.4111,False,False,,True,True,True,True,True,5,5,False,9674183680,2026-10-07T01:33:25.814124+00:00
APG,Industrials,41.4,30.68,27.26,29.31,-0.4126,False,False,11.81,True,True,True,True,True,5,5,False,17891436544,2026-10-07T01:33:25.814124+00:00
KMX,Consumer Cyclical,55.29,,39.14,39.14,-0.4127,False,False,,False,True,True,False,True,3,5,False,7848017408,2026-10-07T01:33:25.814124+00:00
LTH,Consumer Cyclical,40.38,,28.56,28.56,-0.414,False,False,,True,True,False,True,True,4,5,False,9023393792,2026-10-07T01:33:25.814124+00:00
HSIC,Healthcare,84.84,67.28,48.61,59.81,-0.4184,False,False,32.21,True,True,True,True,True,5,5,False,9664697344,2026-10-07T01:33:25.814124+00:00
PLD,Real Estate,128.68,,90.71,90.71,-0.4186,False,False,,True,True,,True,True,4,4,False,125088710656,2026-10-07T01:33:25.814124+00:00
NFLX,Communication Services,68.69,46.34,50.88,48.16,-0.4263,False,False,9.34,True,True,True,True,True,5,5,False,286021025792,2026-10-07T01:33:25.814124+00:00
MKTX,Financial Services,164.03,,114.94,114.94,-0.4272,False,False,,True,True,True,True,False,4,5,False,5773395968,2026-10-07T01:33:25.814124+00:00
AMKR,Technology,53.39,6.34,83.92,37.37,-0.4286,False,False,171.88,False,True,True,True,True,4,5,False,13233912832,2026-10-07T01:33:25.814124+00:00
SCHW,Financial Services,96.8,,67.51,67.51,-0.4338,False,False,,True,True,True,True,True,5,5,False,167399702528,2026-10-07T01:33:25.814124+00:00
ZBH,Healthcare,89.68,,62.4,62.4,-0.4372,False,False,,True,True,True,True,True,5,5,False,17105356800,2026-10-07T01:33:25.814124+00:00
IEX,Industrials,236.28,155.73,176.39,163.99,-0.4408,False,False,12.44,True,True,True,True,True,5,5,False,17418536960,2026-10-07T01:33:25.814124+00:00
LNG,Energy,275.26,,190.99,190.99,-0.4413,False,False,,False,True,True,False,True,3,5,False,56850595840,2026-10-07T01:33:25.814124+00:00
CEG,Utilities,300.4,,208.39,208.39,-0.4415,False,False,,True,True,True,True,True,5,5,False,106433937408,2026-10-07T01:33:25.814124+00:00
TOWN,Financial Services,35.41,,24.54,24.54,-0.443,False,False,,True,True,True,,True,4,4,False,3273203712,2026-10-07T01:33:25.814124+00:00
GBCI,Financial Services,43.58,,30.14,30.14,-0.4457,False,False,,True,True,True,,True,4,4,False,5674205696,2026-10-07T01:33:25.814124+00:00
CCC,Technology,6.65,,4.59,4.59,-0.4495,False,False,,True,True,True,True,True,5,5,False,3916814848,2026-10-07T01:33:25.814124+00:00
MORN,Financial Services,195.69,,134.88,134.88,-0.4508,False,False,,True,True,True,True,True,5,5,False,7341030912,2026-10-07T01:33:25.814124+00:00
TT,Industrials,476.39,337.51,312.42,327.48,-0.4547,False,False,7.72,True,True,True,True,True,5,5,False,104816844800,2026-10-07T01:33:25.814124+00:00
GFS,Technology,48.63,19.64,53.43,33.16,-0.4667,False,False,92.49,False,True,True,True,True,4,5,False,27107268608,2026-10-07T01:33:25.814124+00:00
GSAT,Communication Services,83.63,90.44,6.81,56.99,-0.4674,False,False,171.98,True,False,True,True,True,4,5,False,10835386368,2026-10-07T01:33:25.814124+00:00
NIC,Financial Services,163.62,,111.24,111.24,-0.4709,False,False,,True,True,True,,True,4,4,False,3429068032,2026-10-07T01:33:25.814124+00:00
HP,Energy,39.61,13.03,47.75,26.92,-0.4715,False,False,114.25,True,False,True,True,True,4,5,False,3958581760,2026-10-07T01:33:25.814124+00:00
VIK,Consumer Cyclical,81.64,54.41,56.88,55.4,-0.4737,False,False,4.42,True,True,True,False,True,4,5,False,36463534080,2026-10-07T01:33:25.814124+00:00
SPHR,Communication Services,105.38,70.03,73.61,71.46,-0.4746,False,False,4.97,True,True,True,True,True,5,5,False,3784576000,2026-10-07T01:33:25.814124+00:00
WSM,Consumer Cyclical,242.25,163.54,164.34,163.86,-0.4784,False,False,0.49,False,True,True,True,True,4,5,False,28529297408,2026-10-07T01:33:25.814124+00:00
LNTH,Healthcare,99.95,,67.55,67.55,-0.4797,False,False,,True,True,True,True,True,5,5,False,6526722560,2026-10-07T01:33:25.814124+00:00
FUL,Basic Materials,50.63,7.04,74.92,34.19,-0.4807,False,False,165.62,False,True,True,True,True,4,5,False,2725368320,2026-10-07T01:33:25.814124+00:00
AXP,Financial Services,304.55,,205.65,205.65,-0.4809,False,False,,True,True,True,True,True,5,5,False,205665599488,2026-10-07T01:33:25.814124+00:00
ECL,Basic Materials,280.82,222.73,137.93,188.81,-0.4873,False,False,47.02,True,True,True,True,True,5,5,False,78721884160,2026-10-07T01:33:25.814124+00:00
FBNC,Financial Services,59.74,,40.11,40.11,-0.4894,False,False,,False,True,True,,True,3,4,False,2473165824,2026-10-07T01:33:25.814124+00:00
PH,Industrials,984.91,659.09,664.6,661.29,-0.4894,False,False,0.83,True,True,True,True,True,5,5,False,124209373184,2026-10-07T01:33:25.814124+00:00
DXCM,Healthcare,83.39,65.91,40.82,55.88,-0.4924,False,False,47.02,True,True,True,True,True,5,5,False,31468113920,2026-10-07T01:33:25.814124+00:00
VVV,Consumer Cyclical,30.87,,20.68,20.68,-0.4927,False,False,,True,True,True,False,True,4,5,False,3939012096,2026-10-07T01:33:25.814124+00:00
HD,Consumer Cyclical,286.69,162.59,235.44,191.73,-0.4953,False,False,36.6,True,True,True,False,True,4,5,False,286027644928,2026-10-07T01:33:25.814124+00:00
SSD,Basic Materials,175.02,82.02,169.56,117.04,-0.4954,False,False,69.59,True,True,True,True,True,5,5,False,7173138944,2026-10-07T01:33:25.814124+00:00
FTAI,Industrials,179.44,,119.68,119.68,-0.4993,False,False,,True,True,False,False,True,3,5,False,18429759488,2026-10-07T01:33:25.814124+00:00
RYAN,Financial Services,38.3,,25.49,25.49,-0.5026,False,False,,True,True,True,False,True,4,5,False,9815101440,2026-10-07T01:33:25.814124+00:00
CNR,Energy,90.21,,60.03,60.03,-0.5028,False,False,,True,False,True,True,True,4,5,False,4477686784,2026-10-07T01:33:25.814124+00:00
OKTA,Technology,218.67,206.29,53.61,145.22,-0.5058,False,False,117.49,True,True,True,True,False,4,5,False,38228090880,2026-10-07T01:33:25.814124+00:00
TEAM,Technology,193.98,185.15,44.17,128.75,-0.5066,False,False,122.96,True,False,True,True,True,4,5,False,49103867904,2026-10-07T01:33:25.814124+00:00
RYN,Real Estate,18.09,,12.01,12.01,-0.5067,False,False,,False,True,True,True,True,4,5,False,5413424128,2026-10-07T01:33:25.814124+00:00
ITT,Industrials,207.31,143.25,127.87,137.1,-0.5121,False,False,11.35,True,True,True,True,True,5,5,False,18624694272,2026-10-07T01:33:25.814124+00:00
JAN,Real Estate,28.56,,18.87,18.87,-0.5134,False,False,,True,False,True,,True,3,4,False,8873100288,2026-10-07T01:33:25.814124+00:00
IRT,Real Estate,14.73,,9.72,9.72,-0.5159,False,False,,True,True,True,True,True,5,5,False,3559597568,2026-10-07T01:33:25.814124+00:00
MLM,Basic Materials,489.01,356.01,270.71,321.89,-0.5192,False,False,27.22,False,True,True,True,True,4,5,False,34729189376,2026-10-07T01:33:25.814124+00:00
SEIC,Financial Services,102.86,,67.45,67.45,-0.525,False,False,,True,True,True,True,True,5,5,False,12345172992,2026-10-07T01:33:25.814124+00:00
TXRH,Consumer Cyclical,163.57,105.64,109.31,107.11,-0.5272,False,False,3.41,True,True,True,True,True,5,5,False,10736886784,2026-10-07T01:33:25.814124+00:00
ATMU,Consumer Cyclical,45.96,22.07,42.07,30.07,-0.5284,False,False,62.36,True,True,True,False,True,4,5,False,3750130432,2026-10-07T01:33:25.814124+00:00
MIAX,Financial Services,30.79,,20.14,20.14,-0.5289,False,False,,True,False,True,True,True,4,5,False,3055319296,2026-10-07T01:33:25.814124+00:00
AKR,Real Estate,18.39,,12.02,12.02,-0.5302,False,False,,True,True,,True,True,4,4,False,2681134848,2026-10-07T01:33:25.814124+00:00
PJT,Financial Services,139.65,,91.18,91.18,-0.5316,False,False,,True,True,True,True,True,5,5,False,5948699136,2026-10-07T01:33:25.814124+00:00
CTRI,Utilities,21.2,,13.82,13.82,-0.5341,False,False,,True,True,False,True,True,4,5,False,2140416896,2026-10-07T01:33:25.814124+00:00
EXP,Basic Materials,171.54,35.65,225.85,111.73,-0.5353,False,False,145.47,True,True,True,True,True,5,5,False,5262044672,2026-10-07T01:33:25.814124+00:00
UNM,Financial Services,91.83,,59.78,59.78,-0.5361,False,False,,True,True,True,True,True,5,5,False,14537313280,2026-10-07T01:33:25.814124+00:00
CLBK,Financial Services,11.13,,7.22,7.22,-0.5405,False,False,,False,True,True,,True,3,4,False,3000037120,2026-10-07T01:33:25.814124+00:00
SEZL,Financial Services,112.84,,73.17,73.17,-0.5421,False,False,,True,True,True,True,True,5,5,False,3799888640,2026-10-07T01:33:25.814124+00:00
NCNO,Technology,19.12,12.76,11.84,12.4,-0.5425,False,False,7.52,True,True,True,True,True,5,5,False,2021675776,2026-10-07T01:33:25.814124+00:00
AVNT,Basic Materials,41.49,15.91,43.37,26.89,-0.5428,False,False,92.65,False,True,True,True,True,4,5,False,3805444352,2026-10-07T01:33:25.814124+00:00
BURL,Consumer Cyclical,276.43,,179.02,179.02,-0.5441,False,False,,True,True,True,False,True,4,5,False,17364004864,2026-10-07T01:33:25.814124+00:00
ALB,Basic Materials,106.35,73.59,61.78,68.87,-0.5443,False,False,17.45,False,False,True,True,True,3,5,False,12549837824,2026-10-07T01:33:25.814124+00:00
EGP,Real Estate,192.86,,124.82,124.82,-0.5451,False,False,,True,True,True,True,True,5,5,False,10370721792,2026-10-07T01:33:25.814124+00:00
SARO,Industrials,20.94,5.27,25.97,13.55,-0.5456,False,False,132.51,True,True,True,True,True,5,5,False,6929453056,2026-10-07T01:33:25.814124+00:00
MCK,Healthcare,921.67,,595.86,595.86,-0.5468,False,False,,True,True,True,,True,4,4,False,107457839104,2026-10-07T01:33:25.814124+00:00
ESS,Real Estate,272.49,,175.58,175.58,-0.552,False,False,,True,True,True,True,True,5,5,False,18781698048,2026-10-07T01:33:25.814124+00:00
BELFB,Technology,260.26,154.38,187.37,167.57,-0.5531,False,False,19.31,True,True,True,True,True,5,5,False,3701601792,2026-10-07T01:33:25.814124+00:00
KWR,Basic Materials,161.08,92.77,120.07,103.69,-0.5535,False,False,25.65,False,False,True,True,True,3,5,False,2771816704,2026-10-07T01:33:25.814124+00:00
EXPD,Industrials,191.8,97.45,162.37,123.42,-0.5541,False,False,49.97,False,True,True,True,False,3,5,False,24932202496,2026-10-07T01:33:25.814124+00:00
ABT,Healthcare,98.16,73.57,47.19,63.02,-0.5577,False,False,43.69,True,True,True,True,True,5,5,False,170976378880,2026-10-07T01:33:25.814124+00:00
DY,Industrials,290.43,98.49,316.59,185.73,-0.5637,False,False,105.09,True,True,True,True,True,5,5,False,8759646208,2026-10-07T01:33:25.814124+00:00
AMG,Financial Services,379.72,,242.38,242.38,-0.5666,False,False,,False,True,True,True,True,4,5,False,9819533312,2026-10-07T01:33:25.814124+00:00
CAKE,Consumer Cyclical,108.23,79.3,53.68,69.05,-0.5673,False,False,38.53,True,True,True,False,False,3,5,False,5385593344,2026-10-07T01:33:25.814124+00:00
MC,Financial Services,56.05,,35.75,35.75,-0.5678,False,False,,True,True,True,True,True,5,5,False,4152234240,2026-10-07T01:33:25.814124+00:00
CL,Consumer Defensive,87.25,,55.54,55.54,-0.5711,False,False,,True,True,True,False,True,4,5,False,69553324032,2026-10-07T01:33:25.814124+00:00
HALO,Healthcare,109.72,78.91,56.08,69.77,-0.5725,False,False,33.83,True,True,True,False,False,3,5,False,12453000192,2026-10-07T01:33:25.814124+00:00
WY,Real Estate,18.6,,11.82,11.82,-0.5732,False,False,,False,True,False,True,True,3,5,False,13405689856,2026-10-07T01:33:25.814124+00:00
DNOW,Industrials,15.88,11.05,8.46,10.01,-0.5858,False,False,26.49,True,False,True,True,True,4,5,False,2870880000,2026-10-07T01:33:25.814124+00:00
PM,Consumer Defensive,190.4,,120.03,120.03,-0.5863,False,False,,True,True,True,,True,4,4,False,296759984128,2026-10-07T01:33:25.814124+00:00
MRSH,Financial Services,171.74,,108.03,108.03,-0.5897,False,False,,True,True,True,True,True,5,5,False,81956265984,2026-10-07T01:33:25.814124+00:00
UNP,Industrials,276.61,94.58,292.61,173.79,-0.5916,False,False,102.29,False,True,True,True,True,4,5,False,164327227392,2026-10-07T01:33:25.814124+00:00
PKG,Consumer Cyclical,229.74,124.56,171.73,143.43,-0.6018,False,False,31.84,True,True,True,True,True,5,5,False,20469442560,2026-10-07T01:33:25.814124+00:00
ASH,Basic Materials,70.97,,44.19,44.19,-0.606,False,False,,False,False,False,True,True,2,5,False,3249955328,2026-10-07T01:33:25.814124+00:00
CBOE,Financial Services,278.2,,173.18,173.18,-0.6064,False,False,,True,True,True,True,True,5,5,False,29052710912,2026-10-07T01:33:25.814124+00:00
MET,Financial Services,97.16,,60.46,60.46,-0.6069,False,False,,True,True,,True,True,4,4,False,61742940160,2026-10-07T01:33:25.814124+00:00
ATEN,Technology,28.58,16.6,19.51,17.76,-0.6091,False,False,16.13,True,True,True,True,True,5,5,False,2075165952,2026-10-07T01:33:25.814124+00:00
FTI,Energy,69.89,,43.02,43.02,-0.6246,False,False,,True,True,,True,True,4,4,False,27408367616,2026-10-07T01:33:25.814124+00:00
TOST,Technology,30.25,14.87,24.1,18.56,-0.6297,False,False,47.33,True,True,True,,True,4,4,False,17484500992,2026-10-07T01:33:25.814124+00:00
STGW,Communication Services,8.5,6.12,3.78,5.18,-0.6405,False,False,47.19,True,True,True,False,True,4,5,False,2078041344,2026-10-07T01:33:25.814124+00:00
GRC,Industrials,77.22,36.63,62.43,46.95,-0.6448,False,False,52.1,True,True,True,True,True,5,5,False,2039399040,2026-10-07T01:33:25.814124+00:00
SPOT,Communication Services,488.13,313.58,270.3,296.26,-0.6476,False,False,14.82,True,True,True,True,True,5,5,False,100369326080,2026-10-07T01:33:25.814124+00:00
XPO,Industrials,183.49,,111.36,111.36,-0.6477,False,False,,True,True,True,False,True,4,5,False,21484195840,2026-10-07T01:33:25.814124+00:00
KO,Consumer Defensive,86.17,,52.26,52.26,-0.6489,False,False,,True,True,True,True,True,5,5,False,370750652416,2026-10-07T01:33:25.814124+00:00
GWRE,Technology,164.52,134.21,47.48,99.51,-0.6532,False,False,95.48,True,True,True,True,True,5,5,False,13489434624,2026-10-07T01:33:25.814124+00:00
CTAS,Industrials,195.96,117.6,119.5,118.36,-0.6556,False,False,1.61,True,True,True,True,True,5,5,False,78289354752,2026-10-07T01:33:25.814124+00:00
FLYW,Technology,18.21,11.29,10.32,10.9,-0.6709,False,False,8.98,True,True,True,True,True,5,5,False,2216176640,2026-10-07T01:33:25.814124+00:00
LSTR,Industrials,169.05,97.86,105.29,100.83,-0.6765,False,False,7.32,False,True,True,True,True,4,5,False,5737037312,2026-10-07T01:33:25.814124+00:00
AMGN,Healthcare,402.6,,240.08,240.08,-0.677,False,False,,True,True,True,False,False,3,5,False,217658441728,2026-10-07T01:33:25.814124+00:00
KMI,Energy,32.16,,19.18,19.18,-0.6771,False,False,,False,True,True,True,True,4,5,False,71550402560,2026-10-07T01:33:25.814124+00:00
SBCF,Financial Services,32.42,,19.31,19.31,-0.6791,False,False,,True,True,True,,True,4,4,False,3139001600,2026-10-07T01:33:25.814124+00:00
LIF,Technology,41.38,17.02,35.99,24.61,-0.6812,False,False,71.58,True,True,True,True,True,5,5,False,3371250176,2026-10-07T01:33:25.814124+00:00
SOLS,Basic Materials,61.27,,36.36,36.36,-0.6853,False,False,,True,True,True,True,True,5,5,False,9732578304,2026-10-07T01:33:25.814124+00:00
DXPE,Industrials,191.65,82.02,160.1,113.25,-0.6922,False,False,64.5,True,True,True,True,,4,4,False,2973861376,2026-10-07T01:33:25.814124+00:00
WWD,Industrials,332.56,188.16,208.48,196.29,-0.6943,False,False,10.25,True,True,True,True,True,5,5,False,19636277248,2026-10-07T01:33:25.814124+00:00
APH,Technology,88.62,42.69,66.6,52.25,-0.696,False,False,43.75,True,True,True,True,True,5,5,False,218533986304,2026-10-07T01:33:25.814124+00:00
HXL,Industrials,86.01,46.88,56.37,50.67,-0.6974,False,False,18.39,True,True,True,True,True,5,5,False,6504373760,2026-10-07T01:33:25.814124+00:00
SCCO,Basic Materials,204.26,113.49,129.99,120.09,-0.7008,False,False,13.55,True,True,True,True,False,4,5,False,172465635328,2026-10-07T01:33:25.814124+00:00
IMAX,Communication Services,50.58,36.73,19.17,29.7,-0.7028,False,False,62.85,True,True,True,True,True,5,5,False,2773914112,2026-10-07T01:33:25.814124+00:00
HL,Basic Materials,17.1,6.16,15.84,10.03,-0.7045,False,False,87.99,True,True,True,True,True,5,5,False,11469181952,2026-10-07T01:33:25.814124+00:00
MAC,Real Estate,22.95,,13.44,13.44,-0.7076,False,False,,,False,,True,True,2,3,False,6770947072,2026-10-07T01:33:25.814124+00:00
EW,Healthcare,86.48,62.59,32.56,50.58,-0.7099,False,False,63.1,True,True,True,True,True,5,5,False,49795186688,2026-10-07T01:33:25.814124+00:00
MIR,Industrials,16.27,11.89,5.94,9.51,-0.7111,False,False,66.7,True,True,True,True,True,5,5,False,4051923968,2026-10-07T01:33:25.814124+00:00
SUI,Real Estate,112.07,,65.33,65.33,-0.7153,False,False,,False,True,,True,True,3,4,False,14329360384,2026-10-07T01:33:25.814124+00:00
NU,Financial Services,15.66,,9.09,9.09,-0.7222,False,False,,True,True,True,,True,4,4,False,75648581632,2026-10-07T01:33:25.814124+00:00
HLI,Financial Services,127.94,,74.24,74.24,-0.7233,False,False,,True,True,True,True,True,5,5,False,8941278208,2026-10-07T01:33:25.814124+00:00
RAL,Technology,73.86,38.79,48.93,42.85,-0.7238,False,False,23.11,False,False,True,True,True,3,5,False,8171871232,2026-10-07T01:33:25.814124+00:00
COO,Healthcare,56.43,26.62,41.78,32.68,-0.7267,False,False,44.33,True,True,True,True,True,5,5,False,10730463232,2026-10-07T01:33:25.814124+00:00
ADMA,Healthcare,10.18,2.2,11.31,5.84,-0.7422,False,False,134.83,True,True,True,True,True,5,5,False,2280164096,2026-10-07T01:33:25.814124+00:00
TTMI,Technology,132.71,,76.14,76.14,-0.743,False,False,,True,True,False,True,True,4,5,False,13980848128,2026-10-07T01:33:25.814124+00:00
LH,Healthcare,311.71,179.05,177.77,178.54,-0.7459,False,False,0.72,True,True,True,True,True,5,5,False,25279680512,2026-10-07T01:33:25.814124+00:00
COST,Consumer Defensive,935.68,622.9,401.64,534.4,-0.7509,False,False,43.19,True,True,True,True,True,5,5,False,414755127296,2026-10-07T01:33:25.814124+00:00
EL,Consumer Defensive,93.36,58.0,46.27,53.31,-0.7512,False,False,22.5,False,True,True,False,True,3,5,False,33826455552,2026-10-07T01:33:25.814124+00:00
CC,Basic Materials,14.08,,8.03,8.03,-0.7528,False,False,,False,False,True,,True,2,4,False,2119025792,2026-10-07T01:33:25.814124+00:00
SNEX,Financial Services,66.0,,37.62,37.62,-0.7545,False,False,,True,True,True,False,,3,4,False,7960704512,2026-10-07T01:33:25.814124+00:00
WDFC,Basic Materials,204.17,,116.31,116.31,-0.7554,False,False,,True,True,True,True,True,5,5,False,2740185088,2026-10-07T01:33:25.814124+00:00
PODD,Healthcare,134.73,70.09,86.72,76.74,-0.7556,False,False,21.21,True,True,True,True,True,5,5,False,9344091136,2026-10-07T01:33:25.814124+00:00
FLEX,Technology,121.38,54.35,91.09,69.04,-0.758,False,False,50.52,False,True,True,True,True,4,5,False,44845109248,2026-10-07T01:33:25.814124+00:00
VRTX,Healthcare,502.31,,284.44,284.44,-0.766,False,False,,True,True,True,True,True,5,5,False,127235121152,2026-10-07T01:33:25.814124+00:00
ROK,Industrials,450.74,250.76,261.0,254.86,-0.7686,False,False,4.0,True,True,True,True,True,5,5,False,50054078464,2026-10-07T01:33:25.814124+00:00
Q,Technology,133.63,56.62,103.14,75.23,-0.7763,False,False,58.23,False,True,True,True,True,4,5,False,27973998592,2026-10-07T01:33:25.814124+00:00
RH,Consumer Cyclical,117.16,62.82,70.53,65.9,-0.7777,False,False,11.57,False,True,True,False,True,3,5,False,2218209024,2026-10-07T01:33:25.814124+00:00
CNS,Financial Services,72.56,,40.68,40.68,-0.7835,False,False,,True,True,False,True,True,4,5,False,3731146240,2026-10-07T01:33:25.814124+00:00
BLK,Financial Services,1079.42,,604.3,604.3,-0.7862,False,False,,True,True,True,True,True,5,5,False,175380054016,2026-10-07T01:33:25.814124+00:00
AAON,Industrials,88.07,,49.27,49.27,-0.7877,False,False,,True,True,False,True,True,4,5,False,7261691904,2026-10-07T01:33:25.814124+00:00
RBLX,Communication Services,45.56,25.45,,25.45,-0.7901,False,False,,True,False,True,False,True,3,5,False,32546969600,2026-10-07T01:33:25.814124+00:00
MSFT,Technology,529.3,128.2,546.89,295.68,-0.7901,False,False,124.04,True,True,True,True,True,5,5,False,3930341244928,2026-10-07T01:33:25.814124+00:00
KDP,Consumer Defensive,31.13,,17.39,17.39,-0.7905,False,False,,True,True,True,True,True,5,5,False,42362511360,2026-10-07T01:33:25.814124+00:00
BCRX,Healthcare,7.95,,4.41,4.41,-0.8018,False,False,,True,True,True,,True,4,4,False,2031504000,2026-10-07T01:33:25.814124+00:00
LFUS,Technology,454.28,180.69,358.21,251.7,-0.8049,False,False,65.88,False,False,True,True,True,3,5,False,11538143232,2026-10-07T01:33:25.814124+00:00
ICE,Financial Services,153.49,,84.76,84.76,-0.8108,False,False,,True,True,True,True,True,5,5,False,86168444928,2026-10-07T01:33:25.814124+00:00
ENPH,Technology,33.91,9.83,32.07,18.73,-0.8108,False,False,106.12,False,True,True,True,True,4,5,False,4469277696,2026-10-07T01:33:25.814124+00:00
DCO,Industrials,175.33,,96.67,96.67,-0.8137,False,False,,True,False,False,True,True,3,5,False,2647444224,2026-10-07T01:33:25.814124+00:00
VSH,Technology,37.84,,20.8,20.8,-0.8193,False,False,,False,False,False,True,True,2,5,False,5803867648,2026-10-07T01:33:25.814124+00:00
BOOT,Consumer Cyclical,124.32,25.49,132.36,68.24,-0.8219,False,False,135.42,True,True,True,True,True,5,5,False,3765011712,2026-10-07T01:33:25.814124+00:00
SHOO,Consumer Cyclical,45.58,16.91,37.13,25.0,-0.8235,False,False,74.86,True,True,True,True,True,5,5,False,3335412224,2026-10-07T01:33:25.814124+00:00
CSCO,Technology,117.94,41.55,99.17,64.6,-0.8258,False,False,81.9,True,True,True,True,True,5,5,False,464988700672,2026-10-07T01:33:25.814124+00:00
JNJ,Healthcare,254.78,,139.36,139.36,-0.8282,False,False,,True,True,True,True,True,5,5,False,613993938944,2026-10-07T01:33:25.814124+00:00
SPGI,Financial Services,396.13,,216.45,216.45,-0.8302,False,False,,True,True,True,True,True,5,5,False,116779122688,2026-10-07T01:33:25.814124+00:00
PAG,Consumer Cyclical,199.01,63.32,174.68,107.87,-0.8449,False,False,93.58,True,True,True,True,True,5,5,False,13067568128,2026-10-07T01:33:25.814124+00:00
KNTK,Energy,53.95,,29.17,29.17,-0.8497,False,False,,True,True,True,True,True,5,5,False,9128333312,2026-10-07T01:33:25.814124+00:00
ROAD,Industrials,93.89,25.73,88.23,50.73,-0.8509,False,False,109.69,True,True,True,True,True,5,5,False,5328779264,2026-10-07T01:33:25.814124+00:00
CSW,Industrials,296.89,137.79,193.6,160.11,-0.8543,False,False,33.68,True,True,True,True,True,5,5,False,4837373440,2026-10-07T01:33:25.814124+00:00
GTLB,Technology,51.63,27.82,,27.82,-0.8556,False,False,,True,False,True,,True,3,4,False,8602333184,2026-10-07T01:33:25.814124+00:00
PLXS,Technology,272.63,97.5,220.37,146.65,-0.859,False,False,77.31,True,True,True,True,True,5,5,False,7266162176,2026-10-07T01:33:25.814124+00:00
ORA,Utilities,93.07,,50.02,50.02,-0.8608,False,False,,True,True,False,True,True,4,5,False,5723520000,2026-10-07T01:33:25.814124+00:00
ON,Technology,86.31,29.35,71.44,46.19,-0.8687,False,False,83.51,False,True,True,True,True,4,5,False,33602088960,2026-10-07T01:33:25.814124+00:00
FCFS,Financial Services,213.0,,113.98,113.98,-0.8687,False,False,,True,True,True,True,True,5,5,False,9238193152,2026-10-07T01:33:25.814124+00:00
RMBS,Technology,114.09,56.04,68.55,61.04,-0.8691,False,False,20.09,True,True,True,True,True,5,5,False,12337346560,2026-10-07T01:33:25.814124+00:00
NVDA,Technology,239.24,67.75,217.37,127.59,-0.875,False,False,104.96,True,True,True,True,True,5,5,False,5776928145408,2026-10-07T01:33:25.814124+00:00
LXP,Real Estate,60.95,,32.5,32.5,-0.8753,False,False,,True,True,True,True,False,4,5,False,3593445376,2026-10-07T01:33:25.814124+00:00
WING,Consumer Cyclical,112.2,55.19,66.55,59.73,-0.8784,False,False,18.67,True,True,True,,True,4,4,False,3056613632,2026-10-07T01:33:25.814124+00:00
AVPT,Technology,14.59,6.92,8.98,7.75,-0.883,False,False,25.88,True,True,True,True,True,5,5,False,3086739456,2026-10-07T01:33:25.814124+00:00
GWW,Industrials,1275.56,473.16,979.5,675.69,-0.8878,False,False,69.71,True,True,True,True,True,5,5,False,60223168512,2026-10-07T01:33:25.814124+00:00
CR,Industrials,208.92,76.84,160.22,110.19,-0.896,False,False,70.34,True,True,True,True,True,5,5,False,12075650048,2026-10-07T01:33:25.814124+00:00
UCTT,Technology,73.24,,38.29,38.29,-0.9129,False,False,,False,False,True,True,True,3,5,False,3283228416,2026-10-07T01:33:25.814124+00:00
CVI,Energy,57.42,,30.0,30.0,-0.9138,False,False,,False,True,False,False,False,1,5,False,5772466688,2026-10-07T01:33:25.814124+00:00
PSX,Energy,269.79,87.78,220.54,140.89,-0.915,False,False,86.12,False,True,True,True,False,3,5,False,107651858432,2026-10-07T01:33:25.814124+00:00
LOAR,Industrials,61.28,39.48,20.73,31.98,-0.9163,False,False,62.29,True,True,True,True,True,5,5,False,5741229568,2026-10-07T01:33:25.814124+00:00
KN,Technology,39.19,15.5,27.81,20.42,-0.9192,False,False,56.87,True,True,True,True,True,5,5,False,3347230720,2026-10-07T01:33:25.814124+00:00
PENG,Technology,64.21,20.22,53.14,33.39,-0.923,False,False,89.75,False,True,True,True,True,4,5,False,3290293760,2026-10-07T01:33:25.814124+00:00
SPXC,Industrials,175.82,55.98,144.02,91.2,-0.9279,False,False,88.04,True,True,True,True,True,5,5,False,8806095872,2026-10-07T01:33:25.814124+00:00
DTM,Energy,124.6,69.24,57.05,64.36,-0.9359,False,False,19.32,True,True,True,True,True,5,5,False,12711105536,2026-10-07T01:33:25.814124+00:00
KGS,Energy,55.89,32.97,22.51,28.79,-0.9415,False,False,37.73,True,True,True,True,True,5,5,False,5650704384,2026-10-07T01:33:25.814124+00:00
PFE,Healthcare,27.5,,14.16,14.16,-0.9417,False,False,,False,True,True,True,True,4,5,False,156741025792,2026-10-07T01:33:25.814124+00:00
BHE,Technology,85.96,32.86,61.09,44.15,-0.9469,False,False,60.08,False,True,True,True,True,4,5,False,3087677440,2026-10-07T01:33:25.814124+00:00
HRI,Industrials,134.73,,69.08,69.08,-0.9504,False,False,,True,True,False,False,True,3,5,False,4504218112,2026-10-07T01:33:25.814124+00:00
FAST,Industrials,50.81,24.76,27.57,25.88,-0.963,False,False,10.75,True,True,True,True,False,4,5,False,58304356352,2026-10-07T01:33:25.814124+00:00
SXT,Basic Materials,132.91,,67.65,67.65,-0.9648,False,False,,True,True,True,True,True,5,5,False,5657840640,2026-10-07T01:33:25.814124+00:00
SBRA,Real Estate,19.12,,9.72,9.72,-0.9669,False,False,,True,True,,True,True,4,4,False,4884448256,2026-10-07T01:33:25.814124+00:00
IPGP,Technology,83.69,,42.16,42.16,-0.9851,False,False,,False,True,False,True,True,3,5,False,3552106240,2026-10-07T01:33:25.814124+00:00
ETN,Industrials,445.09,221.04,228.84,224.16,-0.9856,False,False,3.46,True,True,True,True,True,5,5,False,172828442624,2026-10-07T01:33:25.814124+00:00
CME,Financial Services,270.18,,135.5,135.5,-0.994,False,False,,True,True,True,True,True,5,5,False,97151123456,2026-10-07T01:33:25.814124+00:00
TMDX,Healthcare,80.28,32.51,51.64,40.16,-0.9989,False,False,45.47,True,True,True,True,True,5,5,False,2774550016,2026-10-07T01:33:25.814124+00:00
SDRL,Energy,45.09,,22.44,22.44,-1.009,False,False,,True,False,False,True,True,3,5,False,2819993600,2026-10-07T01:33:25.814124+00:00
VSXY,Consumer Cyclical,85.09,19.56,76.53,42.35,-1.0094,False,False,118.58,True,True,True,False,True,4,5,False,6787121664,2026-10-07T01:33:25.814124+00:00
HQY,Healthcare,91.05,,45.2,45.2,-1.0142,False,False,,True,True,True,True,True,5,5,False,7531228160,2026-10-07T01:33:25.814124+00:00
ZS,Technology,212.25,166.14,14.17,105.35,-1.0147,False,False,168.56,True,False,True,True,False,3,5,False,34608361472,2026-10-07T01:33:25.814124+00:00
TRMB,Technology,60.95,13.36,55.34,30.15,-1.0215,False,False,122.24,False,True,True,True,True,4,5,False,14212311040,2026-10-07T01:33:25.814124+00:00
IDXX,Healthcare,515.41,271.16,227.62,253.75,-1.0312,False,False,17.46,True,True,True,True,True,5,5,False,40657084416,2026-10-07T01:33:25.814124+00:00
APPN,Technology,37.25,22.1,12.68,18.33,-1.032,False,False,54.2,True,True,True,,False,3,4,False,2668128000,2026-10-07T01:33:25.814124+00:00
MTH,Consumer Cyclical,62.82,3.57,71.89,30.9,-1.0331,False,False,181.08,False,True,True,True,True,4,5,False,4094236416,2026-10-07T01:33:25.814124+00:00
TRGP,Energy,285.72,,140.45,140.45,-1.0343,False,False,,False,True,True,False,True,3,5,False,61267230720,2026-10-07T01:33:25.814124+00:00
BX,Financial Services,113.36,,55.68,55.68,-1.0359,False,False,,True,True,True,True,True,5,5,False,135498956800,2026-10-07T01:33:25.814124+00:00
IVT,Real Estate,29.75,,14.55,14.55,-1.0446,False,False,,True,True,True,True,True,5,5,False,2319858432,2026-10-07T01:33:25.814124+00:00
KRYS,Healthcare,326.81,177.36,133.45,159.8,-1.0451,False,False,28.26,,True,True,True,True,4,4,False,9673195520,2026-10-07T01:33:25.814124+00:00
ONON,Consumer Cyclical,33.13,10.72,24.32,16.16,-1.0504,False,False,77.66,True,True,True,True,True,5,5,False,11072532480,2026-10-07T01:33:25.814124+00:00
ODFL,Industrials,178.02,57.49,130.45,86.68,-1.0538,False,False,77.64,False,True,True,True,True,4,5,False,36913627136,2026-10-07T01:33:25.814124+00:00
PRLB,Industrials,97.28,51.34,41.38,47.36,-1.0541,False,False,21.49,True,True,True,True,False,4,5,False,2327121920,2026-10-07T01:33:25.814124+00:00
TW,Financial Services,107.54,,52.32,52.32,-1.0556,False,False,,True,True,True,True,True,5,5,False,23446517760,2026-10-07T01:33:25.814124+00:00
VCYT,Healthcare,44.65,19.71,24.59,21.66,-1.0614,False,False,22.03,True,True,True,True,True,5,5,False,3589446144,2026-10-07T01:33:25.814124+00:00
MGNI,Communication Services,24.84,8.72,16.99,12.03,-1.0646,False,False,64.33,True,True,True,True,True,5,5,False,3562656256,2026-10-07T01:33:25.814124+00:00
ALH,Consumer Cyclical,21.59,6.96,15.61,10.42,-1.0722,False,False,76.73,,True,True,False,True,3,4,False,4291856384,2026-10-07T01:33:25.814124+00:00
STRL,Industrials,563.69,218.34,351.83,271.74,-1.0744,False,False,46.83,True,True,True,True,True,5,5,False,17242441728,2026-10-07T01:33:25.814124+00:00
UI,Technology,626.48,193.25,464.66,301.81,-1.0757,False,False,82.51,True,True,True,True,,4,4,False,37919817728,2026-10-07T01:33:25.814124+00:00
FLUT,Consumer Cyclical,76.25,,36.6,36.6,-1.0833,False,False,,True,False,True,True,True,4,5,False,13232356352,2026-10-07T01:33:25.814124+00:00
RS,Basic Materials,401.49,109.72,316.53,192.44,-1.0863,False,False,97.04,False,True,True,True,True,4,5,False,20497268736,2026-10-07T01:33:25.814124+00:00
BAM,Financial Services,45.21,,21.64,21.64,-1.0888,False,False,,,True,True,True,True,4,4,False,72211742720,2026-10-07T01:33:25.814124+00:00
RBC,Industrials,514.18,236.59,259.27,245.66,-1.093,False,False,9.15,True,True,True,True,True,5,5,False,16278549504,2026-10-07T01:33:25.814124+00:00
NSC,Industrials,316.31,53.54,297.15,150.98,-1.095,False,False,138.94,False,True,True,True,True,4,5,False,71045873664,2026-10-07T01:33:25.814124+00:00
VSEC,Industrials,168.48,,80.01,80.01,-1.1058,False,False,,True,True,True,True,True,5,5,False,4728386560,2026-10-07T01:33:25.814124+00:00
CHYM,Technology,27.65,3.88,26.98,13.12,-1.108,False,False,149.76,True,False,True,True,True,4,5,False,10467878912,2026-10-07T01:33:25.814124+00:00
FIG,Technology,21.93,10.4,,10.4,-1.1084,False,False,,True,False,True,True,True,4,5,False,11688906752,2026-10-07T01:33:25.814124+00:00
CHH,Consumer Cyclical,103.06,13.26,101.89,48.71,-1.1159,False,False,153.95,True,True,True,False,True,4,5,False,4638588928,2026-10-07T01:33:25.814124+00:00
LPLA,Financial Services,332.39,,157.07,157.07,-1.1161,False,False,,True,True,False,True,True,4,5,False,26173151232,2026-10-07T01:33:25.814124+00:00
HNGE,Healthcare,98.35,45.77,47.46,46.44,-1.1177,False,False,3.62,True,False,True,True,True,4,5,False,7936295936,2026-10-07T01:33:25.814124+00:00
INIO,Industrials,21.35,14.67,3.18,10.07,-1.1198,False,False,128.75,True,True,True,False,True,4,5,False,16012499968,2026-10-07T01:33:25.814124+00:00
SN,Consumer Cyclical,184.72,86.78,87.53,87.08,-1.1212,False,False,0.86,True,True,True,True,True,5,5,False,26021793792,2026-10-07T01:33:25.814124+00:00
CAI,Healthcare,27.45,4.91,24.92,12.91,-1.1264,False,False,134.16,True,False,True,True,True,4,5,False,7758651392,2026-10-07T01:33:25.814124+00:00
KLIC,Technology,97.92,26.67,74.98,45.99,-1.129,False,False,95.06,False,True,True,True,True,4,5,False,5124066816,2026-10-07T01:33:25.814124+00:00
ELF,Consumer Defensive,102.79,64.34,23.97,48.19,-1.1331,False,False,91.43,True,True,True,True,True,5,5,False,6065432064,2026-10-07T01:33:25.814124+00:00
EMR,Industrials,161.4,41.92,126.18,75.62,-1.1343,False,False,100.26,True,True,True,True,True,5,5,False,90400129024,2026-10-07T01:33:25.814124+00:00
DIOD,Technology,107.74,31.97,77.87,50.33,-1.1407,False,False,83.58,False,True,True,True,,3,4,False,4961610240,2026-10-07T01:33:25.814124+00:00
KNX,Industrials,64.63,23.38,40.13,30.08,-1.1483,False,False,52.74,True,True,True,True,True,5,5,False,10518920192,2026-10-07T01:33:25.814124+00:00
GOLF,Consumer Cyclical,82.96,24.43,59.81,38.58,-1.1502,False,False,84.0,True,True,True,True,True,5,5,False,4845282304,2026-10-07T01:33:25.814124+00:00
CRL,Healthcare,304.96,231.87,6.65,141.78,-1.1509,False,False,188.84,True,False,True,True,True,4,5,False,14558445568,2026-10-07T01:33:25.814124+00:00
POWL,Industrials,204.69,73.89,126.97,95.12,-1.1519,False,False,52.85,True,True,True,True,True,5,5,False,7457193984,2026-10-07T01:33:25.814124+00:00
MMM,Industrials,163.64,23.02,155.53,76.03,-1.1524,False,False,148.42,False,True,True,False,True,3,5,False,84392820736,2026-10-07T01:33:25.814124+00:00
RDDT,Communication Services,148.95,59.75,82.95,69.03,-1.1577,False,False,32.51,True,True,True,True,True,5,5,False,28657459200,2026-10-07T01:33:25.814124+00:00
ECG,Industrials,132.74,23.44,118.58,61.49,-1.1586,False,False,133.98,True,True,True,True,True,5,5,False,6778213888,2026-10-07T01:33:25.814124+00:00
DE,Industrials,682.79,287.4,357.65,315.5,-1.1642,False,False,21.78,False,True,True,False,True,3,5,False,184097521664,2026-10-07T01:33:25.814124+00:00
NDAQ,Financial Services,92.27,,42.58,42.58,-1.1667,False,False,,True,True,True,True,True,5,5,False,51576836096,2026-10-07T01:33:25.814124+00:00
GE,Industrials,309.39,112.46,187.98,142.67,-1.1686,False,False,50.27,True,True,True,True,True,5,5,False,321011482624,2026-10-07T01:33:25.814124+00:00
AAPL,Technology,333.63,84.47,257.37,153.63,-1.1717,False,False,101.16,True,True,True,True,False,4,5,False,4869056364544,2026-10-07T01:33:25.814124+00:00
PTRN,Consumer Cyclical,17.82,9.57,6.15,8.2,-1.1726,False,False,43.58,True,True,True,True,True,5,5,False,3161251584,2026-10-07T01:33:25.814124+00:00
FIGS,Consumer Cyclical,14.1,6.4,6.51,6.45,-1.1872,False,False,1.71,True,True,True,True,True,5,5,False,2342577408,2026-10-07T01:33:25.814124+00:00
EBAY,Consumer Cyclical,107.06,30.05,77.29,48.95,-1.1872,False,False,88.01,True,True,True,True,True,5,5,False,47641698304,2026-10-07T01:33:25.814124+00:00
TFX,Healthcare,124.74,56.74,,56.74,-1.1984,False,False,,False,False,True,True,True,3,5,False,5285532672,2026-10-07T01:33:25.814124+00:00
ORLY,Consumer Cyclical,85.14,30.26,51.3,38.68,-1.2013,False,False,51.57,True,True,True,,True,4,4,False,68874919936,2026-10-07T01:33:25.814124+00:00
WMT,Consumer Defensive,107.2,44.27,54.12,48.21,-1.2237,False,False,20.04,True,True,True,True,True,5,5,False,850497568768,2026-10-07T01:33:25.814124+00:00
AMR,Basic Materials,176.98,46.12,129.21,79.36,-1.2301,False,False,94.77,False,False,True,True,True,3,5,False,2243937280,2026-10-07T01:33:25.814124+00:00
AGYS,Technology,98.79,,44.18,44.18,-1.236,False,False,,True,True,True,True,True,5,5,False,2786449920,2026-10-07T01:33:25.814124+00:00
JMKE,Consumer Cyclical,16.43,,7.34,7.34,-1.2376,False,False,,True,False,False,True,True,3,5,False,3834850816,2026-10-07T01:33:25.814124+00:00
CRVL,Financial Services,75.83,,33.8,33.8,-1.2436,False,False,,True,True,True,True,,4,4,False,3830671872,2026-10-07T01:33:25.814124+00:00
WTTR,Energy,19.99,,8.91,8.91,-1.2437,False,False,,True,True,False,True,True,4,5,False,2853247744,2026-10-07T01:33:25.814124+00:00
H,Consumer Cyclical,159.12,,70.16,70.16,-1.2678,False,False,,True,False,True,True,True,4,5,False,14994949120,2026-10-07T01:33:25.814124+00:00
ALNY,Healthcare,223.94,,98.66,98.66,-1.2698,False,False,,True,True,True,False,True,4,5,False,29965213696,2026-10-07T01:33:25.814124+00:00
KEYS,Technology,388.03,137.83,219.73,170.59,-1.2746,False,False,45.81,False,True,True,True,True,4,5,False,66060070912,2026-10-07T01:33:25.814124+00:00
IRM,Real Estate,116.5,,51.21,51.21,-1.2749,False,False,,True,True,False,,True,3,4,False,34682376192,2026-10-07T01:33:25.814124+00:00
HUM,Healthcare,404.27,136.53,238.76,177.42,-1.2786,False,False,54.48,True,True,True,True,True,5,5,False,48544862208,2026-10-07T01:33:25.814124+00:00
APD,Basic Materials,281.0,,123.12,123.12,-1.2823,False,False,,False,False,False,True,True,2,5,False,62574637056,2026-10-07T01:33:25.814124+00:00
DOCN,Technology,131.01,,57.16,57.16,-1.292,False,False,,True,True,True,False,True,4,5,False,15316128768,2026-10-07T01:33:25.814124+00:00
VYLR,Financial Services,72.93,,31.7,31.7,-1.3005,False,False,,True,True,True,True,False,4,5,False,51893047296,2026-10-07T01:33:25.814124+00:00
ARCB,Industrials,128.24,31.98,91.39,55.74,-1.3007,False,False,96.32,False,True,True,True,True,4,5,False,2866337792,2026-10-07T01:33:25.814124+00:00
CNH,Industrials,13.27,4.95,6.85,5.71,-1.3234,False,False,32.13,False,True,True,False,True,3,5,False,21340266496,2026-10-07T01:33:25.814124+00:00
COCO,Consumer Defensive,54.48,16.89,33.28,23.45,-1.3237,False,False,65.32,True,True,True,True,True,5,5,False,3152439040,2026-10-07T01:33:25.814124+00:00
KKR,Financial Services,90.67,,38.99,38.99,-1.3256,False,False,,True,True,True,True,True,5,5,False,83741949952,2026-10-07T01:33:25.814124+00:00
IFF,Basic Materials,83.92,,35.99,35.99,-1.332,False,False,,False,False,True,True,True,3,5,False,21425065984,2026-10-07T01:33:25.814124+00:00
BIIB,Healthcare,222.89,,95.56,95.56,-1.3325,False,False,,False,True,True,True,True,4,5,False,32932888576,2026-10-07T01:33:25.814124+00:00
MCO,Financial Services,452.32,,193.85,193.85,-1.3333,False,False,,True,True,True,False,True,4,5,False,78333231104,2026-10-07T01:33:25.814124+00:00
WMB,Energy,72.39,,31.02,31.02,-1.3336,False,False,,True,True,True,False,True,4,5,False,88545091584,2026-10-07T01:33:25.814124+00:00
V,Financial Services,370.64,,158.62,158.62,-1.3366,False,False,,True,True,True,True,True,5,5,False,695822974976,2026-10-07T01:33:25.814124+00:00
GRDN,Healthcare,41.2,,17.46,17.46,-1.3598,False,False,,True,True,True,True,True,5,5,False,2609702912,2026-10-07T01:33:25.814124+00:00
AVGO,Technology,375.81,110.31,232.65,159.24,-1.36,False,False,71.35,True,True,True,True,True,5,5,False,1793977876480,2026-10-07T01:33:25.814124+00:00
FIGR,Financial Services,27.35,,11.58,11.58,-1.3609,False,False,,True,True,True,True,True,5,5,False,6136734720,2026-10-07T01:33:25.814124+00:00
ILMN,Healthcare,273.54,137.36,83.21,115.7,-1.3642,False,False,49.1,False,True,True,True,False,3,5,False,41304543232,2026-10-07T01:33:25.814124+00:00
FTNT,Technology,191.27,78.45,84.45,80.85,-1.3658,False,False,7.37,True,True,True,True,False,4,5,False,140337414144,2026-10-07T01:33:25.814124+00:00
BRZE,Technology,26.34,11.13,,11.13,-1.3659,False,False,,True,False,True,True,True,4,5,False,2991813632,2026-10-07T01:33:25.814124+00:00
TWLO,Technology,280.41,85.21,168.33,118.46,-1.3672,False,False,65.57,True,True,True,True,False,4,5,False,43064025088,2026-10-07T01:33:25.814124+00:00
AS,Consumer Cyclical,27.76,6.28,19.85,11.71,-1.371,False,False,103.85,True,True,True,True,True,5,5,False,16151378944,2026-10-07T01:33:25.814124+00:00
LIN,Basic Materials,489.95,147.81,293.64,206.14,-1.3767,False,False,66.07,True,True,True,True,True,5,5,False,225857241088,2026-10-07T01:33:25.814124+00:00
ZETA,Technology,32.95,17.35,8.59,13.85,-1.3791,False,False,67.54,True,False,True,True,False,3,5,False,8270898176,2026-10-07T01:33:25.814124+00:00
INTC,Technology,112.5,,47.28,47.28,-1.3794,False,False,,False,False,False,True,True,2,5,False,594686836736,2026-10-07T01:33:25.814124+00:00
MKSI,Technology,281.41,51.15,218.41,118.05,-1.3837,False,False,124.1,True,True,True,True,True,5,5,False,19028258816,2026-10-07T01:33:25.814124+00:00
DHR,Healthcare,215.61,96.45,81.43,90.45,-1.3839,False,False,16.89,False,True,True,True,True,4,5,False,151570825216,2026-10-07T01:33:25.814124+00:00
FIX,Industrials,1817.96,621.59,967.63,760.0,-1.392,False,False,43.55,True,True,True,True,True,5,5,False,63981879296,2026-10-07T01:33:25.814124+00:00
ACLS,Technology,141.15,39.69,87.72,58.9,-1.3964,False,False,75.4,False,True,True,True,True,4,5,False,4358921728,2026-10-07T01:33:25.814124+00:00
VEEV,Healthcare,283.5,,117.88,117.88,-1.405,False,False,,True,True,,True,True,4,4,False,45901160448,2026-10-07T01:33:25.814124+00:00
FA,Industrials,18.49,3.82,13.44,7.67,-1.4106,False,False,111.43,True,False,True,True,True,4,5,False,3175725824,2026-10-07T01:33:25.814124+00:00
EQIX,Real Estate,1047.36,,434.45,434.45,-1.4108,False,False,,True,True,False,True,True,4,5,False,103344775168,2026-10-07T01:33:25.814124+00:00
AHR,Real Estate,50.49,,20.93,20.93,-1.4124,False,False,,True,True,True,True,True,5,5,False,11006757888,2026-10-07T01:33:25.814124+00:00
SUPN,Healthcare,42.83,21.03,12.76,17.72,-1.4165,False,False,48.98,True,False,True,True,True,4,5,False,2493740288,2026-10-07T01:33:25.814124+00:00
BROS,Consumer Cyclical,39.06,,16.14,16.14,-1.4207,False,False,,True,True,True,True,True,5,5,False,6850984960,2026-10-07T01:33:25.814124+00:00
MTZ,Industrials,228.3,37.7,179.12,94.27,-1.4218,False,False,130.45,True,True,True,True,True,5,5,False,18333618176,2026-10-07T01:33:25.814124+00:00
ADI,Technology,420.55,109.75,267.9,173.01,-1.4308,False,False,83.76,False,True,True,True,True,4,5,False,203783995392,2026-10-07T01:33:25.814124+00:00
ONTO,Technology,313.71,144.36,105.2,128.69,-1.4376,False,False,31.38,True,True,True,True,True,5,5,False,15395082240,2026-10-07T01:33:25.814124+00:00
BGC,Financial Services,11.85,,4.86,4.86,-1.4393,False,False,,True,True,True,True,,4,4,False,5634278400,2026-10-07T01:33:25.814124+00:00
AMBA,Technology,67.94,27.74,,27.74,-1.4488,False,False,,True,False,True,True,True,4,5,False,2998937856,2026-10-07T01:33:25.814124+00:00
AJG,Financial Services,229.85,,93.78,93.78,-1.4509,False,False,,True,True,True,True,True,5,5,False,58919976960,2026-10-07T01:33:25.814124+00:00
AAMI,Financial Services,93.49,,38.04,38.04,-1.4574,False,False,,True,True,False,True,False,3,5,False,3317971968,2026-10-07T01:33:25.814124+00:00
HWM,Industrials,231.6,86.13,106.32,94.21,-1.4584,False,False,20.99,True,True,True,True,True,5,5,False,92362407936,2026-10-07T01:33:25.814124+00:00
MA,Financial Services,566.58,,229.43,229.43,-1.4695,False,False,,True,True,True,False,True,4,5,False,496329719808,2026-10-07T01:33:25.814124+00:00
PLPC,Industrials,421.52,116.65,250.98,170.38,-1.474,False,False,73.08,True,True,True,True,,4,4,False,2060685184,2026-10-07T01:33:25.814124+00:00
BA,Industrials,189.82,,76.71,76.71,-1.4745,False,False,,True,True,False,False,True,3,5,False,149918416896,2026-10-07T01:33:25.814124+00:00
CSX,Industrials,47.5,2.69,43.9,19.18,-1.4771,False,False,176.89,False,True,True,True,True,4,5,False,87992557568,2026-10-07T01:33:25.814124+00:00
PCOR,Technology,54.39,29.35,10.77,21.92,-1.4816,False,False,92.62,True,False,True,True,True,4,5,False,8264850944,2026-10-07T01:33:25.814124+00:00
IESC,Industrials,341.85,61.07,252.77,137.75,-1.4816,False,False,122.16,True,True,True,True,,4,4,False,13622082560,2026-10-07T01:33:25.814124+00:00
INOD,Technology,66.24,16.22,41.69,26.41,-1.5085,False,False,87.98,True,True,True,True,True,5,5,False,2277506816,2026-10-07T01:33:25.814124+00:00
ISRG,Healthcare,404.76,169.0,148.94,160.98,-1.5144,False,False,12.62,True,,True,,True,3,3,False,142992818176,2026-10-07T01:33:25.814124+00:00
WAY,Healthcare,26.4,,10.45,10.45,-1.5267,False,False,,True,True,True,True,True,5,5,False,5062158336,2026-10-07T01:33:25.814124+00:00
ANET,Technology,215.36,78.66,94.93,85.17,-1.5287,False,False,18.74,True,True,True,,True,4,4,False,271617359872,2026-10-07T01:33:25.814124+00:00
COHR,Technology,338.36,,133.64,133.64,-1.5318,False,False,,True,True,False,True,True,4,5,False,66261794816,2026-10-07T01:33:25.814124+00:00
CSQR,Technology,18.04,,7.11,7.11,-1.5355,False,False,,True,False,False,,True,2,4,False,3006077184,2026-10-07T01:33:25.814124+00:00
BDX,Healthcare,180.3,,71.07,71.07,-1.5369,False,False,,True,True,True,True,True,5,5,False,49111343104,2026-10-07T01:33:25.814124+00:00
ATI,Industrials,194.69,67.97,87.99,75.98,-1.5625,False,False,25.67,True,True,True,True,True,5,5,False,26511011840,2026-10-07T01:33:25.814124+00:00
MSGE,Communication Services,79.99,,31.21,31.21,-1.5633,False,False,,True,True,True,False,True,4,5,False,3783945472,2026-10-07T01:33:25.814124+00:00
CRS,Industrials,395.71,86.64,255.95,154.36,-1.5635,False,False,98.84,True,True,True,True,True,5,5,False,19610820608,2026-10-07T01:33:25.814124+00:00
VNO,Real Estate,33.52,,13.06,13.06,-1.5674,False,False,,True,True,,True,True,4,4,False,6864628224,2026-10-07T01:33:25.814124+00:00
MOG-A,Industrials,375.74,47.46,293.07,145.7,-1.5788,False,False,144.25,True,True,True,True,True,5,5,False,11900124160,2026-10-07T01:33:25.814124+00:00
SOFI,Financial Services,15.76,,6.1,6.1,-1.5821,False,False,,True,True,False,True,True,4,5,False,20355147776,2026-10-07T01:33:25.814124+00:00
MAR,Consumer Cyclical,361.28,128.76,156.27,139.76,-1.5849,False,False,19.3,True,True,True,,True,4,4,False,94209646592,2026-10-07T01:33:25.814124+00:00
MTD,Healthcare,1533.07,532.04,674.65,589.08,-1.6025,False,False,23.64,True,True,True,False,False,3,5,False,30717448192,2026-10-07T01:33:25.814124+00:00
LEU,Energy,153.88,73.38,37.22,58.91,-1.6119,False,False,65.39,True,True,True,True,True,5,5,False,3147324416,2026-10-07T01:33:25.814124+00:00
VST,Utilities,160.5,0.14,152.61,61.13,-1.6257,False,False,199.63,True,True,True,False,True,4,5,False,53869449216,2026-10-07T01:33:25.814124+00:00
CURB,Real Estate,27.89,,10.6,10.6,-1.6317,False,False,,True,True,,True,True,4,4,False,3180509952,2026-10-07T01:33:25.814124+00:00
MDLN,Healthcare,35.55,15.19,10.97,13.5,-1.6331,False,False,32.3,,True,True,True,True,4,4,False,47830151168,2026-10-07T01:33:25.814124+00:00
CAT,Industrials,863.44,195.18,523.07,326.33,-1.6459,False,False,91.3,True,True,True,False,True,4,5,False,396901679104,2026-10-07T01:33:25.814124+00:00
ASND,Healthcare,226.05,16.07,189.09,85.28,-1.6506,False,False,168.66,True,False,True,True,True,4,5,False,14874912768,2026-10-07T01:33:25.814124+00:00
GEV,Industrials,1029.21,249.51,595.51,387.91,-1.6532,False,False,81.89,True,True,True,True,True,5,5,False,274113183744,2026-10-07T01:33:25.814124+00:00
VTR,Real Estate,81.86,,30.72,30.72,-1.6646,False,False,,True,True,True,True,True,5,5,False,41989791744,2026-10-07T01:33:25.814124+00:00
AROC,Energy,30.83,0.84,27.52,11.51,-1.6783,False,False,188.21,True,True,True,True,True,5,5,False,5405676544,2026-10-07T01:33:25.814124+00:00
DLR,Real Estate,184.65,,68.94,68.94,-1.6783,False,False,,True,True,,True,True,4,4,False,69735604224,2026-10-07T01:33:25.814124+00:00
AVAV,Industrials,143.54,,53.56,53.56,-1.6801,False,False,,True,False,False,True,True,3,5,False,7294803456,2026-10-07T01:33:25.814124+00:00
WT,Financial Services,24.18,,8.9,8.9,-1.7155,False,False,,True,True,True,False,True,4,5,False,3663563008,2026-10-07T01:33:25.814124+00:00
SXI,Industrials,297.12,42.14,209.78,109.19,-1.721,False,False,133.1,True,True,True,True,True,5,5,False,3649068800,2026-10-07T01:33:25.814124+00:00
CPNG,Consumer Cyclical,14.42,5.28,,5.28,-1.7296,False,False,,True,True,True,True,True,5,5,False,25884825600,2026-10-07T01:33:25.814124+00:00
A,Healthcare,169.33,51.19,78.17,61.98,-1.7319,False,False,41.71,True,True,True,True,True,5,5,False,47739015168,2026-10-07T01:33:25.814124+00:00
CDNS,Technology,359.55,114.56,156.11,131.18,-1.7408,False,False,30.7,True,True,True,True,True,5,5,False,99169640448,2026-10-07T01:33:25.814124+00:00
POWI,Technology,53.4,19.62,19.23,19.46,-1.7435,False,False,2.01,False,True,True,,True,3,4,False,2983634176,2026-10-07T01:33:25.814124+00:00
MSCI,Financial Services,554.92,,202.15,202.15,-1.745,False,False,,True,True,True,,True,4,4,False,40342683648,2026-10-07T01:33:25.814124+00:00
AMRX,Healthcare,20.3,3.29,13.43,7.35,-1.7623,False,False,121.32,True,True,True,False,True,4,5,False,7068667904,2026-10-07T01:33:25.814124+00:00
FROG,Technology,98.51,35.58,,35.58,-1.7683,False,False,,True,False,True,True,True,4,5,False,12146412544,2026-10-07T01:33:25.814124+00:00
CSGP,Real Estate,27.63,,9.96,9.96,-1.7739,False,False,,True,True,True,True,True,5,5,False,11195609088,2026-10-07T01:33:25.814124+00:00
STLD,Basic Materials,238.17,11.19,197.33,85.65,-1.7808,False,False,178.53,False,True,True,True,True,4,5,False,34136453120,2026-10-07T01:33:25.814124+00:00
CGNX,Technology,66.35,17.01,33.47,23.59,-1.8124,False,False,65.24,False,True,True,True,True,4,5,False,11161651200,2026-10-07T01:33:25.814124+00:00
CRWV,Technology,91.72,,32.35,32.35,-1.8354,False,False,,True,False,False,False,True,2,5,False,50586935296,2026-10-07T01:33:25.814124+00:00
SAIA,Industrials,341.65,1.19,296.64,119.37,-1.8622,False,False,198.41,True,True,True,True,True,5,5,False,9089635328,2026-10-07T01:33:25.814124+00:00
DASH,Consumer Cyclical,193.62,85.71,39.29,67.14,-1.8839,False,False,74.28,True,True,True,True,True,5,5,False,83895148544,2026-10-07T01:33:25.814124+00:00
IBKR,Financial Services,90.58,,31.39,31.39,-1.8856,False,False,,True,True,True,False,True,4,5,False,154331611136,2026-10-07T01:33:25.814124+00:00
AMAT,Technology,530.27,93.48,318.73,183.58,-1.8885,False,False,109.29,True,True,True,True,True,5,5,False,420820942848,2026-10-07T01:33:25.814124+00:00
ATRO,Industrials,69.16,7.06,48.48,23.63,-1.927,False,False,149.13,True,True,True,True,True,5,5,False,2974507008,2026-10-07T01:33:25.814124+00:00
EXTR,Technology,24.54,6.63,11.0,8.38,-1.9288,False,False,49.5,False,True,True,False,True,3,5,False,3243469056,2026-10-07T01:33:25.814124+00:00
NPO,Industrials,332.06,113.84,112.53,113.31,-1.9304,False,False,1.15,True,True,True,True,True,5,5,False,7028939776,2026-10-07T01:33:25.814124+00:00
FN,Technology,489.16,25.27,378.48,166.55,-1.9369,False,False,174.96,True,True,True,True,True,5,5,False,17528981504,2026-10-07T01:33:25.814124+00:00
DKNG,Consumer Cyclical,19.75,10.53,0.82,6.65,-1.9705,False,False,171.04,True,True,True,False,True,4,5,False,9804967936,2026-10-07T01:33:25.814124+00:00
PWR,Industrials,719.56,239.89,244.1,241.58,-1.9786,False,False,1.74,True,True,True,True,True,5,5,False,108181094400,2026-10-07T01:33:25.814124+00:00
HLT,Consumer Cyclical,322.61,107.36,108.6,107.86,-1.9911,False,False,1.14,True,True,True,,True,4,4,False,72608186368,2026-10-07T01:33:25.814124+00:00
ROKU,Communication Services,152.06,47.92,54.65,50.61,-2.0044,False,False,13.11,True,True,True,True,True,5,5,False,22568589312,2026-10-07T01:33:25.814124+00:00
WBD,Communication Services,30.95,4.15,19.14,10.14,-2.0513,False,False,128.78,True,True,True,True,False,4,5,False,77595885568,2026-10-07T01:33:25.814124+00:00
TXN,Technology,297.23,23.8,205.37,96.43,-2.0824,False,False,158.46,False,True,True,True,True,4,5,False,271444623360,2026-10-07T01:33:25.814124+00:00
CDNA,Healthcare,63.79,12.85,32.39,20.66,-2.087,False,False,86.37,True,False,True,True,False,3,5,False,3300126208,2026-10-07T01:33:25.814124+00:00
FCX,Basic Materials,72.56,4.3,52.31,23.5,-2.0873,False,False,169.65,True,True,True,True,True,5,5,False,104197431296,2026-10-07T01:33:25.814124+00:00
SHC,Healthcare,18.25,4.43,8.09,5.9,-2.0956,False,False,58.36,True,True,True,False,True,4,5,False,5208089600,2026-10-07T01:33:25.814124+00:00
VCEL,Healthcare,40.05,16.02,8.25,12.91,-2.1017,False,False,64.01,True,True,True,True,True,5,5,False,2050824960,2026-10-07T01:33:25.814124+00:00
MOH,Healthcare,195.17,,62.66,62.66,-2.1145,False,False,,True,True,False,True,True,4,5,False,10187874304,2026-10-07T01:33:25.814124+00:00
GLNG,Energy,50.03,,15.96,15.96,-2.1341,False,False,,True,True,False,True,True,4,5,False,5107912704,2026-10-07T01:33:25.814124+00:00
KLAC,Technology,197.46,34.12,106.17,62.94,-2.1373,False,False,102.71,True,True,True,True,True,5,5,False,257686585344,2026-10-07T01:33:25.814124+00:00
TMO,Healthcare,656.58,172.34,261.73,208.09,-2.1552,False,False,41.19,False,True,True,True,False,3,5,False,242768691200,2026-10-07T01:33:25.814124+00:00
TECH,Healthcare,72.43,24.61,19.79,22.68,-2.1933,False,False,21.71,True,True,True,True,False,4,5,False,11358345216,2026-10-07T01:33:25.814124+00:00
DD,Basic Materials,133.28,7.35,92.3,41.33,-2.225,False,False,170.51,False,False,True,True,True,3,5,False,17995386880,2026-10-07T01:33:25.814124+00:00
CG,Financial Services,38.88,,11.96,11.96,-2.2513,False,False,,False,True,False,True,True,3,5,False,13854219264,2026-10-07T01:33:25.814124+00:00
KNSA,Healthcare,77.09,,23.39,23.39,-2.2956,False,False,,True,True,True,True,True,5,5,False,5931151360,2026-10-07T01:33:25.814124+00:00
LPX,Industrials,66.89,10.59,34.61,20.2,-2.311,False,False,106.27,False,True,True,True,True,4,5,False,4677176832,2026-10-07T01:33:25.814124+00:00
AVTR,Healthcare,15.43,7.63,0.18,4.65,-2.3196,False,False,190.83,False,False,True,True,False,2,5,False,10436216832,2026-10-07T01:33:25.814124+00:00
APO,Financial Services,115.95,,34.75,34.75,-2.3364,False,False,,True,True,True,True,True,5,5,False,68473479168,2026-10-07T01:33:25.814124+00:00
ICHR,Technology,62.44,,18.53,18.53,-2.3704,False,False,,False,False,False,True,True,2,5,False,2338641920,2026-10-07T01:33:25.814124+00:00
TTAN,Technology,68.67,20.36,,20.36,-2.3731,False,False,,True,False,True,True,True,4,5,False,6624450560,2026-10-07T01:33:25.814124+00:00
CVNA,Consumer Cyclical,63.88,7.95,34.6,18.61,-2.4322,False,False,125.25,True,True,True,True,True,5,5,False,70808666112,2026-10-07T01:33:25.814124+00:00
NOVT,Technology,149.1,23.09,73.75,43.35,-2.4394,False,False,104.64,True,True,True,True,,4,4,False,5638629376,2026-10-07T01:33:25.814124+00:00
GPC,Consumer Cyclical,127.38,20.71,61.42,36.99,-2.4433,False,False,99.15,True,True,True,True,True,5,5,False,17560576000,2026-10-07T01:33:25.814124+00:00
GNRC,Industrials,223.62,25.5,123.6,64.74,-2.4541,False,False,131.6,False,True,True,True,True,4,5,False,13207876608,2026-10-07T01:33:25.814124+00:00
JHX,Basic Materials,25.53,4.91,11.09,7.38,-2.4576,False,False,77.2,True,True,True,True,True,5,5,False,14820740096,2026-10-07T01:33:25.814124+00:00
WST,Healthcare,372.64,90.95,132.03,107.38,-2.4703,False,False,36.85,True,True,True,True,True,5,5,False,26224824320,2026-10-07T01:33:25.814124+00:00
LGND,Healthcare,296.94,39.88,148.18,83.2,-2.5689,False,False,115.17,True,True,True,True,True,5,5,False,5919679488,2026-10-07T01:33:25.814124+00:00
VAC,Consumer Cyclical,104.57,,29.2,29.2,-2.5807,False,False,,True,False,False,False,True,2,5,False,3596718592,2026-10-07T01:33:25.814124+00:00
ARWR,Healthcare,61.54,17.01,,17.01,-2.6186,False,False,,True,False,True,False,True,3,5,False,8668341248,2026-10-07T01:33:25.814124+00:00
NVT,Industrials,173.8,18.81,91.46,47.87,-2.6305,False,False,131.75,True,True,True,True,True,5,5,False,28130910208,2026-10-07T01:33:25.814124+00:00
VRT,Industrials,253.14,43.41,107.83,69.18,-2.6594,False,False,85.2,True,True,True,True,True,5,5,False,97455898624,2026-10-07T01:33:25.814124+00:00
PEN,Healthcare,317.05,96.91,71.11,86.59,-2.6615,False,False,30.72,True,True,True,True,True,5,5,False,12488416256,2026-10-07T01:33:25.814124+00:00
LIND,Consumer Cyclical,36.08,5.14,16.86,9.83,-2.6713,False,False,106.52,True,False,True,,False,2,4,False,2367558400,2026-10-07T01:33:25.814124+00:00
GLW,Technology,168.97,26.24,75.51,45.94,-2.6777,False,False,96.85,True,True,True,True,True,5,5,False,145253007360,2026-10-07T01:33:25.814124+00:00
TFSL,Financial Services,16.57,,4.48,4.48,-2.6951,False,False,,True,True,True,,,3,3,False,4646936064,2026-10-07T01:33:25.814124+00:00
MTRN,Basic Materials,312.15,,83.23,83.23,-2.7504,False,False,,True,True,True,True,False,4,5,False,6503246848,2026-10-07T01:33:25.814124+00:00
LRCX,Technology,333.89,35.61,165.23,87.46,-2.8178,False,False,129.08,True,True,True,True,True,5,5,False,417838104576,2026-10-07T01:33:25.814124+00:00
UPST,Financial Services,23.86,,6.23,6.23,-2.831,False,False,,True,True,False,False,True,3,5,False,2283677952,2026-10-07T01:33:25.814124+00:00
RVTY,Healthcare,153.3,45.16,32.18,39.97,-2.8354,False,False,33.57,False,True,True,True,False,3,5,False,17106195456,2026-10-07T01:33:25.814124+00:00
KRMN,Industrials,33.29,,8.67,8.67,-2.8395,False,False,,True,True,False,False,True,3,5,False,4412047360,2026-10-07T01:33:25.814124+00:00
CTOS,Industrials,9.96,,2.52,2.52,-2.9515,False,False,,True,False,False,False,True,2,5,False,2265955072,2026-10-07T01:33:25.814124+00:00
AEIS,Industrials,302.77,37.93,134.49,76.55,-2.9552,False,False,112.01,False,True,True,True,True,4,5,False,12126070784,2026-10-07T01:33:25.814124+00:00
MPWR,Technology,1473.69,290.09,489.32,369.78,-2.9853,False,False,51.12,True,True,True,True,True,5,5,False,72421548032,2026-10-07T01:33:25.814124+00:00
LLY,Healthcare,1157.49,170.31,469.65,290.05,-2.9907,False,False,93.55,True,True,True,True,True,5,5,False,1031736852480,2026-10-07T01:33:25.814124+00:00
SBUX,Consumer Cyclical,96.11,16.51,34.91,23.87,-3.0268,False,False,71.56,True,True,True,,True,4,4,False,109565403136,2026-10-07T01:33:25.814124+00:00
HOOD,Financial Services,112.0,,27.78,27.78,-3.032,False,False,,True,True,True,False,True,4,5,False,100697219072,2026-10-07T01:33:25.814124+00:00
JCI,Industrials,158.76,4.29,90.57,38.8,-3.0916,False,False,181.92,True,True,True,True,True,5,5,False,96167510016,2026-10-07T01:33:25.814124+00:00
TER,Technology,430.32,29.5,216.13,104.15,-3.1316,False,False,151.96,True,True,True,True,True,5,5,False,67276554240,2026-10-07T01:33:25.814124+00:00
VECO,Technology,55.67,12.47,14.87,13.43,-3.1457,False,False,17.53,True,True,True,True,True,5,5,False,3403086848,2026-10-07T01:33:25.814124+00:00
LFST,Healthcare,12.12,3.35,2.12,2.86,-3.2407,False,False,45.2,True,True,True,True,True,5,5,False,4607468032,2026-10-07T01:33:25.814124+00:00
ABBV,Healthcare,266.69,,62.72,62.72,-3.2519,False,False,,True,True,True,,True,4,4,False,471272521728,2026-10-07T01:33:25.814124+00:00
CORT,Healthcare,119.57,41.59,7.69,28.03,-3.2659,False,False,137.58,True,True,True,True,True,5,5,False,12925325312,2026-10-07T01:33:25.814124+00:00
SDGR,Healthcare,28.9,6.7,,6.7,-3.3109,False,False,,True,False,True,True,False,3,5,False,2161882624,2026-10-07T01:33:25.814124+00:00
ESI,Basic Materials,37.74,4.31,15.38,8.74,-3.3187,False,False,112.45,True,True,True,True,True,5,5,False,9196712960,2026-10-07T01:33:25.814124+00:00
Z,Communication Services,27.7,5.53,7.74,6.41,-3.3189,False,False,33.21,True,True,True,True,True,5,5,False,6229036544,2026-10-07T01:33:25.814124+00:00
MOD,Consumer Cyclical,189.91,29.47,65.21,43.77,-3.3392,False,False,75.48,True,True,True,True,True,5,5,False,10086634496,2026-10-07T01:33:25.814124+00:00
ENTG,Technology,166.89,12.66,75.65,37.86,-3.4084,False,False,142.64,False,True,True,True,True,4,5,False,25417347072,2026-10-07T01:33:25.814124+00:00
COMP,Real Estate,9.29,,2.09,2.09,-3.4425,False,False,,True,False,True,True,True,4,5,False,7131418624,2026-10-07T01:33:25.814124+00:00
WELL,Real Estate,225.78,,50.73,50.73,-3.4507,False,False,,True,True,True,True,True,5,5,False,162690744320,2026-10-07T01:33:25.814124+00:00
FPS,Industrials,41.35,,9.21,9.21,-3.4887,False,False,,True,True,False,True,True,4,5,False,13190021120,2026-10-07T01:33:25.814124+00:00
VIAV,Technology,48.14,5.81,18.03,10.7,-3.5002,False,False,102.59,True,False,True,True,True,4,5,False,11838691328,2026-10-07T01:33:25.814124+00:00
SNOW,Technology,335.95,74.48,,74.48,-3.5109,False,False,,True,False,True,True,True,4,5,False,118523166720,2026-10-07T01:33:25.814124+00:00
HASI,Financial Services,36.57,,8.1,8.1,-3.5167,False,False,,True,True,,False,True,3,4,False,4699090944,2026-10-07T01:33:25.814124+00:00
MMED,Healthcare,19.64,,4.31,4.31,-3.5579,False,False,,True,False,False,True,True,3,5,False,5525712384,2026-10-07T01:33:25.814124+00:00
BTSG,Healthcare,63.75,11.99,16.74,13.89,-3.589,False,False,33.07,True,True,True,True,True,5,5,False,12613844992,2026-10-07T01:33:25.814124+00:00
PDFS,Technology,54.44,,11.86,11.86,-3.5908,False,False,,True,False,False,True,True,3,5,False,2298849536,2026-10-07T01:33:25.814124+00:00
PANW,Technology,419.91,136.79,23.22,91.36,-3.5962,False,False,141.96,True,True,True,True,False,4,5,False,343486398464,2026-10-07T01:33:25.814124+00:00
ALM,Basic Materials,13.04,,2.82,2.82,-3.6312,False,False,,True,False,False,True,True,3,5,False,3699993856,2026-10-07T01:33:25.814124+00:00
UHAL-B,Industrials,53.22,,11.47,11.47,-3.6385,False,False,,True,True,False,True,,3,4,False,10345621504,2026-10-07T01:33:25.814124+00:00
SLAB,Technology,222.62,47.96,,47.96,-3.6419,False,False,,False,False,True,,True,2,4,False,7428107776,2026-10-07T01:33:25.814124+00:00
COIN,Financial Services,185.74,,39.94,39.94,-3.6506,False,False,,True,True,True,True,True,5,5,False,49005072384,2026-10-07T01:33:25.814124+00:00
CHEF,Consumer Defensive,111.21,8.73,45.77,23.54,-3.7236,False,False,135.95,True,True,True,True,True,5,5,False,4536932352,2026-10-07T01:33:25.814124+00:00
VICR,Technology,299.29,43.19,91.49,62.51,-3.788,False,False,71.73,True,True,True,True,True,5,5,False,13799283712,2026-10-07T01:33:25.814124+00:00
MRK,Healthcare,141.94,,29.57,29.57,-3.8004,False,False,,True,True,True,True,True,5,5,False,350190338048,2026-10-07T01:33:25.814124+00:00
CRDO,Technology,220.83,22.8,80.71,45.97,-3.804,False,False,111.89,True,True,True,True,True,5,5,False,41505423360,2026-10-07T01:33:25.814124+00:00
RGEN,Healthcare,174.86,50.53,14.99,36.31,-3.8153,False,False,108.46,False,True,True,True,True,4,5,False,9868333056,2026-10-07T01:33:25.814124+00:00
CRCL,Financial Services,84.13,,17.47,17.47,-3.8159,False,False,,True,False,True,True,True,4,5,False,21358577664,2026-10-07T01:33:25.814124+00:00
KTOS,Industrials,43.71,,8.96,8.96,-3.881,False,False,,True,True,False,True,True,4,5,False,8196498432,2026-10-07T01:33:25.814124+00:00
RDNT,Healthcare,70.28,14.35,,14.35,-3.8976,False,False,,True,False,True,True,True,4,5,False,5530878464,2026-10-07T01:33:25.814124+00:00
CIEN,Technology,443.65,56.02,140.52,89.82,-3.9393,False,False,85.99,True,True,True,True,True,5,5,False,62913351680,2026-10-07T01:33:25.814124+00:00
SNPS,Technology,505.17,50.11,179.03,101.68,-3.9683,False,False,112.53,True,True,True,True,True,5,5,False,96809082880,2026-10-07T01:33:25.814124+00:00
RBRK,Technology,125.8,24.81,,24.81,-4.0699,False,False,,True,False,True,,False,2,4,False,25893232640,2026-10-07T01:33:25.814124+00:00
MCHP,Technology,81.26,5.73,30.46,15.62,-4.202,False,False,136.69,False,True,True,True,True,4,5,False,44124889088,2026-10-07T01:33:25.814124+00:00
CWST,Industrials,82.06,2.2,35.63,15.57,-4.2688,False,False,176.72,True,True,True,True,True,5,5,False,5222302208,2026-10-07T01:33:25.814124+00:00
PRM,Basic Materials,28.62,5.39,,5.39,-4.3069,False,False,,True,False,True,True,True,4,5,False,4684720128,2026-10-07T01:33:25.814124+00:00
TPG,Financial Services,44.97,,8.35,8.35,-4.3884,False,False,,True,True,True,True,True,5,5,False,17563813888,2026-10-07T01:33:25.814124+00:00
S,Technology,25.8,4.77,,4.77,-4.404,False,False,,True,False,True,,False,2,4,False,8979666944,2026-10-07T01:33:25.814124+00:00
GILD,Healthcare,144.23,,26.59,26.59,-4.4237,False,False,,True,True,True,False,True,4,5,False,178838732800,2026-10-07T01:33:25.814124+00:00
LASR,Technology,40.03,7.34,,7.34,-4.4549,False,False,,True,False,True,True,True,4,5,False,2309338368,2026-10-07T01:33:25.814124+00:00
MDB,Technology,360.71,89.81,29.65,65.75,-4.4862,False,False,100.72,True,False,True,True,True,4,5,False,29057478656,2026-10-07T01:33:25.814124+00:00
FRHC,Financial Services,173.86,,31.51,31.51,-4.5168,False,False,,True,True,False,True,,3,4,False,11090123776,2026-10-07T01:33:25.814124+00:00
BMRN,Healthcare,56.22,,10.14,10.14,-4.5421,False,False,,True,True,True,True,True,5,5,False,10882716672,2026-10-07T01:33:25.814124+00:00
MIRM,Healthcare,79.25,14.23,,14.23,-4.5704,False,False,,True,False,True,,True,3,4,False,5145876992,2026-10-07T01:33:25.814124+00:00
ATRC,Healthcare,53.68,12.62,5.03,9.59,-4.5995,False,False,85.97,True,False,True,True,True,4,5,False,2730502912,2026-10-07T01:33:25.814124+00:00
DDOG,Technology,278.24,69.84,17.0,48.7,-4.7128,False,False,121.7,True,True,True,True,True,5,5,False,99909025792,2026-10-07T01:33:25.814124+00:00
ARQT,Healthcare,23.92,,4.05,4.05,-4.9045,False,False,,True,False,False,True,True,3,5,False,3006551808,2026-10-07T01:33:25.814124+00:00
SHAK,Consumer Cyclical,64.61,2.14,24.03,10.89,-4.9318,False,False,167.35,True,True,True,True,True,5,5,False,2767823616,2026-10-07T01:33:25.814124+00:00
TTWO,Communication Services,202.53,33.92,34.31,34.08,-4.9431,False,False,1.15,True,False,True,True,True,4,5,False,37869150208,2026-10-07T01:33:25.814124+00:00
NAVN,Technology,21.34,3.57,,3.57,-4.9762,False,False,,,False,True,True,True,3,4,False,5557159936,2026-10-07T01:33:25.814124+00:00
NP,Financial Services,27.19,,4.55,4.55,-4.9805,False,False,,True,True,True,,True,4,4,False,3731367680,2026-10-07T01:33:25.814124+00:00
TXG,Healthcare,80.66,13.46,,13.46,-4.9905,False,False,,True,False,True,True,False,3,5,False,10509286400,2026-10-07T01:33:25.814124+00:00
U,Technology,44.95,8.82,5.41,7.46,-5.0292,False,False,47.87,True,False,True,True,True,4,5,False,19781998592,2026-10-07T01:33:25.814124+00:00
IOT,Technology,41.74,8.53,4.32,6.84,-5.0988,False,False,65.62,True,False,True,True,True,4,5,False,24443160576,2026-10-07T01:33:25.814124+00:00
SMTC,Technology,197.2,25.54,42.34,32.26,-5.1126,False,False,49.49,True,False,True,True,True,4,5,False,18403813376,2026-10-07T01:33:25.814124+00:00
FORM,Technology,141.3,5.81,48.76,22.99,-5.1465,False,False,157.42,True,True,True,True,True,5,5,False,11015009280,2026-10-07T01:33:25.814124+00:00
MRCY,Industrials,82.8,13.59,13.27,13.46,-5.1497,False,False,2.35,True,False,True,True,True,4,5,False,5039504896,2026-10-07T01:33:25.814124+00:00
LYV,Communication Services,171.8,9.17,55.94,27.88,-5.1623,False,False,143.66,True,True,True,False,True,4,5,False,40022441984,2026-10-07T01:33:25.814124+00:00
ICUI,Healthcare,159.73,28.2,20.76,25.22,-5.3323,False,False,30.41,False,True,True,True,True,4,5,False,3994374144,2026-10-07T01:33:25.814124+00:00
P,Technology,147.2,21.71,24.65,22.89,-5.4316,False,False,12.68,True,True,True,True,False,4,5,False,49051054080,2026-10-07T01:33:25.814124+00:00
PTGX,Healthcare,138.69,21.39,21.68,21.5,-5.4497,False,False,1.37,True,False,True,True,True,4,5,False,8974392320,2026-10-07T01:33:25.814124+00:00
ECHO,Communication Services,100.01,,15.5,15.5,-5.4533,False,False,,False,False,False,True,True,2,5,False,29084491776,2026-10-07T01:33:25.814124+00:00
ALGM,Technology,38.76,5.39,6.57,5.86,-5.609,False,False,19.72,False,False,True,True,True,3,5,False,7224943104,2026-10-07T01:33:25.814124+00:00
SYNA,Technology,119.39,12.25,26.64,18.01,-5.6298,False,False,73.99,False,False,True,True,True,3,5,False,4739948544,2026-10-07T01:33:25.814124+00:00
MRVL,Technology,287.01,16.32,82.96,42.98,-5.6781,False,False,134.23,True,True,True,True,True,5,5,False,257937227776,2026-10-07T01:33:25.814124+00:00
AMD,Technology,649.42,74.03,124.07,94.05,-5.9052,False,False,50.51,True,True,True,True,False,4,5,False,1060161912832,2026-10-07T01:33:25.814124+00:00
MTSI,Technology,350.67,21.09,94.16,50.32,-5.9691,False,False,126.81,True,False,True,True,True,4,5,False,26780993536,2026-10-07T01:33:25.814124+00:00
TPL,Energy,355.16,11.99,109.03,50.81,-5.9905,False,False,160.38,True,True,True,True,,4,4,False,24497047552,2026-10-07T01:33:25.814124+00:00
PLTR,Technology,192.07,22.47,33.28,26.8,-6.168,False,False,38.78,True,True,True,True,True,5,5,False,461555466240,2026-10-07T01:33:25.814124+00:00
QXO,Industrials,12.11,0.32,3.64,1.65,-6.3506,False,False,167.71,True,False,True,True,True,4,5,False,12564012032,2026-10-07T01:33:25.814124+00:00
PL,Industrials,18.57,2.48,,2.48,-6.4919,False,False,,True,False,True,True,True,4,5,False,6756657152,2026-10-07T01:33:25.814124+00:00
ALKS,Healthcare,41.65,,5.5,5.5,-6.5695,False,False,,True,True,True,True,True,5,5,False,6987340288,2026-10-07T01:33:25.814124+00:00
ARES,Financial Services,117.74,,15.39,15.39,-6.6523,False,False,,True,True,True,True,True,5,5,False,39063298048,2026-10-07T01:33:25.814124+00:00
SEI,Energy,79.7,,10.06,10.06,-6.9235,False,False,,True,True,False,False,True,3,5,False,8019920384,2026-10-07T01:33:25.814124+00:00
WRBY,Healthcare,26.23,4.31,1.73,3.28,-6.9969,False,False,85.62,True,True,True,True,True,5,5,False,3242239232,2026-10-07T01:33:25.814124+00:00
WAT,Healthcare,436.43,50.87,56.11,52.96,-7.24,False,False,9.8,True,True,True,True,True,5,5,False,42851254272,2026-10-07T01:33:25.814124+00:00
RXO,Industrials,28.54,,3.3,3.3,-7.6355,False,False,,True,False,False,True,False,2,5,False,4707988480,2026-10-07T01:33:25.814124+00:00
CECO,Industrials,75.45,,8.71,8.71,-7.6594,False,False,,True,True,False,True,True,4,5,False,4419093504,2026-10-07T01:33:25.814124+00:00
CAVA,Consumer Cyclical,52.64,1.55,12.1,5.77,-8.1268,False,False,154.66,True,True,True,True,True,5,5,False,6148678144,2026-10-07T01:33:25.814124+00:00
SPCX,Industrials,171.92,,18.62,18.62,-8.2351,False,False,,True,False,False,True,True,3,5,False,2264906334208,2026-10-07T01:33:25.814124+00:00
W,Consumer Cyclical,105.45,10.03,13.42,11.38,-8.2632,False,False,28.9,True,False,True,,True,3,4,False,13919030272,2026-10-07T01:33:25.814124+00:00
NIQ,,17.25,1.82,,1.82,-8.5001,False,False,,True,False,True,,True,3,4,False,5087988736,2026-10-07T01:33:25.814124+00:00
MP,Basic Materials,48.53,,4.84,4.84,-9.0298,False,False,,False,False,False,True,True,2,5,False,8643269632,2026-10-07T01:33:25.814124+00:00
LITE,Technology,1133.4,83.15,155.41,112.06,-9.1145,False,False,60.58,True,False,True,True,True,4,5,False,101665980416,2026-10-07T01:33:25.814124+00:00
AXON,Industrials,418.62,,39.78,39.78,-9.5228,False,False,,True,True,True,True,True,5,5,False,34007607296,2026-10-07T01:33:25.814124+00:00
SAIL,Technology,19.91,1.85,,1.85,-9.7808,False,False,,True,False,True,True,True,4,5,False,11366850560,2026-10-07T01:33:25.814124+00:00
COHU,Technology,73.1,5.89,7.81,6.66,-9.9767,False,False,28.06,False,False,True,True,False,2,5,False,3460439296,2026-10-07T01:33:25.814124+00:00
IRTC,Healthcare,107.2,9.67,,9.67,-10.0817,False,False,,True,False,True,False,True,3,5,False,3533634048,2026-10-07T01:33:25.814124+00:00
ALAB,Technology,389.8,21.12,55.17,34.74,-10.2195,False,False,89.25,True,True,True,True,True,5,5,False,67624493056,2026-10-07T01:33:25.814124+00:00
JXN,Financial Services,132.91,,11.21,11.21,-10.8556,False,False,,False,True,,True,True,3,4,False,9001827328,2026-10-07T01:33:25.814124+00:00
CRWD,Technology,278.86,35.52,4.02,22.92,-11.1661,False,False,159.3,True,False,True,True,False,3,5,False,285534453760,2026-10-07T01:33:25.814124+00:00
DPC,Industrials,42.01,2.9,,2.9,-13.4771,False,False,,True,False,True,True,True,4,5,False,6276000768,2026-10-07T01:33:25.814124+00:00
LSCC,Technology,134.47,7.59,10.44,8.73,-14.4036,False,False,31.6,False,True,True,True,True,4,5,False,19061016576,2026-10-07T01:33:25.814124+00:00
TSLA,Consumer Cyclical,380.68,19.68,28.25,23.11,-15.4754,False,False,35.79,True,True,True,True,True,5,5,False,1503513673728,2026-10-07T01:33:25.814124+00:00
AXTI,Technology,84.06,,4.81,4.81,-16.4633,False,False,,False,False,False,True,True,2,5,False,5512083968,2026-10-07T01:33:25.814124+00:00
SITM,Technology,711.06,40.03,32.75,37.12,-18.1552,False,False,20.02,True,False,True,True,True,4,5,False,21382309888,2026-10-07T01:33:25.814124+00:00
WGS,Healthcare,71.52,3.34,,3.34,-20.4039,False,False,,True,False,True,True,True,4,5,False,2132907904,2026-10-07T01:33:25.814124+00:00
LION,,11.35,0.5,,0.5,-21.5439,False,False,,False,False,True,,True,2,4,False,3377302528,2026-10-07T01:33:25.814124+00:00
DJT,Communication Services,8.65,0.35,,0.35,-23.652,False,False,,True,False,True,True,,3,4,False,2404192000,2026-10-07T01:33:25.814124+00:00
BRKR,Healthcare,60.5,,2.25,2.25,-25.8423,False,False,,True,False,True,True,True,4,5,False,9217738752,2026-10-07T01:33:25.814124+00:00
FLG,Financial Services,11.56,,0.37,0.37,-29.9346,False,False,,True,False,False,,True,2,4,False,4798473216,2026-10-07T01:33:25.814124+00:00
PI,Technology,184.16,9.58,0.28,5.86,-30.4385,False,False,188.77,True,False,True,True,False,3,5,False,5626900480,2026-10-07T01:33:25.814124+00:00
BE,Industrials,295.78,1.41,19.96,8.83,-32.5057,False,False,173.67,True,False,True,True,False,3,5,False,87115300864,2026-10-07T01:33:25.814124+00:00
NET,Technology,355.01,10.42,,10.42,-33.0579,False,False,,True,False,True,False,False,2,5,False,126411866112,2026-10-07T01:33:25.814124+00:00
NTRA,Healthcare,400.65,11.76,,11.76,-33.0781,False,False,,True,False,True,True,False,3,5,False,57751363584,2026-10-07T01:33:25.814124+00:00
MSGS,Communication Services,402.07,11.88,6.92,9.9,-39.6294,False,False,52.68,True,True,True,,True,4,4,False,9681821696,2026-10-07T01:33:25.814124+00:00
ELAN,Healthcare,22.48,,0.09,0.09,-251.1068,False,False,,True,False,True,True,True,4,5,False,11231498240,2026-10-07T01:33:25.814124+00:00
