ticker,sector,price,dcf_value,relative_value,fair_value,margin_of_safety,undervalued,valuation_signals_agree,valuation_gap_pct,revenue_not_declining,profitable,fcf_positive,debt_reasonable,analyst_consensus_agrees,quality_checks_passed,quality_checks_applicable,high_confidence_pick,market_cap,last_updated
GLXY,Financial Services,20.09,,2748.27,2748.27,0.9927,True,True,,,False,False,True,True,2,4,False,11836037120,2026-10-09T02:02:11.453834+00:00
PAGS,Technology,10.68,1267.03,503.14,961.48,0.9889,True,True,86.31,True,True,True,True,True,5,5,True,2943899648,2026-10-09T02:02:11.453834+00:00
STNE,Technology,11.6,,278.31,278.31,0.9583,True,True,,True,True,False,True,True,4,5,False,2674909440,2026-10-09T02:02:11.453834+00:00
FWONA,Communication Services,87.57,1274.97,104.34,806.72,0.8914,True,True,169.74,True,True,True,True,True,5,5,True,21954541568,2026-10-09T02:02:11.453834+00:00
BBUC,Industrials,26.24,,230.89,230.89,0.8864,True,True,,False,True,True,False,True,3,5,False,5390798336,2026-10-09T02:02:11.453834+00:00
CHTR,Communication Services,109.67,,945.11,945.11,0.884,True,True,,True,True,True,False,True,4,5,False,14252449792,2026-10-09T02:02:11.453834+00:00
RUSHB,Consumer Cyclical,56.13,641.62,130.66,437.24,0.8716,True,True,132.32,True,True,True,True,,4,4,True,6552078336,2026-10-09T02:02:11.453834+00:00
CTVA,Basic Materials,13.75,125.65,34.42,89.16,0.8458,True,True,113.99,False,True,True,,True,3,4,False,9173945344,2026-10-09T02:02:11.453834+00:00
DX,Real Estate,10.7,,69.23,69.23,0.8454,True,True,,True,True,,False,True,3,4,False,2647496192,2026-10-09T02:02:11.453834+00:00
AGNC,Real Estate,8.68,,46.95,46.95,0.8151,True,True,,,True,,False,True,2,3,False,10289979392,2026-10-09T02:02:11.453834+00:00
NLY,Real Estate,18.27,,97.73,97.73,0.8131,True,True,,True,True,False,False,True,3,5,False,13770362880,2026-10-09T02:02:11.453834+00:00
EE,Energy,34.67,274.14,48.95,184.07,0.8116,True,True,139.4,False,True,True,True,True,4,5,False,3931650816,2026-10-09T02:02:11.453834+00:00
BIPC,Utilities,37.13,,189.07,189.07,0.8036,True,True,,True,False,True,False,,2,4,False,4567569408,2026-10-09T02:02:11.453834+00:00
G,Technology,34.67,215.24,101.03,169.56,0.7955,True,True,72.22,True,True,True,True,True,5,5,True,5797760000,2026-10-09T02:02:11.453834+00:00
ADT,Industrials,6.5,,30.92,30.92,0.7898,True,True,,True,True,True,False,True,4,5,False,4748635136,2026-10-09T02:02:11.453834+00:00
CENT,Consumer Defensive,40.55,,190.33,190.33,0.7869,True,True,,False,True,True,True,,3,4,False,2538129920,2026-10-09T02:02:11.453834+00:00
FIS,Technology,34.34,,154.25,154.25,0.7774,True,True,,True,True,True,True,True,5,5,False,17749628928,2026-10-09T02:02:11.453834+00:00
LYFT,Technology,16.13,32.18,128.0,70.51,0.7712,True,True,119.64,True,True,True,True,True,5,5,True,6105853952,2026-10-09T02:02:11.453834+00:00
PII,Consumer Cyclical,52.81,329.99,62.34,222.93,0.7631,True,True,136.44,False,False,True,False,True,2,5,False,3005075200,2026-10-09T02:02:11.453834+00:00
LEN-B,Consumer Cyclical,77.06,,320.79,320.79,0.7598,True,True,,True,True,True,True,,4,4,False,18332592128,2026-10-09T02:02:11.453834+00:00
OMC,Communication Services,76.45,482.25,53.59,310.79,0.754,True,False,159.99,True,False,True,True,True,4,5,False,21788723200,2026-10-09T02:02:11.453834+00:00
MD,Healthcare,26.24,154.76,30.87,105.2,0.7506,True,True,133.48,False,True,True,True,True,4,5,False,2132085888,2026-10-09T02:02:11.453834+00:00
EEFT,Technology,63.66,,245.18,245.18,0.7404,True,True,,True,True,True,False,True,4,5,False,2423860480,2026-10-09T02:02:11.453834+00:00
APTV,Consumer Cyclical,44.21,228.68,79.67,169.08,0.7385,True,True,96.65,True,True,True,True,True,5,5,True,9355743232,2026-10-09T02:02:11.453834+00:00
DLO,Technology,15.0,77.45,25.42,56.64,0.7352,True,True,101.14,True,True,True,True,True,5,5,True,4414036992,2026-10-09T02:02:11.453834+00:00
BBWI,Consumer Cyclical,17.71,71.89,59.1,66.77,0.7348,True,True,19.53,False,True,True,,True,3,4,False,3571138304,2026-10-09T02:02:11.453834+00:00
FISV,,45.94,169.18,,169.18,0.7285,True,True,,True,True,True,,True,4,4,False,24429363200,2026-10-09T02:02:11.453834+00:00
LNC,Financial Services,40.99,,144.92,144.92,0.7172,True,True,,False,True,,True,True,3,4,False,7847426048,2026-10-09T02:02:11.453834+00:00
PURR,Financial Services,11.3,,39.66,39.66,0.7151,True,True,,,True,,,True,2,2,False,3144465664,2026-10-09T02:02:11.453834+00:00
TTD,Communication Services,12.34,59.71,18.44,43.2,0.7144,True,True,105.61,True,True,True,True,True,5,5,True,5834291712,2026-10-09T02:02:11.453834+00:00
HRMY,Healthcare,39.6,195.7,51.43,137.99,0.713,True,True,116.76,True,True,True,True,True,5,5,True,2306161152,2026-10-09T02:02:11.453834+00:00
KMT,Industrials,31.71,,109.64,109.64,0.7108,True,True,,True,True,False,True,True,4,5,False,2422327808,2026-10-09T02:02:11.453834+00:00
EIX,Utilities,54.3,,186.44,186.44,0.7088,True,True,,True,True,False,False,True,3,5,False,20895399936,2026-10-09T02:02:11.453834+00:00
NWS,Communication Services,31.92,151.51,45.89,109.26,0.7079,True,True,107.01,True,True,True,True,,4,4,True,17204652032,2026-10-09T02:02:11.453834+00:00
GDDY,Technology,103.19,451.03,199.99,350.61,0.7057,True,True,77.12,True,True,True,False,True,4,5,False,13068776448,2026-10-09T02:02:11.453834+00:00
LBTYK,Communication Services,8.75,,29.67,29.67,0.7051,True,True,,True,False,False,True,,2,4,False,2984516096,2026-10-09T02:02:11.453834+00:00
REZI,Industrials,17.2,,58.01,58.01,0.7035,True,True,,True,False,False,True,True,3,5,False,2611774976,2026-10-09T02:02:11.453834+00:00
CMCSA,Communication Services,21.21,,70.16,70.16,0.6977,True,True,,True,True,True,True,True,5,5,False,75266580480,2026-10-09T02:02:11.453834+00:00
ADM,Consumer Defensive,82.45,403.43,62.77,267.16,0.6914,True,False,146.14,False,True,True,True,False,3,5,False,39737311232,2026-10-09T02:02:11.453834+00:00
KTB,Consumer Cyclical,66.34,301.65,84.71,214.87,0.6913,True,True,112.3,True,True,True,False,True,4,5,False,3625720832,2026-10-09T02:02:11.453834+00:00
SEB,Industrials,4063.59,,13129.12,13129.12,0.6905,True,True,,False,True,True,True,,3,4,False,3892086272,2026-10-09T02:02:11.453834+00:00
PBI,Industrials,16.98,67.14,35.43,54.46,0.6882,True,True,61.84,False,True,True,,True,3,4,False,2327791616,2026-10-09T02:02:11.453834+00:00
CRC,Energy,53.05,262.43,30.98,169.85,0.6877,True,False,157.77,True,True,True,True,True,5,5,False,4711895552,2026-10-09T02:02:11.453834+00:00
DBD,Technology,63.02,235.15,151.65,201.75,0.6876,True,True,43.18,False,True,True,True,True,4,5,False,2139314048,2026-10-09T02:02:11.453834+00:00
BHF,Financial Services,48.99,,156.41,156.41,0.6868,True,True,,False,True,,True,True,3,4,False,2817491712,2026-10-09T02:02:11.453834+00:00
DLB,Industrials,58.45,256.3,76.97,184.57,0.6833,True,True,107.62,True,True,True,True,True,5,5,True,5474940928,2026-10-09T02:02:11.453834+00:00
GEN,Technology,22.75,81.18,57.17,71.57,0.6821,True,True,34.71,True,True,True,False,True,4,5,False,13617854464,2026-10-09T02:02:11.453834+00:00
BULL,Technology,5.95,29.19,2.94,18.69,0.6817,True,False,163.37,True,True,True,True,True,5,5,False,3211162624,2026-10-09T02:02:11.453834+00:00
SFD,Consumer Defensive,18.88,65.6,49.75,59.26,0.6814,True,True,27.48,False,True,True,True,True,4,5,False,7434328576,2026-10-09T02:02:11.453834+00:00
THC,Healthcare,260.57,1080.95,361.42,793.14,0.6715,True,True,99.77,True,True,True,True,True,5,5,True,20980836352,2026-10-09T02:02:11.453834+00:00
MRP,Real Estate,22.63,,68.75,68.75,0.6708,True,True,,,True,,True,True,3,3,False,3757664256,2026-10-09T02:02:11.453834+00:00
NTCT,Technology,39.3,162.5,54.62,119.35,0.6707,True,True,99.37,False,True,True,True,True,4,5,False,2857397248,2026-10-09T02:02:11.453834+00:00
TRN,Industrials,25.4,,76.79,76.79,0.6692,True,True,,True,True,False,False,,2,4,False,2023604992,2026-10-09T02:02:11.453834+00:00
LULU,Consumer Cyclical,92.68,315.28,225.93,279.54,0.6685,True,True,33.02,True,True,True,True,True,5,5,True,10260604928,2026-10-09T02:02:11.453834+00:00
M,Consumer Cyclical,22.79,83.48,45.85,68.43,0.667,True,True,58.2,False,True,True,True,True,4,5,False,5952216064,2026-10-09T02:02:11.453834+00:00
HG,Financial Services,35.1,,105.37,105.37,0.6669,True,True,,True,True,,True,True,4,4,False,3461364736,2026-10-09T02:02:11.453834+00:00
PRDO,Consumer Defensive,33.43,130.36,55.05,100.24,0.6665,True,True,81.23,True,True,True,True,,4,4,True,2091950976,2026-10-09T02:02:11.453834+00:00
GHC,Industrials,1184.62,3843.45,2985.37,3500.22,0.6616,True,True,25.13,True,True,True,True,,4,4,True,5016780288,2026-10-09T02:02:11.453834+00:00
PSN,Technology,43.02,170.53,55.33,124.45,0.6543,True,True,102.0,True,True,True,True,True,5,5,True,4594767872,2026-10-09T02:02:11.453834+00:00
RUSHA,Consumer Cyclical,45.16,181.59,49.9,128.92,0.6497,True,True,113.78,True,True,True,True,True,5,5,True,5271545344,2026-10-09T02:02:11.453834+00:00
LBTYA,Communication Services,8.93,,25.42,25.42,0.6487,True,True,,True,False,False,True,True,3,5,False,3045912064,2026-10-09T02:02:11.453834+00:00
CVSA,Consumer Defensive,130.29,522.9,141.0,370.14,0.648,True,True,115.05,True,True,True,True,True,5,5,True,4411646464,2026-10-09T02:02:11.453834+00:00
BTDR,Technology,9.72,,27.44,27.44,0.6457,True,True,,True,True,False,True,True,4,5,False,2641723392,2026-10-09T02:02:11.453834+00:00
PINS,Communication Services,20.53,91.21,7.09,57.57,0.6434,True,False,171.14,True,True,True,True,True,5,5,False,11500029952,2026-10-09T02:02:11.453834+00:00
BCO,Industrials,102.36,366.77,167.15,286.92,0.6432,True,True,74.77,True,True,True,False,True,4,5,False,4216170752,2026-10-09T02:02:11.453834+00:00
MMS,Industrials,58.77,,163.67,163.67,0.6409,True,True,,True,True,True,True,,4,4,False,3077065728,2026-10-09T02:02:11.453834+00:00
KD,Technology,11.88,22.48,48.27,32.79,0.6377,True,True,72.91,False,True,True,False,True,3,5,False,2587681024,2026-10-09T02:02:11.453834+00:00
TDC,Technology,30.29,59.92,118.9,83.51,0.6373,True,True,65.97,False,True,True,True,True,4,5,False,2816969984,2026-10-09T02:02:11.453834+00:00
CRUS,Technology,113.2,356.86,241.7,310.79,0.6358,True,True,38.48,True,True,True,True,True,5,5,True,5673307648,2026-10-09T02:02:11.453834+00:00
CAH,Healthcare,238.96,1018.83,111.94,656.07,0.6358,True,False,160.4,True,True,True,,True,4,4,False,55333421056,2026-10-09T02:02:11.453834+00:00
AES,Utilities,14.93,,40.8,40.8,0.634,True,True,,False,True,False,False,True,2,5,False,10647444480,2026-10-09T02:02:11.453834+00:00
LDOS,Technology,119.22,,324.79,324.79,0.6329,True,True,,True,True,True,True,True,5,5,False,14996143104,2026-10-09T02:02:11.453834+00:00
ALL,Financial Services,230.63,,625.12,625.12,0.6311,True,True,,True,True,True,True,True,5,5,False,58316632064,2026-10-09T02:02:11.453834+00:00
TALO,Energy,16.95,,45.91,45.91,0.6308,True,True,,True,False,True,True,True,4,5,False,2830064896,2026-10-09T02:02:11.453834+00:00
INTU,Technology,303.88,1031.59,504.79,820.87,0.6298,True,True,68.58,True,True,True,True,True,5,5,True,81207681024,2026-10-09T02:02:11.453834+00:00
NATL,Technology,45.62,,123.23,123.23,0.6298,True,True,,True,True,True,False,,3,4,False,3371178240,2026-10-09T02:02:11.453834+00:00
GNTX,Consumer Cyclical,21.15,73.53,32.47,57.11,0.6296,True,True,77.48,True,True,True,True,True,5,5,True,4503931392,2026-10-09T02:02:11.453834+00:00
TAP,Consumer Defensive,37.92,,102.31,102.31,0.6294,True,True,,True,False,True,True,True,4,5,False,7070332928,2026-10-09T02:02:11.453834+00:00
MAT,Consumer Cyclical,16.58,60.71,20.5,44.63,0.6285,True,True,99.01,False,True,True,True,True,4,5,False,4736905728,2026-10-09T02:02:11.453834+00:00
TDW,Energy,84.7,333.74,69.19,227.92,0.6284,True,False,131.31,True,True,True,True,True,5,5,False,4214352640,2026-10-09T02:02:11.453834+00:00
ITRI,Technology,84.23,265.31,166.02,225.6,0.6266,True,True,46.04,True,True,True,True,True,5,5,True,3688158208,2026-10-09T02:02:11.453834+00:00
UHS,Healthcare,175.72,549.03,351.43,469.99,0.6261,True,True,43.89,True,True,True,True,True,5,5,True,10356324352,2026-10-09T02:02:11.453834+00:00
MIDD,Industrials,105.4,353.89,168.58,279.77,0.6233,True,True,70.94,False,False,True,True,True,3,5,False,4766435328,2026-10-09T02:02:11.453834+00:00
SFM,Consumer Defensive,66.01,227.76,92.79,173.77,0.6201,True,True,84.21,True,True,True,True,True,5,5,True,6155275776,2026-10-09T02:02:11.453834+00:00
KSS,Consumer Cyclical,20.11,,52.69,52.69,0.6183,True,True,,False,True,True,True,False,3,5,False,2280000512,2026-10-09T02:02:11.453834+00:00
BLKB,Technology,44.84,129.47,93.48,115.08,0.6104,True,True,32.28,True,True,True,False,True,4,5,False,2035291904,2026-10-09T02:02:11.453834+00:00
PTEN,Energy,11.48,40.01,13.5,29.41,0.6096,True,True,99.07,True,False,True,True,True,4,5,False,4358010368,2026-10-09T02:02:11.453834+00:00
UAL,Industrials,107.44,279.59,264.17,273.42,0.6071,True,True,5.67,True,True,True,False,True,4,5,False,34873282560,2026-10-09T02:02:11.453834+00:00
DOX,Technology,60.24,,152.29,152.29,0.6044,True,True,,False,True,True,True,True,4,5,False,6290481664,2026-10-09T02:02:11.453834+00:00
FLOC,Energy,19.15,56.46,34.38,47.63,0.5979,True,True,48.61,True,True,True,True,True,5,5,True,2083438208,2026-10-09T02:02:11.453834+00:00
MKC,Consumer Defensive,45.94,133.27,85.7,114.25,0.5979,True,True,43.45,True,True,True,True,True,5,5,True,12360821760,2026-10-09T02:02:11.453834+00:00
GCT,Technology,56.42,149.91,124.85,139.89,0.5967,True,True,18.24,True,True,True,True,True,5,5,True,2014771456,2026-10-09T02:02:11.453834+00:00
AGCO,Industrials,108.13,327.61,177.74,267.67,0.596,True,True,59.31,False,True,True,True,True,4,5,False,7572530688,2026-10-09T02:02:11.453834+00:00
FG,Financial Services,19.53,,48.27,48.27,0.5954,True,True,,True,True,True,True,,4,4,False,2557164800,2026-10-09T02:02:11.453834+00:00
TNL,Consumer Cyclical,62.61,211.69,69.02,154.62,0.5951,True,True,101.65,True,True,True,,True,4,4,True,3836871424,2026-10-09T02:02:11.453834+00:00
HAYW,Industrials,11.44,34.86,18.25,28.22,0.5946,True,True,62.56,False,True,True,True,True,4,5,False,2426648064,2026-10-09T02:02:11.453834+00:00
KBH,Consumer Cyclical,44.37,149.46,45.69,107.95,0.589,True,True,106.34,False,True,True,True,True,4,5,False,2697696000,2026-10-09T02:02:11.453834+00:00
SOLV,Healthcare,86.41,,210.07,210.07,0.5887,True,True,,True,True,False,True,True,4,5,False,14709032960,2026-10-09T02:02:11.453834+00:00
SLDE,Financial Services,25.3,,60.76,60.76,0.5836,True,True,,True,True,True,True,True,5,5,False,2955336448,2026-10-09T02:02:11.453834+00:00
BEPC,Utilities,29.38,,69.81,69.81,0.5791,True,True,,False,False,False,False,True,1,5,False,5454189056,2026-10-09T02:02:11.453834+00:00
PNR,Industrials,52.3,146.96,90.0,124.18,0.5788,True,True,48.08,True,True,True,True,True,5,5,True,8451969536,2026-10-09T02:02:11.453834+00:00
ROP,Technology,364.23,1001.75,647.07,859.88,0.5764,True,True,43.02,True,True,True,True,True,5,5,True,36022665216,2026-10-09T02:02:11.453834+00:00
AZZ,Industrials,136.38,428.68,161.02,321.61,0.576,True,True,90.78,True,True,True,True,True,5,5,True,4098423808,2026-10-09T02:02:11.453834+00:00
GPOR,Energy,164.64,,387.18,387.18,0.5748,True,True,,False,True,,True,True,3,4,False,2958521600,2026-10-09T02:02:11.453834+00:00
BWA,Consumer Cyclical,61.72,193.95,67.66,143.43,0.5697,True,True,96.55,True,True,True,True,True,5,5,True,12570287104,2026-10-09T02:02:11.453834+00:00
INGM,Technology,27.6,59.98,70.22,64.08,0.5693,True,True,15.73,True,True,True,True,True,5,5,True,6349018624,2026-10-09T02:02:11.453834+00:00
AU,Basic Materials,90.78,252.92,146.66,210.41,0.5686,True,True,53.18,True,True,True,True,True,5,5,True,45913731072,2026-10-09T02:02:11.453834+00:00
ABG,Consumer Cyclical,168.96,,390.27,390.27,0.5671,True,True,,True,True,True,True,True,5,5,False,3033155840,2026-10-09T02:02:11.453834+00:00
CHWY,Consumer Cyclical,18.91,62.54,14.89,43.48,0.5651,True,False,123.09,True,True,True,False,True,4,5,False,7600444416,2026-10-09T02:02:11.453834+00:00
TKO,Communication Services,181.63,621.54,110.98,417.32,0.5648,True,False,139.4,True,True,True,True,True,5,5,False,34377060352,2026-10-09T02:02:11.453834+00:00
DECK,Consumer Cyclical,82.56,235.81,119.4,189.25,0.5637,True,True,65.55,True,True,True,True,True,5,5,True,11243173888,2026-10-09T02:02:11.453834+00:00
PCG,Utilities,12.67,,29.0,29.0,0.5631,True,True,,True,True,False,True,True,4,5,False,38039990272,2026-10-09T02:02:11.453834+00:00
NEM,Basic Materials,115.55,331.95,161.74,263.87,0.5621,True,True,68.95,True,True,True,True,True,5,5,True,121754148864,2026-10-09T02:02:11.453834+00:00
CF,Basic Materials,113.58,259.14,259.42,259.25,0.5619,True,True,0.11,False,True,True,True,True,4,5,False,17188984832,2026-10-09T02:02:11.453834+00:00
EPAM,Technology,113.86,260.94,258.16,259.83,0.5618,True,True,1.07,True,True,True,True,True,5,5,True,5873693696,2026-10-09T02:02:11.453834+00:00
FOX,Communication Services,56.97,133.81,121.83,129.01,0.5584,True,True,9.37,True,True,True,True,,4,4,True,24022747136,2026-10-09T02:02:11.453834+00:00
ULS,Industrials,70.65,202.64,95.41,159.75,0.5577,True,True,71.95,True,True,True,True,True,5,5,True,14240435200,2026-10-09T02:02:11.453834+00:00
T,Communication Services,24.87,,55.14,55.14,0.549,True,True,,True,True,True,True,True,5,5,False,170418847744,2026-10-09T02:02:11.453834+00:00
AM,Energy,21.19,71.24,10.41,46.91,0.5483,True,False,148.99,True,True,True,True,True,5,5,False,10058342400,2026-10-09T02:02:11.453834+00:00
MTCH,Communication Services,41.5,119.03,50.11,91.46,0.5463,True,True,81.49,True,True,True,,True,4,4,True,9526366208,2026-10-09T02:02:11.453834+00:00
ARW,Technology,226.75,,499.06,499.06,0.5456,True,True,,False,True,False,True,True,3,5,False,11542804480,2026-10-09T02:02:11.453834+00:00
NGVT,Basic Materials,71.41,233.07,41.67,156.51,0.5437,True,False,139.33,False,False,True,False,True,2,5,False,2454927360,2026-10-09T02:02:11.453834+00:00
STNG,Energy,88.15,,193.12,193.12,0.5435,True,True,,False,True,True,True,True,4,5,False,4414671360,2026-10-09T02:02:11.453834+00:00
SMCI,Technology,42.77,,93.44,93.44,0.5423,True,True,,True,True,False,True,False,3,5,False,27666759680,2026-10-09T02:02:11.453834+00:00
PLNT,Consumer Cyclical,44.03,126.87,50.12,96.17,0.5422,True,True,86.74,True,True,True,,True,4,4,True,3339641344,2026-10-09T02:02:11.453834+00:00
CNM,Industrials,40.37,106.48,60.13,87.94,0.541,True,True,55.64,True,True,True,True,True,5,5,True,7445984256,2026-10-09T02:02:11.453834+00:00
MCY,Financial Services,102.29,,222.78,222.78,0.5408,True,True,,True,True,True,True,,4,4,False,5665702912,2026-10-09T02:02:11.453834+00:00
OSCR,Healthcare,33.1,96.58,35.3,72.07,0.5407,True,True,92.94,True,False,True,True,True,4,5,False,10216148992,2026-10-09T02:02:11.453834+00:00
FOXA,Communication Services,63.57,143.65,129.23,137.88,0.539,True,True,10.57,True,True,True,True,True,5,5,True,26805792768,2026-10-09T02:02:11.453834+00:00
CNX,Energy,33.83,63.49,88.07,73.32,0.5386,True,True,32.44,False,True,True,True,True,4,5,False,5004933120,2026-10-09T02:02:11.453834+00:00
EXE,Energy,88.86,,192.14,192.14,0.5375,True,True,,True,True,True,True,True,5,5,False,21257875456,2026-10-09T02:02:11.453834+00:00
RNR,Financial Services,331.34,,715.45,715.45,0.5369,True,True,,True,True,,True,True,4,4,False,13767803904,2026-10-09T02:02:11.453834+00:00
MWH,Utilities,25.69,77.94,21.56,55.39,0.5362,True,False,113.33,True,True,True,True,True,5,5,False,5199314944,2026-10-09T02:02:11.453834+00:00
BC,Consumer Cyclical,62.35,176.86,69.47,133.9,0.5344,True,True,87.19,False,False,True,True,True,3,5,False,4040119552,2026-10-09T02:02:11.453834+00:00
AOS,Industrials,56.56,138.43,93.87,120.61,0.531,True,True,38.37,True,True,True,True,True,5,5,True,7686989312,2026-10-09T02:02:11.453834+00:00
AAL,Industrials,12.8,,27.28,27.28,0.5307,True,True,,True,True,False,,True,3,4,False,8473214976,2026-10-09T02:02:11.453834+00:00
SON,Consumer Cyclical,48.4,,102.19,102.19,0.5264,True,True,,True,True,True,True,True,5,5,False,4785244672,2026-10-09T02:02:11.453834+00:00
COTY,Consumer Defensive,2.79,,5.84,5.84,0.5221,True,True,,True,False,True,True,False,3,5,False,2457115136,2026-10-09T02:02:11.453834+00:00
EXEL,Healthcare,59.02,172.77,48.87,123.21,0.521,True,False,111.8,True,True,True,True,False,4,5,False,14624075776,2026-10-09T02:02:11.453834+00:00
SAIC,Technology,129.71,,270.13,270.13,0.5198,True,True,,False,True,True,True,True,4,5,False,5434542592,2026-10-09T02:02:11.453834+00:00
EQT,Energy,52.94,135.01,72.11,109.85,0.5181,True,True,60.73,False,True,True,True,True,4,5,False,33114818560,2026-10-09T02:02:11.453834+00:00
RRX,Industrials,160.01,449.07,155.87,331.79,0.5177,True,False,96.93,True,True,True,True,True,5,5,False,10655364096,2026-10-09T02:02:11.453834+00:00
APA,Energy,45.47,,94.19,94.19,0.5172,True,True,,False,True,True,True,True,4,5,False,15930483712,2026-10-09T02:02:11.453834+00:00
CHRD,Energy,142.34,,293.61,293.61,0.5152,True,True,,True,True,True,True,True,5,5,False,7785694720,2026-10-09T02:02:11.453834+00:00
PLGO,Financial Services,24.45,,50.28,50.28,0.5138,True,True,,True,True,False,True,True,4,5,False,2022707840,2026-10-09T02:02:11.453834+00:00
FDX,Industrials,291.73,650.68,523.8,599.93,0.5137,True,True,21.61,True,True,True,True,True,5,5,True,69043871744,2026-10-09T02:02:11.453834+00:00
CTSH,Technology,60.01,103.98,152.45,123.37,0.5136,True,True,37.81,True,True,True,True,True,5,5,True,28384729088,2026-10-09T02:02:11.453834+00:00
CZR,Consumer Cyclical,29.52,,60.5,60.5,0.512,True,True,,True,False,True,False,True,3,5,False,6015589376,2026-10-09T02:02:11.453834+00:00
HRB,Consumer Cyclical,44.59,,91.14,91.14,0.5108,True,True,,True,True,True,False,True,4,5,False,5461965824,2026-10-09T02:02:11.453834+00:00
DBX,Technology,34.14,,69.74,69.74,0.5105,True,True,,True,True,True,,False,3,4,False,7423491072,2026-10-09T02:02:11.453834+00:00
TNK,Energy,106.62,,217.5,217.5,0.5098,True,True,,False,True,True,True,False,3,5,False,3693728000,2026-10-09T02:02:11.453834+00:00
GPK,Consumer Cyclical,8.58,,17.39,17.39,0.5067,True,True,,False,True,False,True,True,3,5,False,2538713856,2026-10-09T02:02:11.453834+00:00
SIRI,Communication Services,26.33,55.01,50.64,53.26,0.5057,True,True,8.28,False,True,True,True,True,4,5,False,8874971136,2026-10-09T02:02:11.453834+00:00
PK,Real Estate,15.21,,30.77,30.77,0.5056,True,True,,True,False,True,True,True,4,5,False,3062356224,2026-10-09T02:02:11.453834+00:00
HON,Industrials,206.6,360.4,503.63,417.7,0.5054,True,True,33.15,True,True,True,True,True,5,5,True,65479806976,2026-10-09T02:02:11.453834+00:00
PPC,Consumer Defensive,28.5,,57.5,57.5,0.5043,True,True,,True,True,True,True,True,5,5,False,6786093056,2026-10-09T02:02:11.453834+00:00
KBR,Industrials,35.18,,70.86,70.86,0.5035,True,True,,True,True,True,True,True,5,5,False,4435063808,2026-10-09T02:02:11.453834+00:00
NEU,Basic Materials,903.63,2478.33,821.23,1815.49,0.5023,True,False,100.44,False,True,True,True,,3,4,False,8310148608,2026-10-09T02:02:11.453834+00:00
COKE,Consumer Defensive,191.86,525.25,171.05,383.57,0.4998,True,False,101.74,True,True,True,,,3,3,False,12771025920,2026-10-09T02:02:11.453834+00:00
NWSA,Communication Services,28.97,76.56,28.64,57.39,0.4952,True,False,91.11,True,True,True,True,True,5,5,False,15614621696,2026-10-09T02:02:11.453834+00:00
HHH,Real Estate,71.93,,142.36,142.36,0.4947,True,True,,False,True,True,True,True,4,5,False,4295621120,2026-10-09T02:02:11.453834+00:00
POST,Consumer Defensive,74.23,,146.83,146.83,0.4944,True,True,,True,True,True,False,True,4,5,False,3262913792,2026-10-09T02:02:11.453834+00:00
LEA,Consumer Cyclical,118.53,219.98,255.58,234.22,0.4939,True,True,14.97,True,True,True,True,True,5,5,True,5846464000,2026-10-09T02:02:11.453834+00:00
MHK,Consumer Cyclical,119.44,275.97,175.54,235.8,0.4935,True,True,44.49,False,True,True,True,True,4,5,False,8090643968,2026-10-09T02:02:11.453834+00:00
IP,Consumer Cyclical,31.88,,62.75,62.75,0.492,True,True,,True,False,False,True,True,3,5,False,16882688000,2026-10-09T02:02:11.453834+00:00
CART,Consumer Cyclical,46.3,130.37,32.15,91.08,0.4917,True,False,120.87,True,True,True,True,True,5,5,False,10988536832,2026-10-09T02:02:11.453834+00:00
TTC,Industrials,96.81,253.89,93.33,189.66,0.4896,True,False,92.48,False,True,True,True,True,4,5,False,9164360704,2026-10-09T02:02:11.453834+00:00
SLM,Financial Services,22.67,,44.35,44.35,0.4889,True,True,,True,True,,False,True,3,4,False,4261959936,2026-10-09T02:02:11.453834+00:00
PHM,Consumer Cyclical,113.53,260.65,161.87,221.14,0.4866,True,True,46.76,True,True,True,True,True,5,5,True,21625915392,2026-10-09T02:02:11.453834+00:00
ARE,Real Estate,45.6,,88.79,88.79,0.4864,True,True,,True,False,,True,True,3,4,False,7847544320,2026-10-09T02:02:11.453834+00:00
RNG,Technology,78.35,213.2,60.67,152.19,0.4852,True,False,111.39,True,True,True,,False,3,4,False,6542707712,2026-10-09T02:02:11.453834+00:00
PCTY,Technology,153.02,390.06,156.11,296.48,0.4839,True,True,85.67,True,True,True,True,True,5,5,True,8118776832,2026-10-09T02:02:11.453834+00:00
INGR,Consumer Defensive,95.11,182.51,186.83,184.24,0.4838,True,True,2.34,False,True,True,True,True,4,5,False,5998014976,2026-10-09T02:02:11.453834+00:00
BR,Technology,165.21,339.51,290.51,319.91,0.4836,True,True,15.55,True,True,True,True,True,5,5,True,18652215296,2026-10-09T02:02:11.453834+00:00
LAUR,Consumer Defensive,39.2,98.3,41.57,75.61,0.4815,True,True,81.12,True,True,True,True,True,5,5,True,5399775232,2026-10-09T02:02:11.453834+00:00
BAH,Industrials,72.87,,140.54,140.54,0.4815,True,True,,True,True,True,False,True,4,5,False,8765166592,2026-10-09T02:02:11.453834+00:00
HOG,Consumer Cyclical,26.75,63.39,33.37,51.38,0.4794,True,True,62.07,False,True,True,True,True,4,5,False,2783939584,2026-10-09T02:02:11.453834+00:00
PBH,Healthcare,47.87,,91.79,91.79,0.4785,True,True,,False,True,True,True,True,4,5,False,2267818240,2026-10-09T02:02:11.453834+00:00
JBS,Consumer Defensive,12.75,17.74,34.25,24.35,0.4763,True,True,63.52,True,True,True,False,True,4,5,False,41939386368,2026-10-09T02:02:11.453834+00:00
DOCU,Technology,71.43,193.42,50.59,136.29,0.4759,True,False,117.06,True,True,True,True,False,4,5,False,13350441984,2026-10-09T02:02:11.453834+00:00
TIGO,Communication Services,87.95,211.54,101.44,167.5,0.4749,True,True,70.35,True,True,True,False,True,4,5,False,14750094336,2026-10-09T02:02:11.453834+00:00
ADBE,Technology,241.05,409.42,531.09,458.09,0.4738,True,True,25.87,True,True,True,True,True,5,5,True,93816659968,2026-10-09T02:02:11.453834+00:00
IDT,Communication Services,80.65,207.06,71.86,152.98,0.4728,True,False,96.95,False,True,True,True,,3,4,False,2003240064,2026-10-09T02:02:11.453834+00:00
OSIS,Technology,193.36,425.33,277.05,366.01,0.4717,True,True,42.22,True,True,True,True,True,5,5,True,3082539008,2026-10-09T02:02:11.453834+00:00
ACI,Consumer Defensive,12.34,,23.33,23.33,0.4712,True,True,,True,True,True,False,True,4,5,False,6043866112,2026-10-09T02:02:11.453834+00:00
PGNY,Healthcare,27.83,76.84,15.88,52.46,0.4695,True,False,131.48,True,True,True,True,True,5,5,False,2135306880,2026-10-09T02:02:11.453834+00:00
BSX,Healthcare,42.04,109.18,34.06,79.13,0.4687,True,False,104.9,True,True,True,True,True,5,5,False,60925612032,2026-10-09T02:02:11.453834+00:00
CALM,Consumer Defensive,64.83,177.21,37.91,121.49,0.4664,True,False,129.51,False,True,True,,True,3,4,False,3028249088,2026-10-09T02:02:11.453834+00:00
CNC,Healthcare,64.54,166.25,52.79,120.86,0.466,True,False,103.6,True,False,True,True,True,4,5,False,31882438656,2026-10-09T02:02:11.453834+00:00
BILL,Technology,44.98,129.29,16.43,84.14,0.4654,True,False,154.9,True,False,True,True,True,4,5,False,4479860736,2026-10-09T02:02:11.453834+00:00
GLPI,Real Estate,38.26,,71.57,71.57,0.4654,True,True,,True,True,True,True,True,5,5,False,11458887680,2026-10-09T02:02:11.453834+00:00
NMRK,Real Estate,12.52,,23.4,23.4,0.4649,True,True,,True,True,True,True,True,5,5,False,3064093952,2026-10-09T02:02:11.453834+00:00
GPI,Consumer Cyclical,236.61,,441.82,441.82,0.4645,True,True,,True,True,,True,True,4,4,False,2820917760,2026-10-09T02:02:11.453834+00:00
TDS,Communication Services,34.13,,63.57,63.57,0.4631,True,True,,False,False,True,True,,2,4,False,3928909312,2026-10-09T02:02:11.453834+00:00
RAMP,Technology,37.57,74.37,63.14,69.88,0.4624,True,True,16.33,True,True,True,True,True,5,5,True,2284067584,2026-10-09T02:02:11.453834+00:00
HCA,Healthcare,445.01,1118.54,386.41,825.69,0.461,True,False,97.3,True,True,True,,True,4,4,False,98720931840,2026-10-09T02:02:11.453834+00:00
JKHY,Technology,149.05,320.8,207.76,275.59,0.4592,True,True,42.77,True,True,True,True,True,5,5,True,10450193408,2026-10-09T02:02:11.453834+00:00
OSK,Industrials,127.35,242.43,224.09,235.09,0.4583,True,True,7.86,True,True,True,True,True,5,5,True,7940439040,2026-10-09T02:02:11.453834+00:00
HCI,Financial Services,192.35,,354.83,354.83,0.4579,True,True,,True,True,True,True,True,5,5,False,2392616192,2026-10-09T02:02:11.453834+00:00
IT,Technology,195.41,354.12,363.57,357.9,0.454,True,True,2.63,True,True,True,,False,3,4,False,12339941376,2026-10-09T02:02:11.453834+00:00
TPC,Industrials,84.24,205.83,76.02,153.9,0.4526,True,False,92.11,True,True,True,True,True,5,5,False,4428422144,2026-10-09T02:02:11.453834+00:00
BYD,Consumer Cyclical,70.0,33.0,270.11,127.84,0.4525,True,False,156.45,True,True,True,True,True,5,5,False,5085879296,2026-10-09T02:02:11.453834+00:00
BFAM,Consumer Cyclical,68.89,168.22,61.31,125.46,0.4509,True,False,93.15,True,True,True,False,True,4,5,False,3350486016,2026-10-09T02:02:11.453834+00:00
DV,Communication Services,13.5,35.15,8.73,24.58,0.4508,True,False,120.42,True,True,True,True,False,4,5,False,2108462848,2026-10-09T02:02:11.453834+00:00
DHI,Consumer Cyclical,135.82,302.14,163.47,246.67,0.4494,True,True,59.56,True,True,True,True,True,5,5,True,37989031936,2026-10-09T02:02:11.453834+00:00
NOG,Energy,25.14,36.87,58.81,45.64,0.4492,True,True,45.87,True,True,True,True,True,5,5,True,2678644992,2026-10-09T02:02:11.453834+00:00
CRM,Technology,227.8,481.86,307.17,411.99,0.4471,True,True,44.28,True,True,True,True,True,5,5,True,187479408640,2026-10-09T02:02:11.453834+00:00
PFGC,Consumer Defensive,94.72,247.4,56.42,171.01,0.4461,True,False,125.72,True,True,True,True,True,5,5,False,14877903872,2026-10-09T02:02:11.453834+00:00
SSNC,Technology,80.65,162.63,119.87,145.53,0.4458,True,True,30.27,True,True,True,True,True,5,5,True,18924924928,2026-10-09T02:02:11.453834+00:00
NSIT,Technology,161.37,303.8,271.62,290.92,0.4453,True,True,11.18,False,True,True,True,True,4,5,False,4736023552,2026-10-09T02:02:11.453834+00:00
SNA,Industrials,358.88,776.63,450.72,646.26,0.4447,True,True,53.11,True,True,True,True,True,5,5,True,18563829760,2026-10-09T02:02:11.453834+00:00
LUMN,Communication Services,5.62,,10.09,10.09,0.4432,True,True,,False,False,True,,True,2,4,False,5790347776,2026-10-09T02:02:11.453834+00:00
NCLH,Consumer Cyclical,15.49,,27.66,27.66,0.44,True,True,,True,True,False,False,True,3,5,False,7112819712,2026-10-09T02:02:11.453834+00:00
LRN,Consumer Defensive,81.36,,145.12,145.12,0.4394,True,True,,True,True,True,True,,4,4,False,3381308928,2026-10-09T02:02:11.453834+00:00
AXS,Financial Services,97.5,,173.73,173.73,0.4388,True,True,,True,True,,True,True,4,4,False,7188015104,2026-10-09T02:02:11.453834+00:00
HPQ,Technology,32.44,38.77,85.75,57.56,0.4365,True,True,75.46,False,True,True,,False,2,4,False,29254098944,2026-10-09T02:02:11.453834+00:00
ENS,Industrials,179.31,371.35,233.12,316.06,0.4327,True,True,45.73,True,True,True,True,True,5,5,True,6466855424,2026-10-09T02:02:11.453834+00:00
ACN,Technology,208.36,319.81,432.24,364.78,0.4288,True,True,29.9,True,True,True,True,True,5,5,True,127504252928,2026-10-09T02:02:11.453834+00:00
CSTM,Basic Materials,25.6,22.8,77.71,44.77,0.4281,True,False,109.26,False,True,True,True,True,4,5,False,3469509888,2026-10-09T02:02:11.453834+00:00
PVH,Consumer Cyclical,81.14,139.06,145.58,141.67,0.4272,True,True,4.58,False,True,True,True,True,4,5,False,3743623680,2026-10-09T02:02:11.453834+00:00
ALRM,Technology,55.26,115.1,67.93,96.23,0.4257,True,True,51.54,True,True,True,True,True,5,5,True,2712726016,2026-10-09T02:02:11.453834+00:00
NVST,Healthcare,22.72,59.14,10.17,39.55,0.4256,True,False,141.31,True,True,True,True,True,5,5,False,3649234432,2026-10-09T02:02:11.453834+00:00
BF-A,Consumer Defensive,27.07,,46.88,46.88,0.4226,True,True,,False,True,True,True,,3,4,False,12421454848,2026-10-09T02:02:11.453834+00:00
CROX,Consumer Cyclical,116.84,210.31,189.55,202.01,0.4216,True,True,10.38,True,False,True,True,True,4,5,False,5601902592,2026-10-09T02:02:11.453834+00:00
SPNT,Financial Services,25.03,,43.15,43.15,0.42,True,True,,True,True,,True,True,4,4,False,2907610368,2026-10-09T02:02:11.453834+00:00
PTON,Consumer Cyclical,4.92,11.55,3.86,8.48,0.4195,True,False,99.76,False,True,True,,True,3,4,False,2159249408,2026-10-09T02:02:11.453834+00:00
DVA,Healthcare,177.02,,304.43,304.43,0.4185,True,True,,True,True,True,False,True,4,5,False,11362028544,2026-10-09T02:02:11.453834+00:00
NTNX,Technology,73.11,137.56,107.6,125.57,0.4178,True,True,24.44,True,True,True,False,True,4,5,False,19781386240,2026-10-09T02:02:11.453834+00:00
MBGL,Technology,18.08,35.63,24.17,31.04,0.4176,True,True,38.33,True,True,True,True,True,5,5,True,5334994944,2026-10-09T02:02:11.453834+00:00
GMED,Healthcare,73.33,165.02,67.13,125.86,0.4174,True,False,84.33,True,True,True,True,True,5,5,False,9845427200,2026-10-09T02:02:11.453834+00:00
DPZ,Consumer Cyclical,308.65,717.43,248.33,529.79,0.4174,True,False,97.15,True,True,True,,True,4,4,False,10210677760,2026-10-09T02:02:11.453834+00:00
HNI,Consumer Cyclical,46.91,103.7,45.72,80.51,0.4173,True,False,77.61,True,True,True,True,True,5,5,False,3386048256,2026-10-09T02:02:11.453834+00:00
FAF,Financial Services,62.81,,107.73,107.73,0.417,True,True,,False,True,True,True,True,4,5,False,6412901376,2026-10-09T02:02:11.453834+00:00
AN,Consumer Cyclical,157.07,,268.06,268.06,0.4141,True,True,,True,True,False,False,True,3,5,False,5192861184,2026-10-09T02:02:11.453834+00:00
PAYO,Technology,7.16,15.23,7.56,12.16,0.4113,True,True,67.24,True,True,True,True,True,5,5,True,2426171904,2026-10-09T02:02:11.453834+00:00
SPSC,Technology,83.32,181.44,80.96,141.25,0.4101,True,False,76.58,True,True,True,True,False,4,5,False,2999534592,2026-10-09T02:02:11.453834+00:00
UBER,Technology,70.24,124.2,110.76,118.82,0.4089,True,True,11.44,True,True,True,True,True,5,5,True,143469412352,2026-10-09T02:02:11.453834+00:00
KEX,Industrials,138.11,272.41,175.37,233.59,0.4088,True,True,43.35,True,True,True,True,True,5,5,True,7292208128,2026-10-09T02:02:11.453834+00:00
DUOL,Technology,151.22,289.03,205.41,255.58,0.4083,True,True,33.83,True,True,True,True,False,4,5,False,7075019264,2026-10-09T02:02:11.453834+00:00
CENTA,Consumer Defensive,35.02,,59.16,59.16,0.408,True,True,,False,True,True,True,True,4,5,False,2191992832,2026-10-09T02:02:11.453834+00:00
AMTM,Industrials,18.97,,31.96,31.96,0.4065,True,True,,True,True,True,True,True,5,5,False,4638286336,2026-10-09T02:02:11.453834+00:00
STUB,Communication Services,6.14,10.3,,10.3,0.4041,True,True,,True,False,True,True,True,4,5,False,2346032128,2026-10-09T02:02:11.453834+00:00
JLL,Real Estate,303.14,,507.35,507.35,0.4025,True,True,,True,True,True,True,True,5,5,False,13946776576,2026-10-09T02:02:11.453834+00:00
RITM,Real Estate,8.62,,14.37,14.37,0.4003,True,True,,False,True,False,False,True,2,5,False,4813468672,2026-10-09T02:02:11.453834+00:00
BBT,Financial Services,27.48,,45.71,45.71,0.3988,True,True,,True,True,True,,True,4,4,False,2303266048,2026-10-09T02:02:11.453834+00:00
CPAY,Technology,402.08,723.98,584.78,668.3,0.3984,True,True,21.27,True,True,True,False,True,4,5,False,26400411648,2026-10-09T02:02:11.453834+00:00
SIG,Consumer Cyclical,105.89,187.74,156.71,175.33,0.3961,True,True,18.02,False,True,True,True,True,4,5,False,4057412864,2026-10-09T02:02:11.453834+00:00
PARR,Energy,87.65,92.06,224.53,145.05,0.3957,True,True,83.68,True,True,True,True,False,4,5,False,4391232512,2026-10-09T02:02:11.453834+00:00
EXLS,Technology,36.87,69.46,48.17,60.94,0.395,True,True,36.2,True,True,True,True,True,5,5,True,5633106432,2026-10-09T02:02:11.453834+00:00
CAG,Consumer Defensive,13.57,,22.37,22.37,0.3933,True,True,,False,False,True,True,True,3,5,False,6478474240,2026-10-09T02:02:11.453834+00:00
MOS,Basic Materials,19.73,,32.48,32.48,0.3926,True,True,,False,True,False,True,True,3,5,False,6272080896,2026-10-09T02:02:11.453834+00:00
CALY,Consumer Cyclical,13.87,27.95,15.09,22.81,0.3918,True,True,59.78,False,False,True,True,True,3,5,False,2493237504,2026-10-09T02:02:11.453834+00:00
FOUR,Technology,39.52,57.04,76.7,64.91,0.3911,True,True,29.4,True,True,True,False,True,4,5,False,3120504064,2026-10-09T02:02:11.453834+00:00
SLB,Energy,48.98,112.35,32.36,80.35,0.3904,True,False,110.55,True,True,True,True,True,5,5,False,72693334016,2026-10-09T02:02:11.453834+00:00
SYF,Financial Services,73.72,,120.7,120.7,0.3892,True,True,,True,True,,,True,3,3,False,23986339840,2026-10-09T02:02:11.453834+00:00
DLTR,Consumer Defensive,118.62,230.43,139.52,194.06,0.3888,True,True,49.15,True,True,True,False,True,4,5,False,22256707584,2026-10-09T02:02:11.453834+00:00
PAYX,Technology,104.46,180.54,156.46,170.91,0.3888,True,True,14.29,True,True,True,True,True,5,5,True,37185720320,2026-10-09T02:02:11.453834+00:00
ALLE,Industrials,149.99,292.73,174.28,245.35,0.3887,True,True,50.73,True,True,True,True,True,5,5,True,12754667520,2026-10-09T02:02:11.453834+00:00
LKQ,Consumer Cyclical,22.01,,35.95,35.95,0.3878,True,True,,True,True,True,True,True,5,5,False,5568576000,2026-10-09T02:02:11.453834+00:00
DOCS,Healthcare,29.38,69.06,16.28,47.95,0.3873,True,False,123.71,True,True,True,True,True,5,5,False,5236867072,2026-10-09T02:02:11.453834+00:00
ST,Technology,42.23,83.92,46.34,68.89,0.387,True,True,57.7,False,True,True,True,True,4,5,False,6145978880,2026-10-09T02:02:11.453834+00:00
PLUS,Technology,91.6,,149.39,149.39,0.3868,True,True,,True,True,False,True,,3,4,False,2395484928,2026-10-09T02:02:11.453834+00:00
NWL,Consumer Defensive,5.73,,9.34,9.34,0.3864,True,True,,False,False,True,False,True,2,5,False,2440407040,2026-10-09T02:02:11.453834+00:00
KALU,Basic Materials,149.74,,243.96,243.96,0.3862,True,True,,False,True,False,True,True,3,5,False,2448113152,2026-10-09T02:02:11.453834+00:00
ACGL,Financial Services,96.08,,156.33,156.33,0.3854,True,True,,True,True,True,True,True,5,5,False,32763281408,2026-10-09T02:02:11.453834+00:00
CINF,Financial Services,165.25,,268.55,268.55,0.3847,True,True,,True,True,True,True,True,5,5,False,25362247680,2026-10-09T02:02:11.453834+00:00
CBT,Basic Materials,75.61,139.9,94.68,121.81,0.3793,True,True,38.55,False,True,True,True,True,4,5,False,3903095296,2026-10-09T02:02:11.453834+00:00
RDN,Financial Services,34.17,,54.88,54.88,0.3774,True,True,,True,True,True,True,True,5,5,False,4520735744,2026-10-09T02:02:11.453834+00:00
NOV,Energy,18.99,43.6,10.85,30.5,0.3774,True,False,120.27,True,True,True,True,True,5,5,False,6769519104,2026-10-09T02:02:11.453834+00:00
ACM,Industrials,59.46,107.01,77.89,95.36,0.3765,True,True,31.5,True,True,True,True,True,5,5,True,7652289024,2026-10-09T02:02:11.453834+00:00
GFF,Industrials,92.15,163.51,124.05,147.72,0.3762,True,True,27.44,False,True,True,False,True,3,5,False,4173908224,2026-10-09T02:02:11.453834+00:00
INCY,Healthcare,112.75,216.01,127.75,180.7,0.3761,True,True,51.35,True,True,True,True,True,5,5,True,22854170624,2026-10-09T02:02:11.453834+00:00
APAM,Financial Services,33.65,,53.92,53.92,0.3759,True,True,,True,True,True,True,True,5,5,False,2389030144,2026-10-09T02:02:11.453834+00:00
DAR,Consumer Defensive,62.25,123.25,64.1,99.59,0.3749,True,True,63.14,False,True,True,True,True,4,5,False,9823230976,2026-10-09T02:02:11.453834+00:00
SKYW,Industrials,96.73,74.58,274.73,154.64,0.3745,True,False,114.59,True,True,True,True,True,5,5,False,3836338944,2026-10-09T02:02:11.453834+00:00
CRK,Energy,13.71,,21.91,21.91,0.3744,True,True,,False,True,False,True,True,3,5,False,4025537792,2026-10-09T02:02:11.453834+00:00
ACIW,Technology,51.07,91.26,67.09,81.59,0.3741,True,True,30.52,True,True,True,True,True,5,5,True,5155784192,2026-10-09T02:02:11.453834+00:00
OZK,Financial Services,44.86,,71.66,71.66,0.374,True,True,,True,True,True,,True,4,4,False,4891427328,2026-10-09T02:02:11.453834+00:00
SW,Consumer Cyclical,41.45,81.83,42.6,66.13,0.3732,True,True,63.06,True,True,True,True,True,5,5,True,21741475840,2026-10-09T02:02:11.453834+00:00
BFH,Financial Services,100.73,,159.37,159.37,0.368,True,True,,False,True,True,,True,3,4,False,3869972992,2026-10-09T02:02:11.453834+00:00
DAN,Consumer Cyclical,29.02,38.91,56.24,45.85,0.367,True,True,36.42,False,True,True,True,True,4,5,False,3121875200,2026-10-09T02:02:11.453834+00:00
NMIH,Financial Services,40.61,,63.91,63.91,0.3645,True,True,,True,True,True,True,True,5,5,False,3054596864,2026-10-09T02:02:11.453834+00:00
AVA,Utilities,35.48,,55.79,55.79,0.3641,True,True,,True,True,False,True,True,4,5,False,2971550464,2026-10-09T02:02:11.453834+00:00
CPB,Consumer Defensive,19.37,,30.46,30.46,0.3641,True,True,,True,True,True,True,True,5,5,False,5776806400,2026-10-09T02:02:11.453834+00:00
TTAM,Basic Materials,13.11,22.48,17.8,20.61,0.3638,True,True,23.26,True,True,True,True,True,5,5,True,2417134592,2026-10-09T02:02:11.453834+00:00
EG,Financial Services,373.1,,584.12,584.12,0.3613,True,True,,True,True,,True,True,4,4,False,14305675264,2026-10-09T02:02:11.453834+00:00
BMI,Technology,127.66,243.22,134.07,199.56,0.3603,True,True,57.86,True,True,True,True,True,5,5,True,3700461056,2026-10-09T02:02:11.453834+00:00
GRBK,Consumer Cyclical,63.64,95.59,104.3,99.08,0.3577,True,True,8.72,True,True,True,True,,4,4,True,2737200640,2026-10-09T02:02:11.453834+00:00
GEO,Industrials,30.96,,47.77,47.77,0.3519,True,True,,True,True,False,True,True,4,5,False,4074942208,2026-10-09T02:02:11.453834+00:00
BKV,Energy,23.94,,36.87,36.87,0.3507,True,True,,False,True,False,True,True,3,5,False,2619941632,2026-10-09T02:02:11.453834+00:00
ORI,Financial Services,38.55,,59.25,59.25,0.3494,True,True,,True,True,,True,,3,3,False,9307239424,2026-10-09T02:02:11.453834+00:00
KHC,Consumer Defensive,22.48,,34.54,34.54,0.3491,True,True,,False,False,True,True,True,3,5,False,26657316864,2026-10-09T02:02:11.453834+00:00
TPR,Consumer Cyclical,115.82,221.05,112.4,177.59,0.3478,True,False,65.17,True,True,True,False,True,4,5,False,22982780928,2026-10-09T02:02:11.453834+00:00
ECPG,Financial Services,100.06,,153.11,153.11,0.3465,True,True,,True,True,True,False,True,4,5,False,2122209152,2026-10-09T02:02:11.453834+00:00
HST,Real Estate,22.54,,34.45,34.45,0.3458,True,True,,True,True,True,True,True,5,5,False,15659134976,2026-10-09T02:02:11.453834+00:00
PRVA,Healthcare,20.19,48.08,5.01,30.85,0.3455,True,False,162.24,True,True,True,True,True,5,5,False,2578953728,2026-10-09T02:02:11.453834+00:00
CARG,Communication Services,29.24,48.88,38.31,44.65,0.3451,True,True,24.25,False,True,True,True,True,4,5,False,2604508416,2026-10-09T02:02:11.453834+00:00
QLYS,Technology,193.86,379.94,169.07,295.59,0.3442,True,False,76.82,True,True,True,True,False,4,5,False,6827169280,2026-10-09T02:02:11.453834+00:00
INSW,Energy,121.82,,185.17,185.17,0.3421,True,True,,False,True,True,True,False,3,5,False,6033904640,2026-10-09T02:02:11.453834+00:00
UTHR,Healthcare,532.78,1050.39,447.26,809.14,0.3415,True,False,80.54,True,True,True,,True,4,4,False,22851303424,2026-10-09T02:02:11.453834+00:00
OC,Industrials,117.2,121.51,260.53,177.12,0.3383,True,True,72.78,True,False,True,True,True,4,5,False,9264504832,2026-10-09T02:02:11.453834+00:00
EAT,Consumer Cyclical,190.2,354.09,185.69,286.73,0.3367,True,False,62.39,True,True,True,False,True,4,5,False,7965815296,2026-10-09T02:02:11.453834+00:00
NE,Energy,42.15,89.11,25.09,63.5,0.3362,True,False,112.13,True,True,True,True,True,5,5,False,6728920064,2026-10-09T02:02:11.453834+00:00
AXTA,Basic Materials,32.81,60.09,33.33,49.39,0.3356,True,True,57.27,True,True,True,True,True,5,5,True,7021996544,2026-10-09T02:02:11.453834+00:00
BRK-B,Financial Services,511.05,,768.37,768.37,0.3349,True,True,,True,True,True,True,True,5,5,False,1094009683968,2026-10-09T02:02:11.453834+00:00
ABM,Industrials,49.89,,74.76,74.76,0.3326,True,True,,True,True,True,True,True,5,5,False,2924281856,2026-10-09T02:02:11.453834+00:00
NWN,Utilities,47.8,,70.91,70.91,0.326,True,True,,True,True,False,True,True,4,5,False,2012071040,2026-10-09T02:02:11.453834+00:00
FSLR,Technology,178.85,120.5,482.46,265.29,0.3258,True,False,120.06,True,True,True,True,True,5,5,False,19220973568,2026-10-09T02:02:11.453834+00:00
CWK,Real Estate,11.83,,17.53,17.53,0.3252,True,True,,True,True,True,True,True,5,5,False,2776663296,2026-10-09T02:02:11.453834+00:00
FNF,Financial Services,39.77,,58.81,58.81,0.3238,True,True,,True,True,True,True,True,5,5,False,10666029056,2026-10-09T02:02:11.453834+00:00
NOC,Industrials,484.48,,714.07,714.07,0.3215,True,True,,True,True,True,True,True,5,5,False,68826693632,2026-10-09T02:02:11.453834+00:00
AYI,Industrials,300.43,458.06,417.24,441.73,0.3199,True,True,9.33,True,True,True,True,True,5,5,True,8993536000,2026-10-09T02:02:11.453834+00:00
UHAL,Industrials,57.8,,84.9,84.9,0.3192,True,True,,True,True,False,True,True,4,5,False,11235943424,2026-10-09T02:02:11.453834+00:00
KFY,Industrials,72.93,95.74,123.42,106.81,0.3172,True,True,25.26,True,True,True,True,True,5,5,True,4081079040,2026-10-09T02:02:11.453834+00:00
PFSI,Financial Services,61.34,,89.82,89.82,0.3171,True,True,,True,True,False,False,True,3,5,False,3185071872,2026-10-09T02:02:11.453834+00:00
HII,Industrials,265.02,,387.98,387.98,0.3169,True,True,,True,True,True,True,True,5,5,False,10443006976,2026-10-09T02:02:11.453834+00:00
RELY,Technology,23.52,,34.39,34.39,0.3161,True,True,,True,True,True,True,True,5,5,False,4978808832,2026-10-09T02:02:11.453834+00:00
DHT,Energy,24.93,,36.4,36.4,0.3152,True,True,,True,True,False,True,False,3,5,False,4019602688,2026-10-09T02:02:11.453834+00:00
EFX,Industrials,145.54,244.78,163.97,212.46,0.315,True,True,39.54,True,True,True,True,True,5,5,True,17098750976,2026-10-09T02:02:11.453834+00:00
OVV,Energy,63.37,96.17,86.96,92.49,0.3148,True,True,10.06,,True,True,True,True,4,4,True,17528141824,2026-10-09T02:02:11.453834+00:00
OGN,Healthcare,13.75,,20.06,20.06,0.3144,True,True,,True,True,True,False,False,3,5,False,3610879744,2026-10-09T02:02:11.453834+00:00
AVT,Technology,99.56,,145.1,145.1,0.3139,True,True,,True,True,False,True,True,4,5,False,8187102720,2026-10-09T02:02:11.453834+00:00
MUR,Energy,38.6,,56.21,56.21,0.3133,True,True,,False,True,True,True,True,4,5,False,5534511104,2026-10-09T02:02:11.453834+00:00
OMF,Financial Services,56.42,,82.03,82.03,0.3122,True,True,,True,True,,False,True,3,4,False,6490639872,2026-10-09T02:02:11.453834+00:00
SSRM,Basic Materials,33.62,44.39,55.58,48.87,0.312,True,True,22.39,True,True,True,True,True,5,5,True,6975849472,2026-10-09T02:02:11.453834+00:00
RMD,Healthcare,226.73,438.55,160.84,327.47,0.3076,True,False,92.66,True,True,True,True,True,5,5,False,31887136768,2026-10-09T02:02:11.453834+00:00
PCAR,Industrials,109.66,197.03,99.74,158.11,0.3064,True,False,65.57,False,True,True,True,True,4,5,False,57721184256,2026-10-09T02:02:11.453834+00:00
MMSI,Healthcare,85.25,179.85,37.45,122.89,0.3063,True,False,131.06,True,True,True,True,True,5,5,False,5090313216,2026-10-09T02:02:11.453834+00:00
LVS,Consumer Cyclical,36.1,51.81,52.21,51.97,0.3053,True,True,0.79,True,True,True,False,True,4,5,False,23382011904,2026-10-09T02:02:11.453834+00:00
CSL,Industrials,321.25,492.76,413.88,461.21,0.3035,True,True,17.4,False,True,True,True,True,4,5,False,12758164480,2026-10-09T02:02:11.453834+00:00
MTG,Financial Services,27.87,,39.98,39.98,0.3029,True,True,,True,True,True,True,True,5,5,False,5716829184,2026-10-09T02:02:11.453834+00:00
SLGN,Consumer Cyclical,35.8,,51.3,51.3,0.3021,True,True,,True,True,True,False,True,4,5,False,3783416064,2026-10-09T02:02:11.453834+00:00
AA,Basic Materials,42.83,41.62,90.49,61.17,0.2998,True,False,73.99,True,True,True,True,True,5,5,False,11303241728,2026-10-09T02:02:11.453834+00:00
ESNT,Financial Services,63.59,,90.55,90.55,0.2978,True,True,,True,True,True,True,True,5,5,False,5715246592,2026-10-09T02:02:11.453834+00:00
HIG,Financial Services,129.48,,184.02,184.02,0.2964,True,True,,True,True,True,True,True,5,5,False,35072503808,2026-10-09T02:02:11.453834+00:00
BKNG,Consumer Cyclical,159.97,278.74,150.07,227.27,0.2961,True,False,60.02,True,True,True,,True,4,4,False,123957305344,2026-10-09T02:02:11.453834+00:00
CHD,Consumer Defensive,97.73,192.19,58.47,138.7,0.2954,True,False,106.69,True,True,True,True,True,5,5,False,23181938688,2026-10-09T02:02:11.453834+00:00
GTES,Industrials,26.74,39.41,35.56,37.87,0.2939,True,True,10.27,False,True,True,True,True,4,5,False,6769262080,2026-10-09T02:02:11.453834+00:00
FCN,Industrials,140.5,,198.67,198.67,0.2928,True,True,,True,True,True,True,,4,4,False,3879426304,2026-10-09T02:02:11.453834+00:00
AIG,Financial Services,77.05,,108.66,108.66,0.2909,True,True,,False,True,,True,True,3,4,False,40288919552,2026-10-09T02:02:11.453834+00:00
IBM,Technology,226.61,321.12,315.99,319.07,0.2898,True,True,1.61,True,True,True,True,True,5,5,True,213497069568,2026-10-09T02:02:11.453834+00:00
MKL,Financial Services,1767.82,,2484.64,2484.64,0.2885,True,True,,True,True,True,True,True,5,5,False,21903214592,2026-10-09T02:02:11.453834+00:00
QCOM,Technology,176.01,247.83,245.24,246.79,0.2868,True,True,1.05,True,True,True,True,True,5,5,True,187950415872,2026-10-09T02:02:11.453834+00:00
MAN,Industrials,54.36,,76.22,76.22,0.2868,True,True,,False,False,False,True,True,2,5,False,2528042752,2026-10-09T02:02:11.453834+00:00
BKE,Consumer Cyclical,43.31,55.2,68.98,60.71,0.2866,True,True,22.2,False,True,True,True,,3,4,False,2231003392,2026-10-09T02:02:11.453834+00:00
GAP,Consumer Cyclical,23.36,22.79,47.38,32.62,0.2839,True,False,70.1,False,True,True,True,True,4,5,False,8205670912,2026-10-09T02:02:11.453834+00:00
LII,Industrials,361.54,,503.86,503.86,0.2825,True,True,,True,True,,True,True,4,4,False,12495067136,2026-10-09T02:02:11.453834+00:00
GGG,Industrials,78.37,132.13,74.63,109.13,0.2818,True,False,55.62,True,True,True,True,True,5,5,False,12692321280,2026-10-09T02:02:11.453834+00:00
HAE,Healthcare,119.47,257.7,29.12,166.27,0.2815,True,False,159.38,True,True,True,True,False,4,5,False,5435532800,2026-10-09T02:02:11.453834+00:00
LOPE,Consumer Defensive,160.3,263.03,163.13,223.07,0.2814,True,True,46.88,True,True,True,True,True,5,5,True,4178225408,2026-10-09T02:02:11.453834+00:00
OTTR,Industrials,88.33,,122.74,122.74,0.2804,True,True,,False,True,True,True,,3,4,False,3708586240,2026-10-09T02:02:11.453834+00:00
ALLY,Financial Services,37.83,,52.51,52.51,0.2795,True,True,,False,True,False,,True,2,4,False,11507874816,2026-10-09T02:02:11.453834+00:00
PEB,Real Estate,18.98,,26.32,26.32,0.2789,True,True,,True,False,,True,True,3,4,False,2134335872,2026-10-09T02:02:11.453834+00:00
DRH,Real Estate,12.6,,17.45,17.45,0.278,True,True,,True,True,True,True,True,5,5,False,2587902720,2026-10-09T02:02:11.453834+00:00
ALSN,Consumer Cyclical,109.11,177.85,110.17,150.78,0.2763,True,True,46.99,True,True,True,False,True,4,5,False,9010089984,2026-10-09T02:02:11.453834+00:00
AGX,Industrials,398.66,716.83,294.78,548.01,0.2725,True,False,83.44,True,True,True,True,True,5,5,False,5593136640,2026-10-09T02:02:11.453834+00:00
HOS,Industrials,7.63,,10.49,10.49,0.2724,True,True,,True,True,False,True,,3,4,False,2495010048,2026-10-09T02:02:11.453834+00:00
MTX,Basic Materials,64.7,84.9,94.89,88.9,0.2722,True,True,11.1,False,False,True,True,True,3,5,False,2014030848,2026-10-09T02:02:11.453834+00:00
ORCL,Technology,135.69,,186.12,186.12,0.2709,True,True,,True,True,False,False,True,3,5,False,411344371712,2026-10-09T02:02:11.453834+00:00
DKS,Consumer Cyclical,134.63,,184.51,184.51,0.2703,True,True,,True,True,True,True,True,5,5,False,13264630784,2026-10-09T02:02:11.453834+00:00
PPG,Basic Materials,105.46,162.33,117.65,144.46,0.27,True,True,31.92,True,True,True,True,True,5,5,True,23443757056,2026-10-09T02:02:11.453834+00:00
BLX,Financial Services,54.78,,74.87,74.87,0.2683,True,True,,True,True,True,,True,4,4,False,2039470720,2026-10-09T02:02:11.453834+00:00
CUBI,Financial Services,74.6,,101.8,101.8,0.2672,True,True,,True,True,True,,True,4,4,False,2520271360,2026-10-09T02:02:11.453834+00:00
FTDR,Consumer Cyclical,79.59,134.08,69.95,108.43,0.266,True,False,62.86,True,True,True,False,True,4,5,False,5483218432,2026-10-09T02:02:11.453834+00:00
EOG,Energy,148.51,,202.26,202.26,0.2658,True,True,,False,True,True,True,True,4,5,False,79100665856,2026-10-09T02:02:11.453834+00:00
THO,Consumer Cyclical,66.11,100.24,74.24,89.84,0.2641,True,True,29.8,False,True,True,True,True,4,5,False,3412225280,2026-10-09T02:02:11.453834+00:00
OGS,Utilities,72.36,,97.89,97.89,0.2608,True,True,,False,True,False,True,True,3,5,False,4548279808,2026-10-09T02:02:11.453834+00:00
AR,Energy,36.06,,48.74,48.74,0.2601,True,True,,False,True,True,True,True,4,5,False,11086251008,2026-10-09T02:02:11.453834+00:00
NFG,Energy,78.21,,105.59,105.59,0.2593,True,True,,True,True,True,True,,4,4,False,7433477120,2026-10-09T02:02:11.453834+00:00
PEGA,Technology,35.49,50.74,43.61,47.88,0.2588,True,True,15.11,True,True,True,True,True,5,5,True,5834731520,2026-10-09T02:02:11.453834+00:00
EPR,Real Estate,54.41,,73.3,73.3,0.2577,True,True,,True,True,,True,True,4,4,False,4168291328,2026-10-09T02:02:11.453834+00:00
RPM,Basic Materials,99.43,160.61,92.82,133.5,0.2552,True,False,53.49,True,True,True,True,True,5,5,False,12680674304,2026-10-09T02:02:11.453834+00:00
CBZ,Industrials,54.8,84.15,57.69,73.57,0.2551,True,True,37.31,True,True,True,True,,4,4,True,3010738176,2026-10-09T02:02:11.453834+00:00
ANDE,Consumer Defensive,66.53,,89.31,89.31,0.2551,True,True,,False,True,False,True,True,3,5,False,2265616384,2026-10-09T02:02:11.453834+00:00
PATK,Consumer Cyclical,65.07,88.6,85.21,87.24,0.2541,True,True,3.89,False,True,True,True,True,4,5,False,2089935488,2026-10-09T02:02:11.453834+00:00
BBY,Consumer Cyclical,88.4,119.83,116.48,118.49,0.254,True,True,2.84,False,True,True,True,False,3,5,False,18539929600,2026-10-09T02:02:11.453834+00:00
GTX,Consumer Cyclical,25.75,36.41,31.64,34.5,0.2537,True,True,14.0,False,True,True,,True,3,4,False,4820103680,2026-10-09T02:02:11.453834+00:00
PFS,Financial Services,22.22,,29.65,29.65,0.2506,True,True,,True,True,True,,True,4,4,False,2897990400,2026-10-09T02:02:11.453834+00:00
BIRK,Consumer Cyclical,33.12,49.45,36.28,44.18,0.2503,True,True,30.71,True,True,True,True,True,5,5,True,5468979712,2026-10-09T02:02:11.453834+00:00
TBBK,Financial Services,49.33,,65.73,65.73,0.2495,True,True,,True,True,True,,True,4,4,False,2012013312,2026-10-09T02:02:11.453834+00:00
TXT,Industrials,73.22,76.89,128.32,97.46,0.2488,True,True,50.12,True,True,True,True,True,5,5,True,12732150784,2026-10-09T02:02:11.453834+00:00
COR,Healthcare,321.35,585.62,190.38,427.52,0.2483,True,False,101.87,True,True,True,False,True,4,5,False,61322309632,2026-10-09T02:02:11.453834+00:00
PAYC,Technology,229.9,312.92,295.13,305.8,0.2482,True,True,5.85,True,True,True,True,False,4,5,False,10361965568,2026-10-09T02:02:11.453834+00:00
COLM,Consumer Cyclical,56.76,77.94,71.63,75.42,0.2474,True,True,8.45,False,True,True,True,True,4,5,False,2905725440,2026-10-09T02:02:11.453834+00:00
AUPH,Healthcare,16.22,13.7,32.95,21.4,0.2422,True,False,82.51,True,True,True,True,True,5,5,False,2158089728,2026-10-09T02:02:11.453834+00:00
OLED,Technology,72.9,76.32,125.7,96.08,0.2412,True,True,48.88,True,True,True,True,True,5,5,True,3350982400,2026-10-09T02:02:11.453834+00:00
BLDR,Industrials,53.81,83.24,52.31,70.87,0.2407,True,False,45.63,False,True,True,True,True,4,5,False,5789765632,2026-10-09T02:02:11.453834+00:00
PTC,Technology,193.73,239.24,277.49,254.54,0.2389,True,True,14.81,True,True,True,True,True,5,5,True,21045319680,2026-10-09T02:02:11.453834+00:00
AGO,Financial Services,70.72,,92.78,92.78,0.2378,True,True,,True,True,,True,True,4,4,False,3110209536,2026-10-09T02:02:11.453834+00:00
GPN,Industrials,82.77,,108.37,108.37,0.2362,True,True,,False,True,True,True,True,4,5,False,21902462976,2026-10-09T02:02:11.453834+00:00
AEO,Consumer Cyclical,17.97,18.96,30.35,23.52,0.2359,True,True,46.19,True,True,True,True,True,5,5,True,3011292672,2026-10-09T02:02:11.453834+00:00
MO,Consumer Defensive,71.42,,93.24,93.24,0.234,True,True,,False,True,True,,False,2,4,False,119253106688,2026-10-09T02:02:11.453834+00:00
ENSG,Healthcare,171.49,263.55,164.04,223.75,0.2336,True,False,46.54,True,True,True,True,True,5,5,False,9994854400,2026-10-09T02:02:11.453834+00:00
PHIN,Consumer Cyclical,58.46,65.05,92.93,76.2,0.2328,True,True,35.29,True,True,True,True,True,5,5,True,2141862528,2026-10-09T02:02:11.453834+00:00
STZ,Consumer Defensive,123.63,138.06,194.53,160.65,0.2304,True,True,33.96,False,True,True,True,True,4,5,False,21113337856,2026-10-09T02:02:11.453834+00:00
TRV,Financial Services,370.27,,480.49,480.49,0.2294,True,True,,True,True,,True,False,3,4,False,77229072384,2026-10-09T02:02:11.453834+00:00
EXPE,Consumer Cyclical,270.13,394.55,284.37,350.48,0.2292,True,True,32.46,True,True,True,False,True,4,5,False,32420825088,2026-10-09T02:02:11.453834+00:00
BKR,Energy,56.3,92.35,43.73,72.9,0.2277,True,False,71.46,True,True,True,True,True,5,5,False,55887548416,2026-10-09T02:02:11.453834+00:00
REYN,Consumer Cyclical,21.98,,28.45,28.45,0.2275,True,True,,False,True,True,True,True,4,5,False,4632666624,2026-10-09T02:02:11.453834+00:00
PBF,Energy,89.34,,115.62,115.62,0.2273,True,True,,False,False,False,True,False,1,5,False,10590081024,2026-10-09T02:02:11.453834+00:00
APPF,Technology,197.45,326.32,149.05,255.41,0.2269,True,False,74.59,True,True,True,True,True,5,5,False,6993084928,2026-10-09T02:02:11.453834+00:00
HAL,Energy,32.57,50.06,30.15,42.1,0.2263,True,False,49.63,True,True,True,True,True,5,5,False,27208904704,2026-10-09T02:02:11.453834+00:00
CCK,Consumer Cyclical,108.88,,140.66,140.66,0.2259,True,True,,False,True,True,True,True,4,5,False,11841844224,2026-10-09T02:02:11.453834+00:00
NYT,Communication Services,66.6,112.63,45.82,85.91,0.2248,True,False,84.33,True,True,True,,True,4,4,False,10741486592,2026-10-09T02:02:11.453834+00:00
GIS,Consumer Defensive,32.59,,41.94,41.94,0.223,True,True,,False,False,True,True,True,3,5,False,17425453056,2026-10-09T02:02:11.453834+00:00
BF-B,Consumer Defensive,26.54,,34.14,34.14,0.2226,True,True,,False,True,True,True,True,4,5,False,12178257920,2026-10-09T02:02:11.453834+00:00
OHI,Real Estate,44.14,,56.75,56.75,0.2222,True,True,,True,True,True,True,True,5,5,False,13921547264,2026-10-09T02:02:11.453834+00:00
CPRT,Industrials,27.48,34.38,36.74,35.32,0.222,True,True,6.64,True,True,True,True,True,5,5,True,25455560704,2026-10-09T02:02:11.453834+00:00
JBTM,Industrials,105.36,147.42,116.98,135.24,0.221,True,True,23.03,True,False,True,True,True,4,5,False,5465741312,2026-10-09T02:02:11.453834+00:00
KRG,Real Estate,24.08,,30.9,30.9,0.2208,True,True,,True,True,True,True,True,5,5,False,5006620672,2026-10-09T02:02:11.453834+00:00
TROW,Financial Services,104.23,,133.71,133.71,0.2205,True,True,,True,True,True,True,True,5,5,False,22233913344,2026-10-09T02:02:11.453834+00:00
MAS,Industrials,69.5,80.2,102.26,89.03,0.2193,True,True,24.17,False,True,True,,True,3,4,False,13704525824,2026-10-09T02:02:11.453834+00:00
MSA,Industrials,178.1,251.2,192.65,227.78,0.2181,True,True,26.38,True,True,True,True,True,5,5,True,6870793216,2026-10-09T02:02:11.453834+00:00
EXC,Utilities,41.73,,53.29,53.29,0.2169,True,True,,True,True,False,True,True,4,5,False,42992496640,2026-10-09T02:02:11.453834+00:00
HIW,Real Estate,29.18,,37.17,37.17,0.2149,True,True,,False,True,,True,True,3,4,False,3277402880,2026-10-09T02:02:11.453834+00:00
FIVN,Technology,35.15,55.93,27.59,44.59,0.2117,True,False,67.85,True,True,True,True,True,5,5,False,2626532096,2026-10-09T02:02:11.453834+00:00
ES,Utilities,65.69,,83.32,83.32,0.2116,True,True,,True,True,False,True,True,4,5,False,24743766016,2026-10-09T02:02:11.453834+00:00
APLE,Real Estate,16.22,,20.55,20.55,0.2105,True,True,,True,True,True,True,True,5,5,False,3829261312,2026-10-09T02:02:11.453834+00:00
LAD,Consumer Cyclical,288.87,,365.23,365.23,0.2091,True,True,,True,True,True,False,True,4,5,False,6350262784,2026-10-09T02:02:11.453834+00:00
BSY,Technology,34.82,54.92,27.64,44.01,0.2088,True,False,66.07,True,True,True,True,True,5,5,False,10518874112,2026-10-09T02:02:11.453834+00:00
CACI,Technology,599.4,,755.85,755.85,0.207,True,True,,True,True,True,True,True,5,5,False,13246498816,2026-10-09T02:02:11.453834+00:00
MGRC,Industrials,112.73,,142.02,142.02,0.2062,True,True,,True,True,True,True,True,5,5,False,2753505280,2026-10-09T02:02:11.453834+00:00
MZTI,Consumer Defensive,102.19,,128.56,128.56,0.2051,True,True,,True,True,True,True,True,5,5,False,2788867328,2026-10-09T02:02:11.453834+00:00
ACT,Financial Services,46.64,,58.56,58.56,0.2036,True,True,,True,True,,True,True,4,4,False,6412237824,2026-10-09T02:02:11.453834+00:00
LINE,Real Estate,34.44,,43.21,43.21,0.203,True,True,,True,False,True,True,True,4,5,False,8566592000,2026-10-09T02:02:11.453834+00:00
POR,Utilities,45.35,,56.87,56.87,0.2026,True,True,,True,True,False,True,True,4,5,False,5333511168,2026-10-09T02:02:11.453834+00:00
NJR,Utilities,51.01,,63.95,63.95,0.2023,True,True,,False,True,False,True,True,3,5,False,5148009472,2026-10-09T02:02:11.453834+00:00
SPG,Real Estate,199.61,,250.15,250.15,0.202,True,True,,True,True,True,False,True,4,5,False,75776647168,2026-10-09T02:02:11.453834+00:00
TOL,Consumer Cyclical,134.83,148.94,198.44,168.74,0.201,True,True,28.5,True,True,True,True,True,5,5,True,12424179712,2026-10-09T02:02:11.453834+00:00
TYL,Technology,331.15,541.74,223.13,414.29,0.2007,True,False,83.31,True,True,True,True,True,5,5,False,13561345024,2026-10-09T02:02:11.453834+00:00
CHDN,Consumer Cyclical,76.16,,95.17,95.17,0.1997,False,True,,True,True,True,False,True,4,5,False,5308370432,2026-10-09T02:02:11.453834+00:00
CRGY,Energy,13.01,,16.25,16.25,0.1992,False,True,,True,True,False,True,True,4,5,False,4298552320,2026-10-09T02:02:11.453834+00:00
MBIN,Financial Services,49.8,,61.53,61.53,0.1906,False,True,,True,True,False,,,2,3,False,2287583232,2026-10-09T02:02:11.453834+00:00
OXY,Energy,60.28,,74.36,74.36,0.1893,False,True,,False,True,True,True,True,4,5,False,60258140160,2026-10-09T02:02:11.453834+00:00
ASB,Financial Services,28.76,,35.46,35.46,0.1889,False,True,,True,True,True,,True,4,4,False,5427529728,2026-10-09T02:02:11.453834+00:00
KVYO,Technology,17.57,35.36,1.1,21.66,0.1888,False,False,187.9,True,False,True,True,True,4,5,False,5002660864,2026-10-09T02:02:11.453834+00:00
EHC,Healthcare,122.54,193.46,87.38,151.03,0.1886,False,False,75.55,True,True,True,True,True,5,5,False,12088985600,2026-10-09T02:02:11.453834+00:00
OFG,Financial Services,50.92,,62.64,62.64,0.1871,False,True,,True,True,True,,True,4,4,False,2152158976,2026-10-09T02:02:11.453834+00:00
CNA,Financial Services,46.69,,57.38,57.38,0.1862,False,True,,True,True,True,True,,4,4,False,12634356736,2026-10-09T02:02:11.453834+00:00
GEF,Consumer Cyclical,81.88,83.28,126.6,100.61,0.1862,False,True,41.28,False,True,True,True,True,4,5,False,4654727168,2026-10-09T02:02:11.453834+00:00
ASO,Consumer Cyclical,52.76,40.77,100.5,64.66,0.1841,False,False,84.57,False,True,True,True,True,4,5,False,3248902144,2026-10-09T02:02:11.453834+00:00
LGN,Industrials,51.55,82.96,33.46,63.16,0.1838,False,False,85.04,True,False,True,True,True,4,5,False,8468888576,2026-10-09T02:02:11.453834+00:00
CI,Healthcare,281.03,,343.68,343.68,0.1823,False,True,,True,True,True,True,True,5,5,False,74259505152,2026-10-09T02:02:11.453834+00:00
TMUS,Communication Services,171.31,,209.29,209.29,0.1815,False,True,,True,True,True,False,True,4,5,False,183759372288,2026-10-09T02:02:11.453834+00:00
LUV,Industrials,41.36,,50.49,50.49,0.1808,False,True,,True,True,False,True,True,4,5,False,20233650176,2026-10-09T02:02:11.453834+00:00
FRSH,Technology,13.64,17.78,14.85,16.61,0.1787,False,True,17.95,True,True,True,True,True,5,5,True,3558959360,2026-10-09T02:02:11.453834+00:00
FELE,Industrials,96.87,131.2,97.98,117.91,0.1785,False,True,28.99,True,True,True,True,True,5,5,True,4282764544,2026-10-09T02:02:11.453834+00:00
BDC,Technology,107.94,90.02,193.16,131.28,0.1778,False,False,72.84,True,True,True,True,True,5,5,False,4218100224,2026-10-09T02:02:11.453834+00:00
ED,Utilities,105.99,,128.81,128.81,0.1772,False,True,,True,True,True,True,True,5,5,False,39198138368,2026-10-09T02:02:11.453834+00:00
NTB,Financial Services,57.85,,70.3,70.3,0.1771,False,True,,True,True,True,,True,4,4,False,2275048960,2026-10-09T02:02:11.453834+00:00
USFD,Consumer Defensive,97.12,152.9,65.27,117.85,0.1759,False,False,80.33,True,True,True,True,True,5,5,False,21010040832,2026-10-09T02:02:11.453834+00:00
AAP,Consumer Cyclical,42.4,,51.34,51.34,0.1741,False,True,,False,True,False,False,True,2,5,False,2560960000,2026-10-09T02:02:11.453834+00:00
DUK,Utilities,116.84,,141.01,141.01,0.1714,False,True,,True,True,False,True,True,4,5,False,91100405760,2026-10-09T02:02:11.453834+00:00
PYPL,Financial Services,55.02,,66.35,66.35,0.1708,False,True,,True,True,True,True,True,5,5,False,47427239936,2026-10-09T02:02:11.453834+00:00
IDCC,Technology,328.3,457.89,302.37,395.68,0.1703,False,False,40.91,True,True,True,True,True,5,5,False,8472112128,2026-10-09T02:02:11.453834+00:00
INDV,Healthcare,35.45,,42.67,42.67,0.1691,False,True,,True,True,False,,True,3,4,False,4184232192,2026-10-09T02:02:11.453834+00:00
LMT,Industrials,507.89,,610.13,610.13,0.1676,False,True,,True,True,True,False,True,4,5,False,117216321536,2026-10-09T02:02:11.453834+00:00
GATX,Industrials,162.78,,195.55,195.55,0.1676,False,True,,True,True,False,False,True,3,5,False,5746956800,2026-10-09T02:02:11.453834+00:00
FNB,Financial Services,17.28,,20.76,20.76,0.1675,False,True,,True,True,True,,True,4,4,False,6099856896,2026-10-09T02:02:11.453834+00:00
RGA,Financial Services,255.93,,307.39,307.39,0.1674,False,True,,True,True,True,True,True,5,5,False,16712654848,2026-10-09T02:02:11.453834+00:00
SIGI,Financial Services,85.13,,102.19,102.19,0.1669,False,True,,True,True,True,True,True,5,5,False,5073747968,2026-10-09T02:02:11.453834+00:00
IBOC,Financial Services,68.4,,81.91,81.91,0.1649,False,True,,True,True,True,,,3,3,False,4253899520,2026-10-09T02:02:11.453834+00:00
DAL,Industrials,82.14,67.07,145.29,98.35,0.1649,False,False,73.67,True,True,True,True,True,5,5,False,54017155072,2026-10-09T02:02:11.453834+00:00
SNX,Technology,267.46,186.28,516.33,318.3,0.1597,False,False,93.95,True,True,True,True,True,5,5,False,21337292800,2026-10-09T02:02:11.453834+00:00
KAI,Industrials,260.55,352.74,246.0,310.04,0.1596,False,False,35.65,True,True,True,True,True,5,5,False,3076865280,2026-10-09T02:02:11.453834+00:00
ANF,Consumer Cyclical,141.41,138.81,211.51,167.89,0.1577,False,False,41.5,True,True,True,True,True,5,5,False,6000645120,2026-10-09T02:02:11.453834+00:00
SM,Energy,37.08,18.96,81.53,43.99,0.157,False,False,124.53,False,True,True,True,True,4,5,False,8819629056,2026-10-09T02:02:11.453834+00:00
USLM,Basic Materials,109.05,157.61,86.74,129.26,0.1564,False,False,58.01,True,True,True,True,,4,4,False,3128466176,2026-10-09T02:02:11.453834+00:00
AX,Financial Services,88.46,,104.77,104.77,0.1556,False,True,,True,True,True,,True,4,4,False,5029659136,2026-10-09T02:02:11.453834+00:00
BRX,Real Estate,27.08,,31.96,31.96,0.1526,False,True,,True,True,,True,True,4,4,False,8310102528,2026-10-09T02:02:11.453834+00:00
DOV,Industrials,188.96,237.74,200.82,222.97,0.1525,False,True,16.84,True,True,True,True,True,5,5,True,25449175040,2026-10-09T02:02:11.453834+00:00
ESTC,Technology,95.26,101.48,128.75,112.39,0.1524,False,True,23.69,True,True,True,True,True,5,5,True,10001469440,2026-10-09T02:02:11.453834+00:00
EPRT,Real Estate,25.05,,29.46,29.46,0.1496,False,True,,True,True,,True,True,4,4,False,5431309312,2026-10-09T02:02:11.453834+00:00
LIVN,Healthcare,75.91,113.55,52.7,89.21,0.1491,False,False,73.2,True,False,True,True,True,4,5,False,4182148352,2026-10-09T02:02:11.453834+00:00
CDW,Technology,139.88,102.24,257.0,164.14,0.1478,False,False,86.16,False,True,True,False,True,3,5,False,17487437824,2026-10-09T02:02:11.453834+00:00
BPOP,Financial Services,155.79,,182.72,182.72,0.1474,False,True,,True,True,True,,True,4,4,False,9936052224,2026-10-09T02:02:11.453834+00:00
TDY,Technology,604.82,758.19,636.0,709.32,0.1473,False,True,17.53,True,True,True,True,True,5,5,True,28020789248,2026-10-09T02:02:11.453834+00:00
SSB,Financial Services,100.57,,117.62,117.62,0.1449,False,True,,True,True,True,,True,4,4,False,9752728576,2026-10-09T02:02:11.453834+00:00
CNK,Communication Services,36.77,46.69,37.35,42.96,0.144,False,True,22.24,True,True,True,False,True,4,5,False,4262078976,2026-10-09T02:02:11.453834+00:00
HEI,Industrials,295.91,416.2,239.39,345.48,0.1435,False,False,53.94,True,True,True,True,True,5,5,False,41355616256,2026-10-09T02:02:11.453834+00:00
OII,Energy,44.58,58.52,42.24,52.01,0.1428,False,False,32.31,True,True,True,True,True,5,5,False,4437031936,2026-10-09T02:02:11.453834+00:00
J,Industrials,138.59,210.03,88.46,161.4,0.1413,False,False,81.45,True,True,True,True,True,5,5,False,16364828672,2026-10-09T02:02:11.453834+00:00
SNDR,Industrials,31.73,27.45,51.14,36.93,0.1407,False,False,60.3,False,True,True,True,True,4,5,False,5562297344,2026-10-09T02:02:11.453834+00:00
TFC,Financial Services,46.18,,53.74,53.74,0.1407,False,True,,True,True,True,,True,4,4,False,56414699520,2026-10-09T02:02:11.453834+00:00
THG,Financial Services,221.93,,258.09,258.09,0.1401,False,True,,True,True,True,True,True,5,5,False,7727651328,2026-10-09T02:02:11.453834+00:00
NHI,Real Estate,64.58,,75.04,75.04,0.1394,False,True,,True,True,True,True,True,5,5,False,3171551744,2026-10-09T02:02:11.453834+00:00
FE,Utilities,44.85,,52.1,52.1,0.1392,False,True,,True,True,False,False,True,3,5,False,25942636544,2026-10-09T02:02:11.453834+00:00
STE,Healthcare,210.76,324.61,124.78,244.68,0.1386,False,False,88.93,True,True,True,True,True,5,5,False,20549122048,2026-10-09T02:02:11.453834+00:00
TEX,Industrials,52.35,65.09,54.18,60.73,0.138,False,True,18.29,True,True,True,True,True,5,5,True,5983604736,2026-10-09T02:02:11.453834+00:00
KR,Consumer Defensive,61.41,,71.17,71.17,0.1371,False,True,,False,True,True,False,True,3,5,False,36268048384,2026-10-09T02:02:11.453834+00:00
DDS,Consumer Cyclical,648.82,712.76,809.11,751.3,0.1364,False,True,12.66,False,True,True,True,False,3,5,False,10134212608,2026-10-09T02:02:11.453834+00:00
MWA,Industrials,21.56,18.44,34.74,24.96,0.1363,False,False,61.3,True,True,True,True,True,5,5,False,3366069504,2026-10-09T02:02:11.453834+00:00
FULT,Financial Services,22.27,,25.7,25.7,0.1334,False,True,,True,True,True,,True,4,4,False,4251667456,2026-10-09T02:02:11.453834+00:00
PATH,Technology,13.25,14.2,16.87,15.27,0.1322,False,True,17.15,True,True,True,True,True,5,5,True,6905309184,2026-10-09T02:02:11.453834+00:00
NNN,Real Estate,40.27,,46.38,46.38,0.1317,False,True,,True,True,,True,True,4,4,False,7729077248,2026-10-09T02:02:11.453834+00:00
FCPT,Real Estate,21.25,,24.42,24.42,0.13,False,True,,True,True,,True,True,4,4,False,2332170496,2026-10-09T02:02:11.453834+00:00
LOW,Consumer Cyclical,188.85,233.07,192.61,216.89,0.1293,False,True,19.01,False,True,True,,True,3,4,False,105955057664,2026-10-09T02:02:11.453834+00:00
UPS,Industrials,94.13,70.2,164.75,108.02,0.1286,False,False,80.49,False,True,True,True,True,4,5,False,80084066304,2026-10-09T02:02:11.453834+00:00
TENB,Technology,39.01,71.58,4.43,44.72,0.1277,False,False,176.7,True,False,True,False,False,2,5,False,4301709824,2026-10-09T02:02:11.453834+00:00
DIS,Communication Services,107.02,136.32,101.83,122.52,0.1265,False,False,28.96,True,True,True,True,True,5,5,False,184790024192,2026-10-09T02:02:11.453834+00:00
RIG,Energy,5.54,6.34,6.33,6.34,0.1259,False,True,0.17,True,False,True,True,True,4,5,False,6187515904,2026-10-09T02:02:11.453834+00:00
FIBK,Financial Services,34.94,,39.91,39.91,0.1244,False,True,,False,True,True,,True,3,4,False,3329942784,2026-10-09T02:02:11.453834+00:00
RL,Consumer Cyclical,367.39,461.38,354.49,418.62,0.1224,False,False,26.2,True,True,True,True,True,5,5,False,21889921024,2026-10-09T02:02:11.453834+00:00
UMBF,Financial Services,130.39,,148.5,148.5,0.122,False,True,,True,True,True,,True,4,4,False,9903124480,2026-10-09T02:02:11.453834+00:00
FHB,Financial Services,24.96,,28.42,28.42,0.1216,False,True,,True,True,True,,True,4,4,False,3037166336,2026-10-09T02:02:11.453834+00:00
KRC,Real Estate,34.19,,38.92,38.92,0.1215,False,True,,True,True,False,True,True,4,5,False,4015360768,2026-10-09T02:02:11.453834+00:00
GD,Industrials,329.9,,375.47,375.47,0.1214,False,True,,True,True,True,True,True,5,5,False,89256812544,2026-10-09T02:02:11.453834+00:00
ROG,Technology,148.12,217.96,94.29,168.49,0.1209,False,False,79.21,False,False,True,True,True,3,5,False,2643725056,2026-10-09T02:02:11.453834+00:00
CNXN,Technology,90.89,93.09,118.62,103.3,0.1202,False,True,24.11,False,True,True,True,,3,4,False,2293890816,2026-10-09T02:02:11.453834+00:00
EQH,Financial Services,53.48,,60.78,60.78,0.12,False,True,,False,False,True,False,True,2,5,False,14587514880,2026-10-09T02:02:11.453834+00:00
CHE,Healthcare,498.25,744.16,298.22,565.79,0.1194,False,False,85.56,True,True,True,True,True,5,5,False,6512108032,2026-10-09T02:02:11.453834+00:00
TNET,Industrials,66.49,70.29,83.16,75.44,0.1187,False,True,16.77,True,True,True,False,False,3,5,False,3052205824,2026-10-09T02:02:11.453834+00:00
AIR,Industrials,101.58,,115.01,115.01,0.1168,False,True,,True,True,True,True,True,5,5,False,4082928128,2026-10-09T02:02:11.453834+00:00
CELH,Consumer Defensive,27.4,40.88,16.21,31.01,0.1165,False,False,86.44,True,True,True,True,True,5,5,False,6933159936,2026-10-09T02:02:11.453834+00:00
TJX,Consumer Cyclical,138.75,203.24,87.59,156.98,0.1161,False,False,79.54,True,True,True,True,True,5,5,False,153277726720,2026-10-09T02:02:11.453834+00:00
ONB,Financial Services,24.73,,27.92,27.92,0.1143,False,True,,True,True,True,,True,4,4,False,9460955136,2026-10-09T02:02:11.453834+00:00
STWD,Real Estate,12.75,,14.37,14.37,0.1129,False,True,,False,True,True,False,True,3,5,False,4842054144,2026-10-09T02:02:11.453834+00:00
ACAD,Healthcare,19.58,15.32,32.19,22.07,0.1127,False,False,71.02,True,True,True,True,True,5,5,False,3352798464,2026-10-09T02:02:11.453834+00:00
AMCR,Consumer Cyclical,41.88,,47.19,47.19,0.1126,False,True,,True,True,True,True,True,5,5,False,19346286592,2026-10-09T02:02:11.453834+00:00
UCB,Financial Services,33.58,,37.8,37.8,0.1118,False,True,,True,True,True,,True,4,4,False,4048925696,2026-10-09T02:02:11.453834+00:00
GEF-B,Consumer Cyclical,107.9,99.58,153.63,121.2,0.1097,False,False,42.7,False,True,True,True,,3,4,False,4089277440,2026-10-09T02:02:11.453834+00:00
MUSA,Consumer Cyclical,518.22,,581.33,581.33,0.1086,False,True,,False,True,True,False,True,3,5,False,9525063680,2026-10-09T02:02:11.453834+00:00
FFBC,Financial Services,31.2,,34.96,34.96,0.1076,False,True,,True,True,True,,True,4,4,False,3281208320,2026-10-09T02:02:11.453834+00:00
BANR,Financial Services,66.87,,74.87,74.87,0.1068,False,True,,True,True,True,,True,4,4,False,2272570880,2026-10-09T02:02:11.453834+00:00
CXW,Industrials,32.71,,36.62,36.62,0.1067,False,True,,True,True,True,True,True,5,5,False,3234806016,2026-10-09T02:02:11.453834+00:00
MGY,Energy,24.48,24.02,32.47,27.4,0.1065,False,False,29.92,False,True,True,True,True,4,5,False,6724535296,2026-10-09T02:02:11.453834+00:00
RF,Financial Services,27.07,,30.27,30.27,0.1057,False,True,,True,True,True,,True,4,4,False,23061731328,2026-10-09T02:02:11.453834+00:00
LYB,Basic Materials,60.34,,67.38,67.38,0.1044,False,True,,False,False,True,True,True,3,5,False,19492110336,2026-10-09T02:02:11.453834+00:00
TTEK,Industrials,33.41,36.88,37.94,37.3,0.1044,False,True,2.84,True,True,True,True,True,5,5,True,8554444288,2026-10-09T02:02:11.453834+00:00
FCNCA,Financial Services,2065.89,,2304.98,2304.98,0.1037,False,True,,True,True,True,,True,4,4,False,23330342912,2026-10-09T02:02:11.453834+00:00
PRI,Financial Services,275.39,,307.14,307.14,0.1034,False,True,,True,True,True,True,True,5,5,False,8475774976,2026-10-09T02:02:11.453834+00:00
ADEA,Technology,24.11,18.62,39.21,26.86,0.1022,False,False,71.2,True,True,True,True,True,5,5,False,2659405824,2026-10-09T02:02:11.453834+00:00
HR,Real Estate,17.19,,19.14,19.14,0.102,False,True,,True,False,True,True,True,4,5,False,6029427200,2026-10-09T02:02:11.453834+00:00
CVS,Healthcare,87.8,,97.71,97.71,0.1014,False,True,,True,True,True,True,True,5,5,False,112293601280,2026-10-09T02:02:11.453834+00:00
PGR,Financial Services,218.73,,243.19,243.19,0.1006,False,True,,True,True,True,True,True,5,5,False,126950891520,2026-10-09T02:02:11.453834+00:00
SGHC,Consumer Cyclical,11.54,12.71,12.98,12.82,0.0998,False,True,2.09,True,True,True,True,True,5,5,True,5863206400,2026-10-09T02:02:11.453834+00:00
DELL,Technology,574.55,577.73,726.79,637.35,0.0985,False,True,22.85,True,True,True,,True,4,4,True,365306183680,2026-10-09T02:02:11.453834+00:00
L,Financial Services,107.6,,119.03,119.03,0.096,False,True,,True,True,True,True,,4,4,False,21996421120,2026-10-09T02:02:11.453834+00:00
COLB,Financial Services,28.53,,31.5,31.5,0.0944,False,True,,True,True,True,,True,4,4,False,8068768768,2026-10-09T02:02:11.453834+00:00
R,Industrials,235.18,67.78,546.58,259.3,0.093,False,False,155.87,True,True,True,False,True,4,5,False,9018416128,2026-10-09T02:02:11.453834+00:00
FBP,Financial Services,26.67,,29.4,29.4,0.093,False,True,,True,True,True,,True,4,4,False,4071662848,2026-10-09T02:02:11.453834+00:00
FHN,Financial Services,23.31,,25.7,25.7,0.0929,False,True,,True,True,True,,True,4,4,False,11043744768,2026-10-09T02:02:11.453834+00:00
AUB,Financial Services,37.92,,41.76,41.76,0.0919,False,True,,True,True,True,,True,4,4,False,5415540736,2026-10-09T02:02:11.453834+00:00
TILE,Consumer Cyclical,34.83,36.15,41.59,38.33,0.0912,False,True,13.99,True,True,True,True,True,5,5,True,2013190144,2026-10-09T02:02:11.453834+00:00
SWX,Utilities,83.51,,91.79,91.79,0.0902,False,True,,False,True,False,True,True,3,5,False,6049953792,2026-10-09T02:02:11.453834+00:00
ARX,Financial Services,19.75,,21.7,21.7,0.0898,False,True,,True,False,True,True,True,4,5,False,4289473792,2026-10-09T02:02:11.453834+00:00
ADP,Technology,270.73,275.8,328.59,296.92,0.0882,False,True,17.47,True,True,True,True,True,5,5,True,107277189120,2026-10-09T02:02:11.453834+00:00
LEN,Consumer Cyclical,77.6,,85.08,85.08,0.0879,False,True,,True,True,True,True,True,5,5,False,18461059072,2026-10-09T02:02:11.453834+00:00
SYK,Healthcare,276.97,412.31,140.03,303.4,0.0871,False,False,98.59,True,True,True,True,True,5,5,False,106238230528,2026-10-09T02:02:11.453834+00:00
BMY,Healthcare,59.58,,65.26,65.26,0.0871,False,True,,True,True,True,False,True,4,5,False,121704939520,2026-10-09T02:02:11.453834+00:00
HONA,Industrials,154.01,217.35,95.37,168.56,0.0863,False,False,78.01,True,True,True,,True,4,4,False,48813887488,2026-10-09T02:02:11.453834+00:00
TRMK,Financial Services,44.55,,48.68,48.68,0.0848,False,True,,True,True,True,,True,4,4,False,2587044096,2026-10-09T02:02:11.453834+00:00
AVAH,Healthcare,12.24,0.67,32.4,13.36,0.084,False,False,191.88,True,True,True,False,True,4,5,False,2671877888,2026-10-09T02:02:11.453834+00:00
LTC,Real Estate,42.05,,45.88,45.88,0.0835,False,True,,True,True,,True,True,4,4,False,2266728960,2026-10-09T02:02:11.453834+00:00
MCHB,Financial Services,14.51,,15.81,15.81,0.0824,False,True,,False,True,True,,True,3,4,False,3212898816,2026-10-09T02:02:11.453834+00:00
AGM,Financial Services,207.44,,225.84,225.84,0.0815,False,True,,True,True,True,False,True,4,5,False,2251389952,2026-10-09T02:02:11.453834+00:00
CON,Healthcare,36.61,,39.85,39.85,0.0814,False,True,,True,True,True,False,True,4,5,False,4668424192,2026-10-09T02:02:11.453834+00:00
LHX,Industrials,236.92,,257.43,257.43,0.0797,False,True,,True,True,True,True,True,5,5,False,44117966848,2026-10-09T02:02:11.453834+00:00
HEI-A,Industrials,221.07,277.02,184.35,239.95,0.0787,False,False,40.17,True,True,True,True,,4,4,False,30896171008,2026-10-09T02:02:11.453834+00:00
BIO,Healthcare,360.4,558.27,140.52,391.17,0.0787,False,False,119.56,False,True,True,True,False,3,5,False,9644879872,2026-10-09T02:02:11.453834+00:00
USB,Financial Services,57.03,,61.9,61.9,0.0786,False,True,,True,True,,,True,3,3,False,88855674880,2026-10-09T02:02:11.453834+00:00
DVN,Energy,48.92,46.83,62.41,53.06,0.0781,False,False,28.51,False,True,True,True,True,4,5,False,53811998720,2026-10-09T02:02:11.453834+00:00
MGEE,Utilities,70.73,,76.66,76.66,0.0773,False,True,,True,True,False,True,True,4,5,False,2672463360,2026-10-09T02:02:11.453834+00:00
DG,Consumer Defensive,124.27,,134.63,134.63,0.0769,False,True,,True,True,True,True,True,5,5,False,27416047616,2026-10-09T02:02:11.453834+00:00
LPG,Energy,58.23,45.01,89.75,62.91,0.0743,False,False,66.4,True,True,True,True,False,4,5,False,2491235328,2026-10-09T02:02:11.453834+00:00
GME,Consumer Cyclical,25.28,32.36,19.61,27.26,0.0727,False,False,49.07,False,True,True,True,,3,4,False,12753785856,2026-10-09T02:02:11.453834+00:00
AIZ,Financial Services,272.86,,293.72,293.72,0.071,False,True,,True,True,True,True,True,5,5,False,13458482176,2026-10-09T02:02:11.453834+00:00
DCI,Industrials,87.16,97.46,88.25,93.78,0.0706,False,True,9.92,True,True,True,True,True,5,5,True,10094918656,2026-10-09T02:02:11.453834+00:00
MTB,Financial Services,217.56,,233.75,233.75,0.0693,False,True,,True,True,True,,True,4,4,False,31531622400,2026-10-09T02:02:11.453834+00:00
PEP,Consumer Defensive,128.34,,137.89,137.89,0.0693,False,True,,True,True,True,False,True,4,5,False,175312437248,2026-10-09T02:02:11.453834+00:00
PB,Financial Services,66.69,,71.41,71.41,0.0661,False,True,,True,True,True,,True,4,4,False,8014588928,2026-10-09T02:02:11.453834+00:00
GL,Financial Services,166.08,,177.09,177.09,0.0622,False,True,,True,True,True,True,True,5,5,False,12763156480,2026-10-09T02:02:11.453834+00:00
SITE,Industrials,87.74,91.84,96.05,93.52,0.0618,False,True,4.48,True,True,True,True,True,5,5,True,3887603712,2026-10-09T02:02:11.453834+00:00
CXT,Industrials,48.18,37.63,71.9,51.34,0.0615,False,False,62.56,True,True,True,True,True,5,5,False,2773303552,2026-10-09T02:02:11.453834+00:00
NESR,Energy,23.24,29.57,17.49,24.74,0.0605,False,False,51.34,True,True,True,True,True,5,5,False,2343794688,2026-10-09T02:02:11.453834+00:00
TSN,Consumer Defensive,52.34,,55.67,55.67,0.0598,False,True,,True,True,True,True,True,5,5,False,18413291520,2026-10-09T02:02:11.453834+00:00
DOW,Basic Materials,28.59,,30.39,30.39,0.0591,False,True,,False,False,False,True,True,2,5,False,20651722752,2026-10-09T02:02:11.453834+00:00
RNST,Financial Services,39.29,,41.76,41.76,0.0591,False,True,,True,True,True,,True,4,4,False,3591281408,2026-10-09T02:02:11.453834+00:00
CMC,Industrials,63.1,24.78,130.44,67.04,0.0588,False,False,136.15,False,True,True,True,True,4,5,False,6980395520,2026-10-09T02:02:11.453834+00:00
CALX,Technology,36.08,46.99,25.25,38.29,0.0578,False,False,60.2,True,True,True,True,True,5,5,False,2271740928,2026-10-09T02:02:11.453834+00:00
CATY,Financial Services,59.6,,63.26,63.26,0.0578,False,True,,True,True,True,,True,4,4,False,3976143616,2026-10-09T02:02:11.453834+00:00
KEY,Financial Services,20.1,,21.25,21.25,0.0541,False,True,,True,True,True,,True,4,4,False,21449285632,2026-10-09T02:02:11.453834+00:00
BKU,Financial Services,42.61,,44.97,44.97,0.0525,False,True,,True,True,True,,True,4,4,False,3035206144,2026-10-09T02:02:11.453834+00:00
MYRG,Industrials,310.81,365.49,269.34,327.03,0.0496,False,False,30.29,True,True,True,True,True,5,5,False,4839078400,2026-10-09T02:02:11.453834+00:00
RRC,Energy,40.77,36.14,53.02,42.89,0.0495,False,False,37.87,False,True,True,True,True,4,5,False,9527113728,2026-10-09T02:02:11.453834+00:00
HOMB,Financial Services,28.48,,29.9,29.9,0.0474,False,True,,True,True,True,,True,4,4,False,5697413632,2026-10-09T02:02:11.453834+00:00
EBC,Financial Services,21.08,,22.11,22.11,0.0468,False,True,,True,True,True,,True,4,4,False,4817023488,2026-10-09T02:02:11.453834+00:00
TCBI,Financial Services,90.58,,95.01,95.01,0.0466,False,True,,True,True,True,,True,4,4,False,3937908224,2026-10-09T02:02:11.453834+00:00
EFSC,Financial Services,59.33,,62.14,62.14,0.0453,False,True,,True,True,True,,True,4,4,False,2147302272,2026-10-09T02:02:11.453834+00:00
NVR,Consumer Cyclical,6002.55,6111.05,6523.8,6276.15,0.0436,False,True,6.53,False,True,True,True,True,4,5,False,15995955200,2026-10-09T02:02:11.453834+00:00
HBAN,Financial Services,15.37,,16.06,16.06,0.043,False,True,,True,True,True,,True,4,4,False,31053776896,2026-10-09T02:02:11.453834+00:00
FIVE,Consumer Cyclical,209.73,250.58,171.61,218.99,0.0423,False,False,37.41,True,True,True,True,True,5,5,False,11546482688,2026-10-09T02:02:11.453834+00:00
AFG,Financial Services,141.98,,148.19,148.19,0.0419,False,True,,True,True,,True,True,4,4,False,11773189120,2026-10-09T02:02:11.453834+00:00
FICO,Technology,707.43,578.11,977.8,737.98,0.0414,False,False,51.38,True,True,True,,True,4,4,False,15278815232,2026-10-09T02:02:11.453834+00:00
JBL,Technology,299.16,279.91,359.95,311.93,0.0409,False,False,25.02,False,True,True,False,True,3,5,False,31348105216,2026-10-09T02:02:11.453834+00:00
AEE,Utilities,101.84,,106.06,106.06,0.0398,False,True,,True,,False,True,True,3,4,False,28193716224,2026-10-09T02:02:11.453834+00:00
BKH,Utilities,76.52,,79.66,79.66,0.0394,False,True,,False,True,False,True,True,3,5,False,5834890240,2026-10-09T02:02:11.453834+00:00
TKR,Industrials,114.34,113.81,126.32,118.82,0.0377,False,False,10.42,True,True,True,True,True,5,5,False,7946002432,2026-10-09T02:02:11.453834+00:00
SBAC,Real Estate,170.01,,176.57,176.57,0.0371,False,True,,True,True,True,,True,4,4,False,18036039680,2026-10-09T02:02:11.453834+00:00
UDR,Real Estate,33.57,,34.85,34.85,0.0367,False,True,,True,True,True,True,True,5,5,False,12438210560,2026-10-09T02:02:11.453834+00:00
FERG,Industrials,216.73,223.77,226.52,224.87,0.0362,False,True,1.22,True,True,True,True,True,5,5,True,41927008256,2026-10-09T02:02:11.453834+00:00
BOKF,Financial Services,126.42,,131.08,131.08,0.0356,False,True,,True,True,,,True,3,3,False,7681277952,2026-10-09T02:02:11.453834+00:00
RLI,Financial Services,56.3,,58.37,58.37,0.0354,False,True,,True,True,True,True,True,5,5,False,5166819840,2026-10-09T02:02:11.453834+00:00
CASY,Consumer Cyclical,642.28,854.25,380.32,664.68,0.0337,False,False,76.78,True,True,True,True,True,5,5,False,23738777600,2026-10-09T02:02:11.453834+00:00
CENX,Basic Materials,36.38,6.95,83.5,37.57,0.0316,False,False,169.28,False,True,True,True,True,4,5,False,3601376256,2026-10-09T02:02:11.453834+00:00
CACC,Financial Services,542.82,,560.28,560.28,0.0312,False,True,,True,True,True,False,True,4,5,False,5677935616,2026-10-09T02:02:11.453834+00:00
OGE,Utilities,46.11,,47.58,47.58,0.0308,False,True,,False,True,True,True,True,4,5,False,9515920384,2026-10-09T02:02:11.453834+00:00
KMB,Consumer Defensive,97.74,,100.34,100.34,0.0259,False,True,,False,True,True,False,True,3,5,False,32443848704,2026-10-09T02:02:11.453834+00:00
COP,Energy,134.19,,137.65,137.65,0.0251,False,True,,False,True,True,True,True,4,5,False,161207484416,2026-10-09T02:02:11.453834+00:00
AMP,Financial Services,499.08,,511.72,511.72,0.0247,False,True,,True,True,True,True,True,5,5,False,44118671360,2026-10-09T02:02:11.453834+00:00
MLI,Industrials,60.49,44.74,87.83,61.97,0.0239,False,False,65.01,True,True,True,True,,4,4,False,13379262464,2026-10-09T02:02:11.453834+00:00
ALK,Industrials,39.52,,40.48,40.48,0.0237,False,True,,True,True,False,False,True,3,5,False,4409126400,2026-10-09T02:02:11.453834+00:00
FRT,Real Estate,105.46,,108.0,108.0,0.0235,False,True,,True,True,True,True,True,5,5,False,9166414848,2026-10-09T02:02:11.453834+00:00
BUSE,Financial Services,29.22,,29.9,29.9,0.0227,False,True,,True,True,True,,True,4,4,False,2412898816,2026-10-09T02:02:11.453834+00:00
PPL,Utilities,34.1,,34.86,34.86,0.0217,False,True,,True,True,False,True,True,4,5,False,25661777920,2026-10-09T02:02:11.453834+00:00
CDP,Real Estate,33.47,,34.19,34.19,0.0212,False,True,,True,True,True,True,True,5,5,False,3877314048,2026-10-09T02:02:11.453834+00:00
PNC,Financial Services,219.68,,224.36,224.36,0.0209,False,True,,True,True,,,True,3,3,False,87639941120,2026-10-09T02:02:11.453834+00:00
EWBC,Financial Services,126.25,,128.61,128.61,0.0184,False,True,,True,True,True,,True,4,4,False,17297745920,2026-10-09T02:02:11.453834+00:00
FIZZ,Consumer Defensive,30.84,29.94,33.54,31.38,0.0173,False,False,11.34,True,True,True,True,,4,4,False,2886997248,2026-10-09T02:02:11.453834+00:00
GXO,Industrials,46.36,,47.1,47.1,0.0157,False,True,,True,True,True,False,True,4,5,False,5316776960,2026-10-09T02:02:11.453834+00:00
HUBB,Industrials,475.4,556.62,370.89,482.32,0.0144,False,False,40.05,True,True,True,True,True,5,5,False,25120980992,2026-10-09T02:02:11.453834+00:00
COLD,Real Estate,13.81,,14.0,14.0,0.0136,False,True,,False,False,False,True,True,2,5,False,3961355520,2026-10-09T02:02:11.453834+00:00
SKWD,Financial Services,59.31,,60.11,60.11,0.0133,False,True,,True,True,True,True,True,5,5,False,2633156096,2026-10-09T02:02:11.453834+00:00
JEF,Financial Services,44.4,,44.97,44.97,0.0127,False,True,,True,True,False,False,True,3,5,False,9030604800,2026-10-09T02:02:11.453834+00:00
SRCE,Financial Services,85.01,,85.99,85.99,0.0114,False,True,,True,True,True,,True,4,4,False,2046096512,2026-10-09T02:02:11.453834+00:00
HPE,Technology,71.0,,71.75,71.75,0.0104,False,True,,True,True,True,True,True,5,5,False,94250000384,2026-10-09T02:02:11.453834+00:00
MDU,Utilities,18.81,,19.0,19.0,0.0102,False,True,,True,True,False,True,True,4,5,False,3956673280,2026-10-09T02:02:11.453834+00:00
FBIN,Industrials,39.31,34.49,47.42,39.66,0.0089,False,False,31.59,False,True,True,True,True,4,5,False,4692492800,2026-10-09T02:02:11.453834+00:00
SO,Utilities,86.15,,86.88,86.88,0.0084,False,True,,True,True,False,True,True,4,5,False,99103776768,2026-10-09T02:02:11.453834+00:00
KNF,Basic Materials,52.27,,52.62,52.62,0.0067,False,True,,True,True,False,True,True,4,5,False,2966524160,2026-10-09T02:02:11.453834+00:00
SANM,Technology,210.48,202.24,226.12,211.79,0.0062,False,False,11.15,True,True,True,True,True,5,5,False,11281171456,2026-10-09T02:02:11.453834+00:00
ALGT,Industrials,76.42,,76.83,76.83,0.0054,False,True,,True,False,True,True,True,4,5,False,2089014656,2026-10-09T02:02:11.453834+00:00
PACS,Healthcare,43.73,,43.97,43.97,0.0054,False,True,,True,True,True,False,True,4,5,False,6921251328,2026-10-09T02:02:11.453834+00:00
BOX,Technology,36.31,47.54,19.95,36.51,0.0053,False,False,81.78,True,True,True,False,True,4,5,False,4981760000,2026-10-09T02:02:11.453834+00:00
PRU,Financial Services,113.53,,114.08,114.08,0.0048,False,True,,True,True,,True,True,4,4,False,39167848448,2026-10-09T02:02:11.453834+00:00
FCF,Financial Services,20.06,,20.14,20.14,0.0039,False,True,,True,True,True,,True,4,4,False,2027181824,2026-10-09T02:02:11.453834+00:00
HURN,Industrials,165.31,,165.88,165.88,0.0034,False,True,,True,True,True,False,True,4,5,False,2630094080,2026-10-09T02:02:11.453834+00:00
CWT,Utilities,45.6,,45.73,45.73,0.0027,False,True,,True,True,False,True,True,4,5,False,2819862784,2026-10-09T02:02:11.453834+00:00
EVRG,Utilities,80.52,,80.65,80.65,0.0016,False,True,,True,True,False,True,True,4,5,False,18565267456,2026-10-09T02:02:11.453834+00:00
PEG,Utilities,71.84,,71.92,71.92,0.0012,False,True,,True,True,True,True,True,5,5,False,35799408640,2026-10-09T02:02:11.453834+00:00
SUNB,Industrials,74.85,72.67,78.15,74.86,0.0001,False,False,7.27,True,True,True,True,True,5,5,False,30670901248,2026-10-09T02:02:11.453834+00:00
NBTB,Financial Services,50.53,,50.53,50.53,-0.0,False,False,,True,True,True,,True,4,4,False,2625541888,2026-10-09T02:02:11.453834+00:00
NXT,Technology,85.26,65.59,114.41,85.12,-0.0017,False,False,54.24,True,True,True,True,True,5,5,False,13099206656,2026-10-09T02:02:11.453834+00:00
UNFI,Consumer Defensive,44.07,,43.99,43.99,-0.0018,False,False,,True,True,True,True,True,5,5,False,2658173952,2026-10-09T02:02:11.453834+00:00
BAC,Financial Services,53.61,,53.5,53.5,-0.0021,False,False,,True,True,,,True,3,3,False,374881255424,2026-10-09T02:02:11.453834+00:00
CRH,Basic Materials,81.88,68.1,101.99,81.65,-0.0028,False,False,39.85,True,True,True,True,True,5,5,False,54473490432,2026-10-09T02:02:11.453834+00:00
BNL,Real Estate,18.24,,18.18,18.18,-0.0032,False,False,,True,True,True,True,True,5,5,False,3883234048,2026-10-09T02:02:11.453834+00:00
JBHT,Industrials,228.42,241.35,206.92,227.58,-0.0037,False,False,15.36,False,True,True,True,True,4,5,False,21448638464,2026-10-09T02:02:11.453834+00:00
UBSI,Financial Services,45.7,,45.34,45.34,-0.0079,False,False,,True,True,True,,True,4,4,False,6224914944,2026-10-09T02:02:11.453834+00:00
MCRI,Consumer Cyclical,115.37,111.89,118.32,114.46,-0.0079,False,False,5.59,True,True,True,True,True,5,5,False,2067721216,2026-10-09T02:02:11.453834+00:00
MDT,Healthcare,87.75,106.14,58.13,86.93,-0.0094,False,False,58.46,True,True,True,True,True,5,5,False,112244350976,2026-10-09T02:02:11.453834+00:00
NI,Utilities,40.53,,40.14,40.14,-0.0098,False,False,,True,True,False,True,True,4,5,False,19436570624,2026-10-09T02:02:11.453834+00:00
GRND,Technology,14.94,,14.79,14.79,-0.0101,False,False,,True,True,True,,True,4,4,False,2596880128,2026-10-09T02:02:11.453834+00:00
GRMN,Technology,268.44,255.16,280.1,265.14,-0.0125,False,False,9.32,True,True,True,True,True,5,5,False,51770322944,2026-10-09T02:02:11.453834+00:00
SF,Financial Services,70.11,,69.19,69.19,-0.0134,False,False,,True,True,True,True,True,5,5,False,10586731520,2026-10-09T02:02:11.453834+00:00
JAZZ,Healthcare,222.45,,219.3,219.3,-0.0144,False,False,,True,False,True,True,True,4,5,False,14440247296,2026-10-09T02:02:11.453834+00:00
UFPI,Basic Materials,76.45,65.59,89.34,75.09,-0.0181,False,False,30.65,False,True,True,True,True,4,5,False,4217095936,2026-10-09T02:02:11.453834+00:00
BOH,Financial Services,67.71,,66.34,66.34,-0.0206,False,False,,True,True,True,,True,4,4,False,2671186176,2026-10-09T02:02:11.453834+00:00
ROL,Consumer Cyclical,32.26,40.39,18.4,31.6,-0.021,False,False,74.79,True,True,True,True,True,5,5,False,15521750016,2026-10-09T02:02:11.453834+00:00
NUE,Basic Materials,246.14,,240.88,240.88,-0.0219,False,False,,False,True,False,True,True,3,5,False,55843180544,2026-10-09T02:02:11.453834+00:00
GVA,Industrials,113.83,97.95,131.52,111.38,-0.022,False,False,29.26,True,True,True,False,True,4,5,False,5057113088,2026-10-09T02:02:11.453834+00:00
HAS,Consumer Cyclical,92.5,,90.42,90.42,-0.023,False,False,,False,False,True,False,True,2,5,False,13046612992,2026-10-09T02:02:11.453834+00:00
HUBS,Technology,231.84,318.83,87.59,226.33,-0.0243,False,False,113.8,True,True,True,True,True,5,5,False,11560979456,2026-10-09T02:02:11.453834+00:00
RHP,Real Estate,119.95,,117.01,117.01,-0.0251,False,False,,True,True,True,False,True,4,5,False,8274664960,2026-10-09T02:02:11.453834+00:00
INVH,Real Estate,26.48,,25.82,25.82,-0.0254,False,False,,True,True,True,True,True,5,5,False,15639702528,2026-10-09T02:02:11.453834+00:00
IVZ,Financial Services,30.09,,29.33,29.33,-0.026,False,False,,True,False,True,True,True,4,5,False,13284728832,2026-10-09T02:02:11.453834+00:00
CNO,Financial Services,53.55,,52.18,52.18,-0.0262,False,False,,True,True,,True,True,4,4,False,4954519040,2026-10-09T02:02:11.453834+00:00
EXPO,Industrials,69.78,80.46,49.29,67.99,-0.0263,False,False,48.05,True,True,True,True,True,5,5,False,3317765632,2026-10-09T02:02:11.453834+00:00
CMS,Utilities,65.34,,63.62,63.62,-0.027,False,False,,False,True,False,True,True,3,5,False,20184807424,2026-10-09T02:02:11.453834+00:00
CB,Financial Services,343.78,,334.61,334.61,-0.0274,False,False,,True,True,,True,True,4,4,False,132630282240,2026-10-09T02:02:11.453834+00:00
AUGO,Basic Materials,82.49,,80.24,80.24,-0.028,False,False,,True,False,True,True,True,4,5,False,6915700736,2026-10-09T02:02:11.453834+00:00
FRME,Financial Services,39.59,,38.42,38.42,-0.0304,False,False,,True,True,,,True,3,3,False,2486308352,2026-10-09T02:02:11.453834+00:00
RHI,Industrials,34.1,41.86,19.86,33.06,-0.0313,False,False,71.28,False,True,True,True,True,4,5,False,3488211456,2026-10-09T02:02:11.453834+00:00
SNDK,Technology,1609.46,1222.12,2068.42,1560.64,-0.0313,False,False,51.44,True,True,True,True,True,5,5,False,232611332096,2026-10-09T02:02:11.453834+00:00
OTIS,Industrials,66.11,47.93,88.34,64.1,-0.0314,False,False,59.3,True,True,True,,True,4,4,False,25166051328,2026-10-09T02:02:11.453834+00:00
HSY,Consumer Defensive,162.54,,157.52,157.52,-0.0319,False,False,,True,True,True,True,True,5,5,False,32658456576,2026-10-09T02:02:11.453834+00:00
PNW,Utilities,97.98,,94.89,94.89,-0.0325,False,False,,True,True,False,False,True,3,5,False,11874905088,2026-10-09T02:02:11.453834+00:00
MSI,Technology,447.12,462.97,387.71,432.87,-0.0329,False,False,17.69,True,True,True,False,True,4,5,False,73995583488,2026-10-09T02:02:11.453834+00:00
AWI,Industrials,163.1,153.98,163.73,157.88,-0.0331,False,False,6.14,True,True,True,True,True,5,5,False,6893066752,2026-10-09T02:02:11.453834+00:00
TRNO,Real Estate,64.48,,62.34,62.34,-0.0343,False,False,,True,True,True,True,True,5,5,False,7026405888,2026-10-09T02:02:11.453834+00:00
QTWO,Technology,58.69,67.1,41.08,56.69,-0.0353,False,False,48.11,True,True,True,True,True,5,5,False,3659597056,2026-10-09T02:02:11.453834+00:00
FFIV,Technology,461.66,494.43,372.77,445.77,-0.0357,False,False,28.06,True,True,True,True,False,4,5,False,26142504960,2026-10-09T02:02:11.453834+00:00
COF,Financial Services,199.4,,192.36,192.36,-0.0366,False,False,,True,True,True,,True,4,4,False,122331906048,2026-10-09T02:02:11.453834+00:00
CPK,Utilities,128.16,,123.55,123.55,-0.0373,False,False,,True,True,False,True,True,4,5,False,3236641536,2026-10-09T02:02:11.453834+00:00
NTAP,Technology,231.05,225.72,218.09,222.67,-0.0376,False,False,3.44,True,True,True,True,False,4,5,False,45382610944,2026-10-09T02:02:11.453834+00:00
EME,Industrials,778.24,754.38,739.06,748.25,-0.0401,False,False,2.05,True,True,True,True,True,5,5,False,34328088576,2026-10-09T02:02:11.453834+00:00
AMH,Real Estate,30.49,,29.3,29.3,-0.0407,False,False,,True,True,True,True,True,5,5,False,12499436544,2026-10-09T02:02:11.453834+00:00
UAA,Consumer Cyclical,4.88,,4.69,4.69,-0.041,False,False,,False,False,False,True,True,2,5,False,2096182272,2026-10-09T02:02:11.453834+00:00
SR,Utilities,77.99,,74.82,74.82,-0.0423,False,False,,True,True,False,False,True,3,5,False,4610207744,2026-10-09T02:02:11.453834+00:00
HLNE,Financial Services,85.66,,82.1,82.1,-0.0433,False,False,,True,True,True,True,True,5,5,False,5741110784,2026-10-09T02:02:11.453834+00:00
MGM,Consumer Cyclical,30.01,,28.75,28.75,-0.044,False,False,,True,True,True,False,True,4,5,False,7550298624,2026-10-09T02:02:11.453834+00:00
BCC,Basic Materials,74.22,,70.96,70.96,-0.046,False,False,,False,True,True,True,True,4,5,False,2589636096,2026-10-09T02:02:11.453834+00:00
AMT,Real Estate,166.73,,159.38,159.38,-0.0461,False,False,,True,True,True,False,True,4,5,False,77689520128,2026-10-09T02:02:11.453834+00:00
CE,Basic Materials,44.81,,42.71,42.71,-0.0492,False,False,,False,False,True,False,True,2,5,False,4917849600,2026-10-09T02:02:11.453834+00:00
GNW,Financial Services,9.74,,9.28,9.28,-0.05,False,False,,False,True,,True,,2,3,False,3680269056,2026-10-09T02:02:11.453834+00:00
ATO,Utilities,160.66,,152.81,152.81,-0.0513,False,False,,True,True,False,True,True,4,5,False,27149703168,2026-10-09T02:02:11.453834+00:00
REG,Real Estate,71.48,,67.98,67.98,-0.0515,False,False,,True,True,,True,True,4,4,False,13363811328,2026-10-09T02:02:11.453834+00:00
ACMR,Technology,70.8,,67.1,67.1,-0.0551,False,False,,True,True,False,True,True,4,5,False,4931163648,2026-10-09T02:02:11.453834+00:00
PNFP,Financial Services,94.67,,89.69,89.69,-0.0555,False,False,,True,True,True,,True,4,4,False,14305832960,2026-10-09T02:02:11.453834+00:00
HWKN,Basic Materials,127.79,152.74,72.44,120.62,-0.0594,False,False,71.32,True,True,True,True,True,5,5,False,2667631104,2026-10-09T02:02:11.453834+00:00
POOL,Industrials,158.14,86.79,242.33,149.0,-0.0613,False,False,94.52,False,True,True,True,True,4,5,False,5746926080,2026-10-09T02:02:11.453834+00:00
SFBS,Financial Services,38.6,,36.32,36.32,-0.0627,False,False,,True,True,True,,True,4,4,False,4220717824,2026-10-09T02:02:11.453834+00:00
HCC,Basic Materials,89.8,,84.48,84.48,-0.0629,False,False,,False,True,False,True,True,3,5,False,4741627904,2026-10-09T02:02:11.453834+00:00
KVUE,Consumer Defensive,17.73,,16.67,16.67,-0.0637,False,False,,True,True,True,True,True,5,5,False,34055313408,2026-10-09T02:02:11.453834+00:00
UGI,Utilities,36.94,14.13,65.63,34.73,-0.0638,False,False,129.15,False,True,True,True,True,4,5,False,7923443712,2026-10-09T02:02:11.453834+00:00
LECO,Industrials,258.78,247.89,234.83,242.67,-0.0664,False,False,5.41,True,True,True,True,True,5,5,False,14104999936,2026-10-09T02:02:11.453834+00:00
HTO,Utilities,58.07,,54.39,54.39,-0.0676,False,False,,True,True,False,True,True,4,5,False,2430624512,2026-10-09T02:02:11.453834+00:00
DK,Energy,76.6,,71.61,71.61,-0.0697,False,False,,False,False,False,False,False,0,5,False,4690384384,2026-10-09T02:02:11.453834+00:00
D,Utilities,61.75,,57.72,57.72,-0.0699,False,False,,True,True,False,True,True,4,5,False,54310727680,2026-10-09T02:02:11.453834+00:00
AFL,Financial Services,114.94,,107.4,107.4,-0.0702,False,False,,False,True,,True,True,3,4,False,57624399872,2026-10-09T02:02:11.453834+00:00
CLX,Consumer Defensive,83.44,,77.9,77.9,-0.0712,False,False,,False,True,True,False,True,3,5,False,10090483712,2026-10-09T02:02:11.453834+00:00
FWONK,Communication Services,95.07,134.67,19.29,88.52,-0.074,False,False,149.88,True,True,True,True,True,5,5,False,23834855424,2026-10-09T02:02:11.453834+00:00
DGII,Technology,74.93,85.5,46.1,69.74,-0.0744,False,False,59.87,True,True,True,True,True,5,5,False,2843452928,2026-10-09T02:02:11.453834+00:00
SCI,Consumer Cyclical,76.77,73.78,67.76,71.37,-0.0757,False,False,8.51,True,True,True,False,True,4,5,False,10463104000,2026-10-09T02:02:11.453834+00:00
CWEN,Utilities,29.95,,27.82,27.82,-0.0766,False,False,,True,True,True,True,True,5,5,False,7386748416,2026-10-09T02:02:11.453834+00:00
ALGN,Healthcare,141.03,149.84,102.23,130.8,-0.0783,False,False,37.78,True,True,True,True,True,5,5,False,10018750464,2026-10-09T02:02:11.453834+00:00
TSCO,Consumer Cyclical,33.48,,30.96,30.96,-0.0815,False,False,,True,True,True,False,True,4,5,False,17444423680,2026-10-09T02:02:11.453834+00:00
AEP,Utilities,122.32,,112.97,112.97,-0.0828,False,False,,True,True,False,True,True,4,5,False,66590687232,2026-10-09T02:02:11.453834+00:00
EMN,Basic Materials,63.76,46.82,76.92,58.86,-0.0832,False,False,48.65,False,True,True,True,True,4,5,False,7289465344,2026-10-09T02:02:11.453834+00:00
CBSH,Financial Services,54.61,,50.41,50.41,-0.0834,False,False,,True,True,True,,True,4,4,False,7832830976,2026-10-09T02:02:11.453834+00:00
FANG,Energy,191.68,,176.81,176.81,-0.0841,False,False,,True,True,False,True,True,4,5,False,53922131968,2026-10-09T02:02:11.453834+00:00
FRPT,Consumer Defensive,65.18,,59.95,59.95,-0.0872,False,False,,True,True,True,True,True,5,5,False,3132425216,2026-10-09T02:02:11.453834+00:00
ATKR,Industrials,94.84,78.6,99.99,87.15,-0.0882,False,False,23.95,False,False,True,True,,2,4,False,3203037184,2026-10-09T02:02:11.453834+00:00
PAY,Technology,31.92,29.73,28.72,29.33,-0.0885,False,False,3.45,True,True,True,True,True,5,5,False,4019993600,2026-10-09T02:02:11.453834+00:00
STAG,Real Estate,35.88,,32.95,32.95,-0.0888,False,False,,True,True,True,True,True,5,5,False,7061278208,2026-10-09T02:02:11.453834+00:00
CTRE,Real Estate,35.79,,32.82,32.82,-0.0904,False,False,,True,True,True,True,True,5,5,False,8456933888,2026-10-09T02:02:11.453834+00:00
LW,Consumer Defensive,49.46,,45.24,45.24,-0.0933,False,False,,True,True,True,False,True,4,5,False,6814620672,2026-10-09T02:02:11.453834+00:00
FR,Real Estate,59.3,,54.19,54.19,-0.0943,False,False,,True,True,,True,True,4,4,False,8125075456,2026-10-09T02:02:11.453834+00:00
CNP,Utilities,38.42,,35.11,35.11,-0.0944,False,False,,True,True,False,False,True,3,5,False,25308030976,2026-10-09T02:02:11.453834+00:00
OUT,Real Estate,29.58,,27.0,27.0,-0.0955,False,False,,True,True,True,False,True,4,5,False,5210080768,2026-10-09T02:02:11.453834+00:00
HGV,Consumer Cyclical,34.56,,31.54,31.54,-0.0958,False,False,,True,True,True,False,True,4,5,False,2686146560,2026-10-09T02:02:11.453834+00:00
CUBE,Real Estate,37.51,,34.22,34.22,-0.0963,False,False,,True,True,,True,True,4,4,False,8504131584,2026-10-09T02:02:11.453834+00:00
LAMR,Real Estate,145.7,,132.84,132.84,-0.0968,False,False,,True,True,True,False,True,4,5,False,14795788288,2026-10-09T02:02:11.453834+00:00
ESAB,Industrials,64.88,43.42,82.74,59.15,-0.0969,False,False,62.33,True,True,True,True,True,5,5,False,4033447168,2026-10-09T02:02:11.453834+00:00
ENVA,Financial Services,182.59,,166.42,166.42,-0.0972,False,False,,True,True,True,False,True,4,5,False,4546193408,2026-10-09T02:02:11.453834+00:00
HTH,Financial Services,36.68,,33.36,33.36,-0.0996,False,False,,False,True,False,,True,2,4,False,2101265792,2026-10-09T02:02:11.453834+00:00
GS,Financial Services,882.59,,799.96,799.96,-0.1033,False,False,,True,True,False,False,True,3,5,False,256984973312,2026-10-09T02:02:11.453834+00:00
UA,Consumer Cyclical,4.74,,4.29,4.29,-0.1044,False,False,,False,False,False,True,,1,4,False,2036045696,2026-10-09T02:02:11.453834+00:00
OKE,Energy,90.29,91.74,66.13,81.5,-0.1079,False,False,32.44,True,True,True,True,True,5,5,False,56919650304,2026-10-09T02:02:11.453834+00:00
CBU,Financial Services,59.1,,53.25,53.25,-0.1099,False,False,,True,True,True,,True,4,4,False,3109599744,2026-10-09T02:02:11.453834+00:00
FSS,Industrials,112.61,92.85,113.92,101.28,-0.1119,False,False,20.38,True,True,True,True,True,5,5,False,6873895936,2026-10-09T02:02:11.453834+00:00
URI,Industrials,1050.15,,942.81,942.81,-0.1138,False,False,,True,True,True,True,True,5,5,False,65363951616,2026-10-09T02:02:11.453834+00:00
IR,Industrials,78.0,74.68,62.77,69.92,-0.1156,False,False,17.33,True,True,True,True,True,5,5,False,30263955456,2026-10-09T02:02:11.453834+00:00
KNSL,Financial Services,339.65,,303.89,303.89,-0.1177,False,False,,True,True,True,True,True,5,5,False,7736691712,2026-10-09T02:02:11.453834+00:00
SGI,Consumer Cyclical,62.34,67.29,38.42,55.74,-0.1183,False,False,54.63,True,True,True,True,True,5,5,False,14353111040,2026-10-09T02:02:11.453834+00:00
HSIC,Healthcare,84.63,67.33,88.19,75.67,-0.1184,False,False,26.83,True,True,True,True,True,5,5,False,9640774656,2026-10-09T02:02:11.453834+00:00
SKY,Consumer Cyclical,81.47,78.12,64.88,72.82,-0.1187,False,False,18.53,True,True,True,True,True,5,5,False,4422202880,2026-10-09T02:02:11.453834+00:00
INDB,Financial Services,77.12,,68.94,68.94,-0.1187,False,False,,True,True,True,,True,4,4,False,3653105152,2026-10-09T02:02:11.453834+00:00
ROST,Consumer Cyclical,225.2,245.88,134.37,201.28,-0.1188,False,False,58.65,True,True,True,True,True,5,5,False,71940841472,2026-10-09T02:02:11.453834+00:00
RJF,Financial Services,158.6,,141.71,141.71,-0.1192,False,False,,True,True,True,True,True,5,5,False,30508568576,2026-10-09T02:02:11.453834+00:00
CMI,Industrials,520.4,447.1,491.73,464.95,-0.1193,False,False,9.51,True,True,True,True,True,5,5,False,71809515520,2026-10-09T02:02:11.453834+00:00
C,Financial Services,128.08,,114.4,114.4,-0.1196,False,False,,True,True,False,,True,3,4,False,214846111744,2026-10-09T02:02:11.453834+00:00
REXR,Real Estate,37.23,,33.2,33.2,-0.1214,False,False,,True,True,True,True,True,5,5,False,8512095744,2026-10-09T02:02:11.453834+00:00
KIM,Real Estate,22.09,,19.69,19.69,-0.1218,False,False,,True,True,,True,True,4,4,False,14817737728,2026-10-09T02:02:11.453834+00:00
BG,Consumer Defensive,107.82,,96.02,96.02,-0.1229,False,False,,True,True,False,True,True,4,5,False,20714283008,2026-10-09T02:02:11.453834+00:00
AKAM,Technology,100.9,,89.85,89.85,-0.1229,False,False,,True,True,True,True,True,5,5,False,14501006336,2026-10-09T02:02:11.453834+00:00
AIT,Industrials,332.12,322.19,254.85,295.26,-0.1249,False,False,23.34,True,True,True,True,True,5,5,False,12200060928,2026-10-09T02:02:11.453834+00:00
DAVE,Technology,353.4,225.68,446.54,314.02,-0.1254,False,False,65.71,True,True,True,True,True,5,5,False,4507795968,2026-10-09T02:02:11.453834+00:00
AMBP,Consumer Cyclical,4.46,,3.96,3.96,-0.1272,False,False,,True,True,True,,True,4,4,False,2665770240,2026-10-09T02:02:11.453834+00:00
IOSP,Basic Materials,97.69,82.72,92.49,86.63,-0.1277,False,False,11.16,False,True,True,True,True,4,5,False,2406207232,2026-10-09T02:02:11.453834+00:00
AFRM,Financial Services,77.15,,68.32,68.32,-0.1292,False,False,,True,True,True,True,True,5,5,False,26032050176,2026-10-09T02:02:11.453834+00:00
CFG,Financial Services,64.09,,56.71,56.71,-0.1302,False,False,,True,True,True,,True,4,4,False,26993219584,2026-10-09T02:02:11.453834+00:00
ITGR,Healthcare,126.65,123.84,94.11,111.95,-0.1313,False,False,27.29,True,True,True,True,False,4,5,False,4305728512,2026-10-09T02:02:11.453834+00:00
FBK,Financial Services,52.91,,46.7,46.7,-0.133,False,False,,True,True,True,,True,4,4,False,2644343296,2026-10-09T02:02:11.453834+00:00
DRI,Consumer Cyclical,200.52,190.45,156.45,176.85,-0.1338,False,False,19.6,True,True,True,False,True,4,5,False,22687479808,2026-10-09T02:02:11.453834+00:00
BXP,Real Estate,59.32,,52.11,52.11,-0.1383,False,False,,True,True,,False,True,3,4,False,10729649152,2026-10-09T02:02:11.453834+00:00
OLLI,Consumer Defensive,86.71,,75.89,75.89,-0.1426,False,False,,True,True,True,True,True,5,5,False,5150782464,2026-10-09T02:02:11.453834+00:00
DINO,Energy,120.72,75.89,149.16,105.2,-0.1476,False,False,65.12,False,True,True,True,False,3,5,False,21462067200,2026-10-09T02:02:11.453834+00:00
JPM,Financial Services,331.42,,288.35,288.35,-0.1493,False,False,,True,True,,,True,3,3,False,880976134144,2026-10-09T02:02:11.453834+00:00
BCPC,Basic Materials,168.63,183.2,91.96,146.7,-0.1495,False,False,66.32,True,True,True,True,True,5,5,False,5375590912,2026-10-09T02:02:11.453834+00:00
HWC,Financial Services,72.71,,63.13,63.13,-0.1517,False,False,,True,True,True,,True,4,4,False,5833018368,2026-10-09T02:02:11.453834+00:00
PECO,Real Estate,37.39,,32.43,32.43,-0.1529,False,False,,True,True,True,True,True,5,5,False,5278403584,2026-10-09T02:02:11.453834+00:00
RRR,Consumer Cyclical,50.37,27.73,67.5,43.64,-0.1542,False,False,83.51,True,True,True,False,True,4,5,False,5137121792,2026-10-09T02:02:11.453834+00:00
PFG,Financial Services,109.77,,95.1,95.1,-0.1543,False,False,,False,True,True,True,True,4,5,False,23502266368,2026-10-09T02:02:11.453834+00:00
BJ,Consumer Defensive,99.04,,85.78,85.78,-0.1545,False,False,,True,True,True,True,True,5,5,False,12510206976,2026-10-09T02:02:11.453834+00:00
SHO,Real Estate,11.35,,9.83,9.83,-0.155,False,False,,True,True,,True,True,4,4,False,2110463744,2026-10-09T02:02:11.453834+00:00
NWBI,Financial Services,14.85,,12.85,12.85,-0.1558,False,False,,True,True,True,,True,4,4,False,2174917888,2026-10-09T02:02:11.453834+00:00
HRL,Consumer Defensive,19.42,,16.79,16.79,-0.1566,False,False,,False,True,True,True,True,4,5,False,10687812608,2026-10-09T02:02:11.453834+00:00
RSG,Industrials,216.84,,187.03,187.03,-0.1594,False,False,,True,True,True,True,True,5,5,False,66399223808,2026-10-09T02:02:11.453834+00:00
MNST,Consumer Defensive,43.65,49.29,20.17,37.64,-0.1596,False,False,83.82,True,True,True,True,True,5,5,False,85512609792,2026-10-09T02:02:11.453834+00:00
MAA,Real Estate,116.19,,100.14,100.14,-0.1603,False,False,,True,True,True,True,True,5,5,False,13864562688,2026-10-09T02:02:11.453834+00:00
URBN,Consumer Cyclical,80.96,47.72,102.61,69.68,-0.162,False,False,73.03,True,True,True,True,True,5,5,False,6935048192,2026-10-09T02:02:11.453834+00:00
NKE,Consumer Cyclical,34.74,23.66,39.22,29.88,-0.1625,False,False,49.47,False,True,True,True,True,4,5,False,51599630336,2026-10-09T02:02:11.453834+00:00
ELV,Healthcare,400.94,329.17,368.36,344.85,-0.1627,False,False,11.24,True,True,True,True,True,5,5,False,86951575552,2026-10-09T02:02:11.453834+00:00
RPRX,Healthcare,56.21,,48.34,48.34,-0.1628,False,False,,True,True,,True,True,4,4,False,32480131072,2026-10-09T02:02:11.453834+00:00
SWK,Industrials,89.17,48.1,119.45,76.64,-0.1635,False,False,85.17,False,True,True,True,True,4,5,False,13466153984,2026-10-09T02:02:11.453834+00:00
MRX,Financial Services,71.17,,61.15,61.15,-0.1638,False,False,,True,True,True,False,True,4,5,False,5119320064,2026-10-09T02:02:11.453834+00:00
CFR,Financial Services,152.36,,130.71,130.71,-0.1656,False,False,,True,True,True,,True,4,4,False,9468988416,2026-10-09T02:02:11.453834+00:00
ABCB,Financial Services,79.66,,68.32,68.32,-0.166,False,False,,True,True,True,,True,4,4,False,5345762816,2026-10-09T02:02:11.453834+00:00
MU,Technology,1035.84,45.34,2152.41,888.16,-0.1663,False,False,191.75,True,True,True,True,True,5,5,False,1169870553088,2026-10-09T02:02:11.453834+00:00
AWK,Utilities,128.18,,109.8,109.8,-0.1674,False,False,,True,True,False,True,True,4,5,False,25473081344,2026-10-09T02:02:11.453834+00:00
BANF,Financial Services,106.9,,91.55,91.55,-0.1677,False,False,,True,True,True,,True,4,4,False,3590384896,2026-10-09T02:02:11.453834+00:00
RCL,Consumer Cyclical,281.41,,240.98,240.98,-0.1678,False,False,,True,True,True,False,True,4,5,False,75263688704,2026-10-09T02:02:11.453834+00:00
CW,Industrials,507.29,496.38,339.42,433.6,-0.17,False,False,37.56,True,True,True,True,True,5,5,False,18736474112,2026-10-09T02:02:11.453834+00:00
GFL,Industrials,42.33,,36.13,36.13,-0.1717,False,False,,False,True,True,True,True,4,5,False,15276488704,2026-10-09T02:02:11.453834+00:00
NTRS,Financial Services,168.5,,143.81,143.81,-0.1717,False,False,,True,True,True,,True,4,4,False,30828025856,2026-10-09T02:02:11.453834+00:00
CMG,Consumer Cyclical,32.68,34.78,17.49,27.86,-0.1729,False,False,66.16,True,True,True,False,True,4,5,False,41353859072,2026-10-09T02:02:11.453834+00:00
DOC,Real Estate,18.52,,15.78,15.78,-0.1735,False,False,,True,True,,True,True,4,4,False,13129703424,2026-10-09T02:02:11.453834+00:00
PSA,Real Estate,285.52,,243.24,243.24,-0.1738,False,False,,True,True,True,True,True,5,5,False,53350064128,2026-10-09T02:02:11.453834+00:00
UE,Real Estate,19.29,,16.4,16.4,-0.1759,False,False,,True,True,,True,True,4,4,False,2655984896,2026-10-09T02:02:11.453834+00:00
NXST,Communication Services,162.11,,137.68,137.68,-0.1774,False,False,,False,True,True,False,True,3,5,False,4994333696,2026-10-09T02:02:11.453834+00:00
DGX,Healthcare,230.81,240.65,128.64,195.84,-0.1785,False,False,60.66,True,True,True,True,True,5,5,False,25475274752,2026-10-09T02:02:11.453834+00:00
CPT,Real Estate,96.76,,82.08,82.08,-0.1788,False,False,,True,True,True,True,True,5,5,False,9728188416,2026-10-09T02:02:11.453834+00:00
GOOG,Communication Services,344.86,229.25,386.65,292.21,-0.1802,False,False,51.11,True,True,True,True,True,5,5,False,4217615155200,2026-10-09T02:02:11.453834+00:00
AWR,Utilities,81.83,,69.33,69.33,-0.1802,False,False,,True,True,False,True,,3,4,False,3243383296,2026-10-09T02:02:11.453834+00:00
SJM,Consumer Defensive,119.41,,101.03,101.03,-0.1819,False,False,,True,False,True,True,True,4,5,False,12755757056,2026-10-09T02:02:11.453834+00:00
QSR,Consumer Cyclical,70.66,,59.64,59.64,-0.1847,False,False,,True,True,True,False,True,4,5,False,32370122752,2026-10-09T02:02:11.453834+00:00
AVY,Consumer Cyclical,167.62,126.03,164.16,141.28,-0.1864,False,False,26.28,False,True,True,True,True,4,5,False,12821317632,2026-10-09T02:02:11.453834+00:00
FTV,Technology,56.42,37.89,61.95,47.51,-0.1874,False,False,48.18,False,True,True,True,True,4,5,False,17200259072,2026-10-09T02:02:11.453834+00:00
REGN,Healthcare,739.57,,622.39,622.39,-0.1883,False,False,,True,True,True,True,True,5,5,False,76142428160,2026-10-09T02:02:11.453834+00:00
UNF,Industrials,259.6,212.72,223.47,217.02,-0.1962,False,False,4.93,True,True,True,True,True,5,5,False,4694651392,2026-10-09T02:02:11.453834+00:00
SYY,Consumer Defensive,78.2,59.96,73.17,65.25,-0.1985,False,False,19.85,True,True,True,False,True,4,5,False,38467670016,2026-10-09T02:02:11.453834+00:00
AZO,Consumer Cyclical,2910.54,,2412.93,2412.93,-0.2062,False,False,,True,True,True,,True,4,4,False,47072165888,2026-10-09T02:02:11.453834+00:00
PIPR,Financial Services,64.38,,53.37,53.37,-0.2063,False,False,,True,True,True,True,True,5,5,False,4549752832,2026-10-09T02:02:11.453834+00:00
DTE,Utilities,127.1,,105.23,105.23,-0.2078,False,False,,False,True,False,False,True,2,5,False,26447992832,2026-10-09T02:02:11.453834+00:00
MEDP,Healthcare,602.7,656.09,261.32,498.18,-0.2098,False,False,86.06,True,True,True,True,False,4,5,False,16822354944,2026-10-09T02:02:11.453834+00:00
O,Real Estate,54.17,,44.72,44.72,-0.2113,False,False,,True,True,,True,True,4,4,False,51256631296,2026-10-09T02:02:11.453834+00:00
CCL,Consumer Cyclical,26.13,8.91,40.47,21.53,-0.2134,False,False,127.8,True,True,True,True,True,5,5,False,35134664704,2026-10-09T02:02:11.453834+00:00
ITW,Industrials,264.71,199.53,246.07,218.14,-0.2135,False,False,20.89,True,True,True,False,True,4,5,False,75389403136,2026-10-09T02:02:11.453834+00:00
MHO,Consumer Cyclical,130.17,47.61,196.47,107.16,-0.2148,False,False,121.97,True,True,True,True,True,5,5,False,3291092224,2026-10-09T02:02:11.453834+00:00
EVR,Financial Services,266.75,,219.42,219.42,-0.2157,False,False,,True,True,True,True,True,5,5,False,10258612224,2026-10-09T02:02:11.453834+00:00
NNI,Financial Services,125.96,,103.41,103.41,-0.2181,False,False,,False,True,True,True,,3,4,False,4506778112,2026-10-09T02:02:11.453834+00:00
SKT,Real Estate,34.61,,28.38,28.38,-0.2197,False,False,,True,True,,False,True,3,4,False,4137236224,2026-10-09T02:02:11.453834+00:00
ABNB,Consumer Cyclical,163.23,165.16,85.83,133.43,-0.2233,False,False,63.21,True,True,True,True,True,5,5,False,97739784192,2026-10-09T02:02:11.453834+00:00
SYBT,Financial Services,75.89,,62.02,62.02,-0.2236,False,False,,True,True,True,,True,4,4,False,2357647616,2026-10-09T02:02:11.453834+00:00
ADSK,Technology,233.6,164.45,230.09,190.71,-0.2249,False,False,33.27,True,True,True,True,True,5,5,False,48822403072,2026-10-09T02:02:11.453834+00:00
MS,Financial Services,187.44,,152.95,152.95,-0.2255,False,False,,True,True,False,False,True,3,5,False,294386958336,2026-10-09T02:02:11.453834+00:00
NEE,Utilities,77.37,,63.04,63.04,-0.2274,False,False,,True,True,True,True,True,5,5,False,161363296256,2026-10-09T02:02:11.453834+00:00
PRIM,Industrials,82.66,68.81,64.74,67.18,-0.2304,False,False,6.11,True,True,True,True,True,5,5,False,4449780224,2026-10-09T02:02:11.453834+00:00
CVBF,Financial Services,21.75,,17.67,17.67,-0.2311,False,False,,False,True,True,,True,3,4,False,3827944448,2026-10-09T02:02:11.453834+00:00
EXR,Real Estate,133.12,,107.65,107.65,-0.2366,False,False,,True,True,True,True,True,5,5,False,29379921920,2026-10-09T02:02:11.453834+00:00
LNT,Utilities,65.5,,52.92,52.92,-0.2377,False,False,,True,True,False,True,True,4,5,False,16983148544,2026-10-09T02:02:11.453834+00:00
CRBG,Financial Services,34.45,,27.82,27.82,-0.2384,False,False,,False,False,,True,True,2,4,False,15356863488,2026-10-09T02:02:11.453834+00:00
RBA,Industrials,84.03,,67.76,67.76,-0.2401,False,False,,True,True,True,True,True,5,5,False,15654789120,2026-10-09T02:02:11.453834+00:00
NHC,Healthcare,225.17,209.22,139.96,181.51,-0.2405,False,False,39.67,True,True,True,True,,4,4,False,3526476288,2026-10-09T02:02:11.453834+00:00
TGT,Consumer Defensive,154.76,83.66,186.16,124.66,-0.2415,False,False,75.98,False,True,True,True,True,4,5,False,70306144256,2026-10-09T02:02:11.453834+00:00
GOOGL,Communication Services,348.29,215.92,377.07,280.38,-0.2422,False,False,54.35,True,True,True,True,True,5,5,False,4259564224512,2026-10-09T02:02:11.453834+00:00
ELS,Real Estate,58.5,,47.09,47.09,-0.2422,False,False,,True,True,True,True,True,5,5,False,11722456064,2026-10-09T02:02:11.453834+00:00
ADUS,Healthcare,114.26,95.11,87.28,91.98,-0.2422,False,False,8.58,True,True,True,True,True,5,5,False,2132637312,2026-10-09T02:02:11.453834+00:00
APP,Communication Services,280.12,220.85,231.33,225.04,-0.2448,False,False,4.63,True,True,True,True,True,5,5,False,93742301184,2026-10-09T02:02:11.453834+00:00
ESE,Technology,254.06,211.53,192.68,203.99,-0.2454,False,False,9.33,True,True,True,True,True,5,5,False,6582076416,2026-10-09T02:02:11.453834+00:00
PG,Consumer Defensive,150.59,,120.73,120.73,-0.2473,False,False,,True,True,True,True,True,5,5,False,350036393984,2026-10-09T02:02:11.453834+00:00
IBP,Consumer Cyclical,187.83,141.08,164.79,150.57,-0.2475,False,False,15.5,True,True,True,True,True,5,5,False,4992366592,2026-10-09T02:02:11.453834+00:00
UFPT,Healthcare,286.56,295.34,131.16,229.67,-0.2477,False,False,76.99,True,True,True,True,,4,4,False,2219633664,2026-10-09T02:02:11.453834+00:00
QGEN,Healthcare,44.53,40.04,29.08,35.66,-0.2489,False,False,31.7,False,True,True,True,True,4,5,False,9195222016,2026-10-09T02:02:11.453834+00:00
CVLT,Technology,151.0,166.39,52.5,120.84,-0.2496,False,False,104.06,True,True,True,False,True,4,5,False,6258129408,2026-10-09T02:02:11.453834+00:00
STT,Financial Services,175.09,,140.1,140.1,-0.2497,False,False,,True,True,True,,True,4,4,False,48097529856,2026-10-09T02:02:11.453834+00:00
DRS,Industrials,35.87,,28.51,28.51,-0.2581,False,False,,True,True,True,True,True,5,5,False,9573398528,2026-10-09T02:02:11.453834+00:00
PPLI,Communication Services,40.93,7.32,70.07,32.42,-0.2626,False,False,162.17,False,False,True,True,True,3,5,False,3047808512,2026-10-09T02:02:11.453834+00:00
CVX,Energy,211.55,163.15,173.03,167.1,-0.266,False,False,5.88,False,True,True,True,True,4,5,False,414977196032,2026-10-09T02:02:11.453834+00:00
LBRT,Energy,18.85,,14.86,14.86,-0.2685,False,False,,False,True,True,True,True,4,5,False,3076158464,2026-10-09T02:02:11.453834+00:00
DORM,Consumer Cyclical,121.67,70.63,133.68,95.85,-0.2694,False,False,61.73,True,True,True,True,True,5,5,False,3610632448,2026-10-09T02:02:11.453834+00:00
NWE,Utilities,74.63,,58.77,58.77,-0.2699,False,False,,True,True,False,True,False,3,5,False,4591076864,2026-10-09T02:02:11.453834+00:00
MANH,Technology,206.78,201.32,104.65,162.65,-0.2713,False,False,63.19,True,True,True,True,True,5,5,False,12056301568,2026-10-09T02:02:11.453834+00:00
SRE,Utilities,80.08,,62.94,62.94,-0.2724,False,False,,False,True,False,True,True,3,5,False,52364341248,2026-10-09T02:02:11.453834+00:00
OSW,Consumer Cyclical,23.5,21.87,13.31,18.45,-0.274,False,False,48.68,True,True,True,True,True,5,5,False,2385219840,2026-10-09T02:02:11.453834+00:00
PRMB,Consumer Defensive,19.34,,15.15,15.15,-0.2765,False,False,,True,True,True,True,True,5,5,False,6999991296,2026-10-09T02:02:11.453834+00:00
RTX,Industrials,184.32,,144.29,144.29,-0.2774,False,False,,True,True,True,True,True,5,5,False,248418779136,2026-10-09T02:02:11.453834+00:00
MTDR,Energy,54.48,2.97,102.09,42.62,-0.2783,False,False,188.68,True,True,True,True,True,5,5,False,6742129664,2026-10-09T02:02:11.453834+00:00
CRL,Healthcare,298.0,232.89,,232.89,-0.2796,False,False,,True,False,True,True,True,4,5,False,14226184192,2026-10-09T02:02:11.453834+00:00
MCD,Consumer Cyclical,236.9,,184.94,184.94,-0.281,False,False,,True,True,True,,True,4,4,False,167640268800,2026-10-09T02:02:11.453834+00:00
BRO,Financial Services,63.75,,49.75,49.75,-0.2815,False,False,,True,True,True,True,True,5,5,False,21331410944,2026-10-09T02:02:11.453834+00:00
JOE,Real Estate,65.25,,50.86,50.86,-0.283,False,False,,True,True,True,True,,4,4,False,3714712064,2026-10-09T02:02:11.453834+00:00
HLIO,Industrials,67.95,47.95,60.39,52.92,-0.2839,False,False,22.98,False,True,True,True,True,4,5,False,2238991616,2026-10-09T02:02:11.453834+00:00
CARR,Industrials,55.83,47.53,36.94,43.3,-0.2895,False,False,25.08,True,True,True,True,True,5,5,False,46371307520,2026-10-09T02:02:11.453834+00:00
TDG,Industrials,1089.3,887.0,781.31,844.72,-0.2895,False,False,12.67,True,True,True,,True,4,4,False,60928454656,2026-10-09T02:02:11.453834+00:00
ETR,Utilities,102.49,,79.47,79.47,-0.2897,False,False,,False,True,False,True,True,3,5,False,48967413760,2026-10-09T02:02:11.453834+00:00
PRK,Financial Services,178.46,,138.25,138.25,-0.2909,False,False,,True,True,True,,True,4,4,False,3223730176,2026-10-09T02:02:11.453834+00:00
SMG,Basic Materials,50.43,30.67,51.65,39.06,-0.291,False,False,50.98,False,True,True,,True,3,4,False,2936048384,2026-10-09T02:02:11.453834+00:00
FND,Consumer Cyclical,46.5,,35.85,35.85,-0.2971,False,False,,True,True,True,True,True,5,5,False,4951783424,2026-10-09T02:02:11.453834+00:00
SHW,Basic Materials,321.03,294.6,175.83,247.09,-0.2992,False,False,50.49,True,True,True,False,True,4,5,False,77932650496,2026-10-09T02:02:11.453834+00:00
BEN,Financial Services,32.4,,24.93,24.93,-0.2997,False,False,,True,True,True,True,True,5,5,False,16461691904,2026-10-09T02:02:11.453834+00:00
LQDA,Healthcare,28.02,,21.55,21.55,-0.3002,False,False,,True,False,False,True,True,3,5,False,2508039168,2026-10-09T02:02:11.453834+00:00
BALL,Consumer Cyclical,58.37,34.83,59.87,44.85,-0.3016,False,False,52.88,False,True,True,True,True,4,5,False,15540808704,2026-10-09T02:02:11.453834+00:00
CDE,Basic Materials,16.87,8.25,20.02,12.96,-0.3019,False,False,83.33,True,True,True,True,True,5,5,False,17341263872,2026-10-09T02:02:11.453834+00:00
UNH,Healthcare,370.95,324.11,225.4,284.63,-0.3033,False,False,35.93,True,True,True,True,True,5,5,False,332962824192,2026-10-09T02:02:11.453834+00:00
GEHC,Healthcare,64.22,42.39,59.59,49.27,-0.3034,False,False,33.74,True,True,True,True,True,5,5,False,29213151232,2026-10-09T02:02:11.453834+00:00
CCI,Real Estate,68.89,,52.82,52.82,-0.3043,False,False,,False,True,True,,True,3,4,False,29309624320,2026-10-09T02:02:11.453834+00:00
META,Communication Services,720.89,564.02,534.66,552.28,-0.3053,False,False,5.34,True,True,True,True,True,5,5,False,1836471812096,2026-10-09T02:02:11.453834+00:00
MSM,Industrials,128.92,94.7,104.78,98.73,-0.3057,False,False,10.1,True,True,True,True,True,5,5,False,7199704576,2026-10-09T02:02:11.453834+00:00
AME,Industrials,247.52,208.39,161.28,189.54,-0.3059,False,False,25.49,True,True,True,True,True,5,5,False,56732327936,2026-10-09T02:02:11.453834+00:00
SWKS,Technology,80.75,58.82,65.59,61.53,-0.3124,False,False,10.88,False,True,True,True,False,3,5,False,18989619200,2026-10-09T02:02:11.453834+00:00
PR,Energy,22.84,9.34,29.42,17.37,-0.3148,False,False,103.63,True,True,True,True,True,5,5,False,19129802752,2026-10-09T02:02:11.453834+00:00
IQV,Healthcare,258.88,189.67,206.98,196.6,-0.3168,False,False,8.73,True,True,True,False,True,4,5,False,42611650560,2026-10-09T02:02:11.453834+00:00
NDSN,Industrials,326.87,258.16,233.03,248.11,-0.3175,False,False,10.23,True,True,True,True,True,5,5,False,18212526080,2026-10-09T02:02:11.453834+00:00
SONO,Technology,16.95,10.32,16.65,12.85,-0.3188,False,False,46.9,False,False,True,True,True,3,5,False,2005083008,2026-10-09T02:02:11.453834+00:00
ASAN,Technology,9.87,7.47,,7.47,-0.3205,False,False,,True,False,True,False,True,3,5,False,2259934976,2026-10-09T02:02:11.453834+00:00
IPAR,Consumer Defensive,111.6,72.97,101.69,84.45,-0.3214,False,False,32.89,True,True,True,True,True,5,5,False,3574076928,2026-10-09T02:02:11.453834+00:00
MDLZ,Consumer Defensive,60.67,,45.78,45.78,-0.3252,False,False,,True,True,True,True,True,5,5,False,77879033856,2026-10-09T02:02:11.453834+00:00
ADC,Real Estate,65.82,,49.62,49.62,-0.3265,False,False,,True,True,,True,True,4,4,False,8209651712,2026-10-09T02:02:11.453834+00:00
AON,Financial Services,277.12,,208.67,208.67,-0.328,False,False,,True,True,True,True,True,5,5,False,58784202752,2026-10-09T02:02:11.453834+00:00
TRU,Financial Services,64.59,,48.5,48.5,-0.3318,False,False,,True,True,True,True,True,5,5,False,12375443456,2026-10-09T02:02:11.453834+00:00
TMDX,Healthcare,79.0,32.65,99.25,59.29,-0.3324,False,False,100.98,True,True,True,True,True,5,5,False,2730311936,2026-10-09T02:02:11.453834+00:00
GM,Consumer Cyclical,82.25,,61.61,61.61,-0.3349,False,False,,True,True,True,False,True,4,5,False,72170389504,2026-10-09T02:02:11.453834+00:00
IRDM,Communication Services,47.56,44.71,21.88,35.57,-0.3369,False,False,68.57,True,True,True,False,False,3,5,False,5040482816,2026-10-09T02:02:11.453834+00:00
NRG,Utilities,106.32,,79.34,79.34,-0.34,False,False,,False,True,True,False,True,3,5,False,22349578240,2026-10-09T02:02:11.453834+00:00
MTN,Consumer Cyclical,146.09,111.79,104.76,108.98,-0.3405,False,False,6.5,True,True,True,False,False,3,5,False,5205960192,2026-10-09T02:02:11.453834+00:00
IDA,Utilities,134.08,,99.98,99.98,-0.3411,False,False,,True,True,False,True,True,4,5,False,7755461120,2026-10-09T02:02:11.453834+00:00
FLS,Industrials,69.65,39.77,70.07,51.89,-0.3423,False,False,55.17,True,True,True,True,True,5,5,False,8901758976,2026-10-09T02:02:11.453834+00:00
OPLN,Consumer Cyclical,35.68,30.52,20.58,26.54,-0.3442,False,False,38.91,True,True,True,True,True,5,5,False,4355452928,2026-10-09T02:02:11.453834+00:00
AMZN,Consumer Cyclical,254.06,,188.72,188.72,-0.3462,False,False,,True,True,True,True,True,5,5,False,2740370800640,2026-10-09T02:02:11.453834+00:00
RSI,Consumer Cyclical,20.32,15.99,13.72,15.08,-0.3475,False,False,15.28,True,True,True,True,True,5,5,False,4705588736,2026-10-09T02:02:11.453834+00:00
PSMT,Consumer Defensive,167.22,129.67,115.61,124.04,-0.3481,False,False,11.46,True,True,True,True,False,4,5,False,5160496640,2026-10-09T02:02:11.453834+00:00
TXNM,Utilities,58.58,,43.43,43.43,-0.3487,False,False,,False,True,False,True,True,3,5,False,6451167232,2026-10-09T02:02:11.453834+00:00
CVCO,Consumer Cyclical,548.72,412.14,395.53,405.5,-0.3532,False,False,4.11,True,True,True,True,True,5,5,False,4219328512,2026-10-09T02:02:11.453834+00:00
BNY,Financial Services,143.61,,105.88,105.88,-0.3564,False,False,,True,True,True,,True,4,4,False,97439981568,2026-10-09T02:02:11.453834+00:00
PENG,Technology,71.57,34.8,79.44,52.65,-0.3592,False,False,78.17,False,True,True,True,True,4,5,False,3667440128,2026-10-09T02:02:11.453834+00:00
FFIN,Financial Services,31.43,,23.1,23.1,-0.3604,False,False,,True,True,True,,True,4,4,False,4504542208,2026-10-09T02:02:11.453834+00:00
CEG,Utilities,285.07,,209.53,209.53,-0.3605,False,False,,True,True,True,True,True,5,5,False,101002412032,2026-10-09T02:02:11.453834+00:00
CBRE,Real Estate,131.08,,96.27,96.27,-0.3615,False,False,,True,True,True,True,True,5,5,False,37957529600,2026-10-09T02:02:11.453834+00:00
APG,Industrials,39.98,30.89,26.74,29.23,-0.3678,False,False,14.38,True,True,True,True,True,5,5,False,17277767680,2026-10-09T02:02:11.453834+00:00
DT,Technology,61.12,61.74,18.88,44.59,-0.3706,False,False,106.33,True,True,True,True,False,4,5,False,17663809536,2026-10-09T02:02:11.453834+00:00
AMKR,Technology,51.0,6.39,83.27,37.14,-0.3731,False,False,171.49,False,True,True,True,True,4,5,False,12641498112,2026-10-09T02:02:11.453834+00:00
FITB,Financial Services,50.7,,36.69,36.69,-0.3817,False,False,,True,True,True,,True,4,4,False,45963251712,2026-10-09T02:02:11.453834+00:00
NBIX,Healthcare,141.25,,102.08,102.08,-0.3837,False,False,,True,True,True,True,True,5,5,False,14357947392,2026-10-09T02:02:11.453834+00:00
BWXT,Industrials,142.22,118.38,79.1,102.67,-0.3852,False,False,39.78,True,True,True,True,True,5,5,False,13030478848,2026-10-09T02:02:11.453834+00:00
CUZ,Real Estate,27.72,,19.99,19.99,-0.3865,False,False,,True,True,True,True,True,5,5,False,4563461632,2026-10-09T02:02:11.453834+00:00
NOW,Technology,139.75,134.36,49.94,100.59,-0.3893,False,False,91.62,True,True,True,True,True,5,5,False,144482222080,2026-10-09T02:02:11.453834+00:00
CHRW,Industrials,141.34,91.95,116.35,101.71,-0.3896,False,False,23.42,False,True,True,True,True,4,5,False,16487091200,2026-10-09T02:02:11.453834+00:00
ACA,Industrials,146.5,95.9,118.65,105.0,-0.3952,False,False,21.21,True,True,True,True,True,5,5,False,7194147328,2026-10-09T02:02:11.453834+00:00
FDXF,Industrials,115.65,,82.86,82.86,-0.3958,False,False,,False,True,False,,True,2,4,False,17291771904,2026-10-09T02:02:11.453834+00:00
RGLD,Basic Materials,231.18,,165.16,165.16,-0.3997,False,False,,True,True,False,True,True,4,5,False,19587385344,2026-10-09T02:02:11.453834+00:00
CLH,Industrials,317.34,219.48,237.48,226.68,-0.4,False,False,7.88,True,True,True,True,True,5,5,False,16751505408,2026-10-09T02:02:11.453834+00:00
PLMR,Financial Services,131.44,,93.45,93.45,-0.4065,False,False,,True,True,True,True,True,5,5,False,3459196416,2026-10-09T02:02:11.453834+00:00
BTU,Energy,25.0,,17.76,17.76,-0.4075,False,False,,False,False,False,True,True,2,5,False,3047500032,2026-10-09T02:02:11.453834+00:00
TREX,Industrials,44.44,24.65,41.65,31.45,-0.413,False,False,51.3,True,True,True,True,True,5,5,False,4617259520,2026-10-09T02:02:11.453834+00:00
OPCH,Healthcare,31.05,24.65,17.83,21.93,-0.4161,False,False,32.1,True,True,True,True,False,4,5,False,4651087360,2026-10-09T02:02:11.453834+00:00
MATX,Industrials,227.79,40.48,341.42,160.86,-0.4161,False,False,157.6,False,True,True,True,True,4,5,False,6811708416,2026-10-09T02:02:11.453834+00:00
CBC,Financial Services,32.37,,22.86,22.86,-0.4163,False,False,,True,True,True,,True,4,4,False,7752780800,2026-10-09T02:02:11.453834+00:00
LAZ,Financial Services,35.82,,25.2,25.2,-0.4212,False,False,,True,True,True,False,True,4,5,False,3526038016,2026-10-09T02:02:11.453834+00:00
PLD,Real Estate,129.29,,90.96,90.96,-0.4213,False,False,,True,True,,True,True,4,4,False,125681688576,2026-10-09T02:02:11.453834+00:00
ARMK,Industrials,55.54,35.18,44.79,39.03,-0.4231,False,False,24.04,True,True,True,True,True,5,5,False,14641734656,2026-10-09T02:02:11.453834+00:00
IEX,Industrials,231.75,155.99,173.07,162.82,-0.4234,False,False,10.38,True,True,True,True,True,5,5,False,17084585984,2026-10-09T02:02:11.453834+00:00
ETSY,Consumer Cyclical,75.14,56.42,47.35,52.79,-0.4234,False,False,17.48,True,True,True,,True,4,4,False,6896480256,2026-10-09T02:02:11.453834+00:00
ATMU,Consumer Cyclical,42.62,22.5,40.97,29.89,-0.426,False,False,58.2,True,True,True,False,True,4,5,False,3477601280,2026-10-09T02:02:11.453834+00:00
SCHW,Financial Services,96.87,,67.83,67.83,-0.4282,False,False,,True,True,True,True,True,5,5,False,167520747520,2026-10-09T02:02:11.453834+00:00
GBCI,Financial Services,42.98,,30.02,30.02,-0.4316,False,False,,True,True,True,,True,4,4,False,5596084224,2026-10-09T02:02:11.453834+00:00
TOWN,Financial Services,35.27,,24.59,24.59,-0.4346,False,False,,True,True,True,,True,4,4,False,3260262656,2026-10-09T02:02:11.453834+00:00
KMX,Consumer Cyclical,53.79,,37.44,37.44,-0.4367,False,False,,False,True,True,False,True,3,5,False,7635103232,2026-10-09T02:02:11.453834+00:00
PH,Industrials,946.96,660.69,651.89,657.17,-0.441,False,False,1.34,True,True,True,True,True,5,5,False,119423418368,2026-10-09T02:02:11.453834+00:00
ULTA,Consumer Cyclical,564.21,345.19,460.28,391.22,-0.4422,False,False,28.58,True,True,True,True,True,5,5,False,24124194816,2026-10-09T02:02:11.453834+00:00
MPC,Energy,463.34,278.13,384.85,320.82,-0.4442,False,False,32.19,False,True,True,True,False,3,5,False,135265918976,2026-10-09T02:02:11.453834+00:00
TT,Industrials,469.94,337.69,304.41,324.37,-0.4488,False,False,10.37,True,True,True,True,True,5,5,False,103397695488,2026-10-09T02:02:11.453834+00:00
OWL,Financial Services,9.27,,6.38,6.38,-0.4536,False,False,,True,True,True,True,True,5,5,False,14527541248,2026-10-09T02:02:11.453834+00:00
MKTX,Financial Services,164.31,,113.04,113.04,-0.4536,False,False,,True,True,True,True,False,4,5,False,5783250944,2026-10-09T02:02:11.453834+00:00
ITT,Industrials,198.7,144.39,124.87,136.58,-0.4548,False,False,14.49,True,True,True,True,True,5,5,False,17851172864,2026-10-09T02:02:11.453834+00:00
CCC,Technology,6.57,,4.51,4.51,-0.4557,False,False,,True,True,True,True,True,5,5,False,3869695232,2026-10-09T02:02:11.453834+00:00
LTH,Consumer Cyclical,40.28,,27.64,27.64,-0.4573,False,False,,True,True,False,True,True,4,5,False,9001047040,2026-10-09T02:02:11.453834+00:00
BELFB,Technology,242.5,154.46,184.29,166.39,-0.4574,False,False,17.61,True,True,True,True,True,5,5,False,3449006336,2026-10-09T02:02:11.453834+00:00
GSAT,Communication Services,83.22,90.46,6.83,57.01,-0.4599,False,False,171.93,True,False,True,True,True,4,5,False,10782265344,2026-10-09T02:02:11.453834+00:00
TGTX,Healthcare,53.34,,36.16,36.16,-0.4752,False,False,,True,True,False,True,True,4,5,False,8164703232,2026-10-09T02:02:11.453834+00:00
NFLX,Communication Services,71.57,46.24,51.83,48.48,-0.4763,False,False,11.39,True,True,True,True,True,5,5,False,298013163520,2026-10-09T02:02:11.453834+00:00
ATR,Healthcare,121.81,,82.29,82.29,-0.4802,False,False,,True,True,True,True,True,5,5,False,7744817152,2026-10-09T02:02:11.453834+00:00
NIC,Financial Services,164.03,,110.33,110.33,-0.4868,False,False,,True,True,True,,True,4,4,False,3437660672,2026-10-09T02:02:11.453834+00:00
ALB,Basic Materials,102.1,73.95,60.19,68.45,-0.4917,False,False,20.51,False,False,True,True,True,3,5,False,12048316416,2026-10-09T02:02:11.453834+00:00
JAN,Real Estate,28.1,,18.77,18.77,-0.497,False,False,,True,False,True,,True,3,4,False,8730186752,2026-10-09T02:02:11.453834+00:00
SSD,Basic Materials,171.95,82.09,163.51,114.66,-0.4997,False,False,66.3,True,True,True,True,True,5,5,False,7047315456,2026-10-09T02:02:11.453834+00:00
FBNC,Financial Services,59.73,,39.78,39.78,-0.5014,False,False,,False,True,True,,True,3,4,False,2472751616,2026-10-09T02:02:11.453834+00:00
PJT,Financial Services,135.8,,90.44,90.44,-0.5016,False,False,,True,True,True,True,True,5,5,False,5784700416,2026-10-09T02:02:11.453834+00:00
MIAX,Financial Services,30.7,,20.44,20.44,-0.5021,False,False,,True,False,True,True,True,4,5,False,3046388480,2026-10-09T02:02:11.453834+00:00
DY,Industrials,277.21,100.35,310.3,184.33,-0.5039,False,False,102.25,True,True,True,True,True,5,5,False,8360918528,2026-10-09T02:02:11.453834+00:00
GFS,Technology,49.36,19.63,52.49,32.77,-0.5063,False,False,91.14,False,True,True,True,True,4,5,False,27514183680,2026-10-09T02:02:11.453834+00:00
ECL,Basic Materials,281.69,222.64,132.63,186.64,-0.5093,False,False,50.67,True,True,True,True,True,5,5,False,78965768192,2026-10-09T02:02:11.453834+00:00
AXP,Financial Services,308.1,,203.6,203.6,-0.5132,False,False,,True,True,True,True,True,5,5,False,208062955520,2026-10-09T02:02:11.453834+00:00
MLM,Basic Materials,481.57,356.89,259.82,318.06,-0.5141,False,False,31.48,False,True,True,True,True,4,5,False,34200805376,2026-10-09T02:02:11.453834+00:00
CTRI,Utilities,20.81,,13.74,13.74,-0.5147,False,False,,True,True,False,True,True,4,5,False,2101041152,2026-10-09T02:02:11.453834+00:00
FDS,Financial Services,286.52,,189.09,189.09,-0.5153,False,False,,True,True,True,True,False,4,5,False,10190239744,2026-10-09T02:02:11.453834+00:00
LNG,Energy,277.88,,183.09,183.09,-0.5177,False,False,,False,True,True,False,True,3,5,False,57391714304,2026-10-09T02:02:11.453834+00:00
IRT,Real Estate,14.64,,9.64,9.64,-0.5184,False,False,,True,True,True,True,True,5,5,False,3537848576,2026-10-09T02:02:11.453834+00:00
SARO,Industrials,20.33,5.34,25.44,13.38,-0.519,False,False,130.58,True,True,True,True,True,5,5,False,6727591936,2026-10-09T02:02:11.453834+00:00
AKR,Real Estate,18.18,,11.96,11.96,-0.5204,False,False,,True,True,,True,True,4,4,False,2650518272,2026-10-09T02:02:11.453834+00:00
OKTA,Technology,220.21,206.29,52.56,144.8,-0.5208,False,False,118.78,True,True,True,True,False,4,5,False,38497316864,2026-10-09T02:02:11.453834+00:00
FUL,Basic Materials,50.44,7.1,71.87,33.01,-0.5282,False,False,164.06,False,True,True,True,True,4,5,False,2715140864,2026-10-09T02:02:11.453834+00:00
DXCM,Healthcare,84.41,65.88,39.23,55.22,-0.5285,False,False,50.71,True,True,True,True,True,5,5,False,31853023232,2026-10-09T02:02:11.453834+00:00
ESS,Real Estate,268.58,,175.36,175.36,-0.5316,False,False,,True,True,True,True,True,5,5,False,18512195584,2026-10-09T02:02:11.453834+00:00
FTAI,Industrials,171.06,,111.63,111.63,-0.5324,False,False,,True,True,False,False,True,3,5,False,17569075200,2026-10-09T02:02:11.453834+00:00
SPHR,Communication Services,109.25,69.56,73.8,71.26,-0.5332,False,False,5.91,True,True,True,True,True,5,5,False,3923561728,2026-10-09T02:02:11.453834+00:00
MORN,Financial Services,202.74,,132.2,132.2,-0.5336,False,False,,True,True,True,True,True,5,5,False,7605501952,2026-10-09T02:02:11.453834+00:00
TXRH,Consumer Cyclical,162.76,105.68,106.63,106.06,-0.5346,False,False,0.9,True,True,True,True,True,5,5,False,10683716608,2026-10-09T02:02:11.453834+00:00
CNR,Energy,88.55,,57.65,57.65,-0.536,False,False,,True,False,True,True,True,4,5,False,4395290624,2026-10-09T02:02:11.453834+00:00
CLBK,Financial Services,11.01,,7.17,7.17,-0.5365,False,False,,False,True,True,,True,3,4,False,2967691776,2026-10-09T02:02:11.453834+00:00
RYAN,Financial Services,37.79,,24.57,24.57,-0.5381,False,False,,True,True,True,False,True,4,5,False,9684405248,2026-10-09T02:02:11.453834+00:00
EXP,Basic Materials,167.3,36.08,217.06,108.48,-0.5423,False,False,142.98,True,True,True,True,True,5,5,False,5131981824,2026-10-09T02:02:11.453834+00:00
KWR,Basic Materials,158.11,93.32,115.43,102.16,-0.5477,False,False,21.19,False,False,True,True,True,3,5,False,2720709888,2026-10-09T02:02:11.453834+00:00
RYN,Real Estate,18.6,,12.01,12.01,-0.5493,False,False,,False,True,True,True,True,4,5,False,5566041600,2026-10-09T02:02:11.453834+00:00
HP,Energy,40.19,12.94,45.37,25.91,-0.551,False,False,111.23,True,False,True,True,True,4,5,False,4016546048,2026-10-09T02:02:11.453834+00:00
SEIC,Financial Services,103.25,,66.41,66.41,-0.5547,False,False,,True,True,True,True,True,5,5,False,12391981056,2026-10-09T02:02:11.453834+00:00
CAKE,Consumer Cyclical,106.91,79.62,52.24,68.67,-0.557,False,False,41.53,True,True,True,False,False,3,5,False,5319909376,2026-10-09T02:02:11.453834+00:00
AVNT,Basic Materials,40.98,16.01,41.74,26.3,-0.5583,False,False,89.11,False,True,True,True,True,4,5,False,3758667264,2026-10-09T02:02:11.453834+00:00
EGP,Real Estate,195.12,,125.13,125.13,-0.5593,False,False,,True,True,True,True,True,5,5,False,10492249088,2026-10-09T02:02:11.453834+00:00
HD,Consumer Cyclical,295.47,161.68,229.32,188.73,-0.5655,False,False,34.6,True,True,True,False,True,4,5,False,294787350528,2026-10-09T02:02:11.453834+00:00
DNOW,Industrials,15.65,11.08,8.29,9.96,-0.5709,False,False,28.75,True,False,True,True,True,4,5,False,2829299200,2026-10-09T02:02:11.453834+00:00
TTMI,Technology,117.5,,74.79,74.79,-0.571,False,False,,True,True,False,True,True,4,5,False,12378491904,2026-10-09T02:02:11.453834+00:00
DXPE,Industrials,178.58,83.71,156.93,113.0,-0.5804,False,False,60.85,True,True,True,True,,4,4,False,2771052288,2026-10-09T02:02:11.453834+00:00
CL,Consumer Defensive,88.1,,55.66,55.66,-0.5827,False,False,,True,True,True,False,True,4,5,False,70230925312,2026-10-09T02:02:11.453834+00:00
TEAM,Technology,203.57,184.96,43.8,128.5,-0.5842,False,False,123.41,True,False,True,True,True,4,5,False,51531468800,2026-10-09T02:02:11.453834+00:00
EXPD,Industrials,193.71,97.43,159.42,122.23,-0.5849,False,False,48.27,False,True,True,True,False,3,5,False,25180485632,2026-10-09T02:02:11.453834+00:00
MC,Financial Services,56.27,,35.46,35.46,-0.587,False,False,,True,True,True,True,True,5,5,False,4168531968,2026-10-09T02:02:11.453834+00:00
BURL,Consumer Cyclical,276.84,,174.1,174.1,-0.5902,False,False,,True,True,True,False,True,4,5,False,17389758464,2026-10-09T02:02:11.453834+00:00
ATEN,Technology,27.96,16.62,18.94,17.55,-0.5933,False,False,13.01,True,True,True,True,True,5,5,False,2030148224,2026-10-09T02:02:11.453834+00:00
UNM,Financial Services,92.64,,58.06,58.06,-0.5956,False,False,,True,True,True,True,True,5,5,False,14665541632,2026-10-09T02:02:11.453834+00:00
LNTH,Healthcare,100.12,,62.72,62.72,-0.5964,False,False,,True,True,True,True,True,5,5,False,6537823744,2026-10-09T02:02:11.453834+00:00
NCNO,Technology,19.68,12.72,11.61,12.27,-0.6034,False,False,9.16,True,True,True,True,True,5,5,False,2080887936,2026-10-09T02:02:11.453834+00:00
ABT,Healthcare,98.49,73.54,43.08,61.35,-0.6053,False,False,52.23,True,True,True,True,True,5,5,False,171551162368,2026-10-09T02:02:11.453834+00:00
SNEX,Financial Services,60.1,,37.31,37.31,-0.6108,False,False,,True,True,True,False,,3,4,False,7249065472,2026-10-09T02:02:11.453834+00:00
PKG,Consumer Cyclical,229.94,124.54,167.84,141.86,-0.6209,False,False,29.62,True,True,True,True,True,5,5,False,20487262208,2026-10-09T02:02:11.453834+00:00
UNP,Industrials,278.2,94.48,287.15,171.55,-0.6217,False,False,100.97,False,True,True,True,True,4,5,False,165271814144,2026-10-09T02:02:11.453834+00:00
AMG,Financial Services,386.99,,238.5,238.5,-0.6226,False,False,,False,True,True,True,True,4,5,False,10007534592,2026-10-09T02:02:11.453834+00:00
HALO,Healthcare,109.84,78.89,50.59,67.57,-0.6255,False,False,43.72,True,True,True,False,False,3,5,False,12466620416,2026-10-09T02:02:11.453834+00:00
SEZL,Financial Services,117.22,,71.83,71.83,-0.6319,False,False,,True,True,True,True,True,5,5,False,3947385344,2026-10-09T02:02:11.453834+00:00
APH,Technology,85.32,42.82,64.67,51.56,-0.6548,False,False,40.65,True,True,True,True,True,5,5,False,210396282880,2026-10-09T02:02:11.453834+00:00
KO,Consumer Defensive,87.77,,52.87,52.87,-0.66,False,False,,True,True,True,True,True,5,5,False,377634717696,2026-10-09T02:02:11.453834+00:00
PM,Consumer Defensive,200.5,,120.66,120.66,-0.6617,False,False,,True,True,True,,True,4,4,False,312501993472,2026-10-09T02:02:11.453834+00:00
ASH,Basic Materials,70.69,,42.52,42.52,-0.6626,False,False,,False,False,False,True,True,2,5,False,3237133312,2026-10-09T02:02:11.453834+00:00
TOST,Technology,30.53,14.87,23.6,18.36,-0.6627,False,False,45.35,True,True,True,,True,4,4,False,17646340096,2026-10-09T02:02:11.453834+00:00
GWRE,Technology,164.78,134.2,46.25,99.02,-0.6641,False,False,97.48,True,True,True,True,True,5,5,False,13510752256,2026-10-09T02:02:11.453834+00:00
SBCF,Financial Services,31.87,,19.15,19.15,-0.6643,False,False,,True,True,True,,True,4,4,False,3085748992,2026-10-09T02:02:11.453834+00:00
MET,Financial Services,98.47,,59.07,59.07,-0.6669,False,False,,True,True,,True,True,4,4,False,62575415296,2026-10-09T02:02:11.453834+00:00
FTI,Energy,69.63,,41.76,41.76,-0.6674,False,False,,True,True,,True,True,4,4,False,27306405888,2026-10-09T02:02:11.453834+00:00
MRSH,Financial Services,176.67,,105.69,105.69,-0.6716,False,False,,True,True,True,True,True,5,5,False,84308910080,2026-10-09T02:02:11.453834+00:00
FLEX,Technology,114.74,54.74,89.27,68.55,-0.6738,False,False,47.96,False,True,True,True,True,4,5,False,42391891968,2026-10-09T02:02:11.453834+00:00
SCCO,Basic Materials,198.66,113.63,125.4,118.34,-0.6788,False,False,9.85,True,True,True,True,False,4,5,False,167737311232,2026-10-09T02:02:11.453834+00:00
RAL,Technology,71.86,38.92,48.46,42.74,-0.6815,False,False,21.82,False,False,True,True,True,3,5,False,7950590976,2026-10-09T02:02:11.453834+00:00
MAC,Real Estate,22.2,,13.19,13.19,-0.6825,False,False,,,False,,True,True,2,3,False,6549674496,2026-10-09T02:02:11.453834+00:00
MCK,Healthcare,930.25,,550.8,550.8,-0.6889,False,False,,True,True,True,,True,4,4,False,108458180608,2026-10-09T02:02:11.453834+00:00
LSTR,Industrials,169.47,97.86,103.46,100.1,-0.6931,False,False,5.56,False,True,True,True,True,4,5,False,5751290368,2026-10-09T02:02:11.453834+00:00
HXL,Industrials,85.13,46.94,55.28,50.27,-0.6933,False,False,16.31,True,True,True,True,True,5,5,False,6437824512,2026-10-09T02:02:11.453834+00:00
EW,Healthcare,84.24,62.6,30.37,49.71,-0.6946,False,False,69.33,True,True,True,True,True,5,5,False,48505389056,2026-10-09T02:02:11.453834+00:00
LFUS,Technology,425.3,181.31,355.23,250.88,-0.6952,False,False,64.83,False,False,True,True,True,3,5,False,10802086912,2026-10-09T02:02:11.453834+00:00
Q,Technology,126.68,57.05,101.1,74.67,-0.6965,False,False,55.7,False,True,True,True,True,4,5,False,26519089152,2026-10-09T02:02:11.453834+00:00
RH,Consumer Cyclical,113.67,66.66,67.35,66.94,-0.6981,False,False,1.03,False,True,True,False,True,3,5,False,2152132352,2026-10-09T02:02:11.453834+00:00
FLYW,Technology,18.43,11.29,10.14,10.83,-0.7018,False,False,10.72,True,True,True,True,True,5,5,False,2242335232,2026-10-09T02:02:11.453834+00:00
HL,Basic Materials,16.73,6.16,15.3,9.82,-0.7042,False,False,85.17,True,True,True,True,True,5,5,False,11221017600,2026-10-09T02:02:11.453834+00:00
HLI,Financial Services,125.53,,73.63,73.63,-0.7048,False,False,,True,True,True,True,True,5,5,False,8772851712,2026-10-09T02:02:11.453834+00:00
NU,Financial Services,15.38,,9.02,9.02,-0.7053,False,False,,True,True,True,,True,4,4,False,74295992320,2026-10-09T02:02:11.453834+00:00
STGW,Communication Services,8.76,5.99,3.81,5.12,-0.711,False,False,44.55,True,True,True,False,True,4,5,False,2141604992,2026-10-09T02:02:11.453834+00:00
CTAS,Industrials,201.12,117.51,117.26,117.41,-0.7129,False,False,0.21,True,True,True,True,True,5,5,False,80350855168,2026-10-09T02:02:11.453834+00:00
ROK,Industrials,434.14,251.41,256.03,253.26,-0.7142,False,False,1.82,True,True,True,True,True,5,5,False,48210673664,2026-10-09T02:02:11.453834+00:00
SOLS,Basic Materials,60.23,,35.07,35.07,-0.7175,False,False,,True,True,True,True,True,5,5,False,9567377408,2026-10-09T02:02:11.453834+00:00
SUI,Real Estate,111.8,,65.01,65.01,-0.7198,False,False,,False,True,,True,True,3,4,False,14294838272,2026-10-09T02:02:11.453834+00:00
IMAX,Communication Services,51.31,36.7,19.4,29.78,-0.7231,False,False,61.66,True,True,True,True,True,5,5,False,2813948928,2026-10-09T02:02:11.453834+00:00
COO,Healthcare,54.3,26.85,38.5,31.51,-0.7232,False,False,35.65,True,True,True,True,True,5,5,False,10325432320,2026-10-09T02:02:11.453834+00:00
MIR,Industrials,16.22,11.9,5.68,9.41,-0.7235,False,False,70.65,True,True,True,True,True,5,5,False,4039471360,2026-10-09T02:02:11.453834+00:00
CBOE,Financial Services,294.08,,170.33,170.33,-0.7265,False,False,,True,True,True,True,True,5,5,False,30711072768,2026-10-09T02:02:11.453834+00:00
LIF,Technology,41.88,17.01,35.02,24.21,-0.7297,False,False,69.24,True,True,True,True,True,5,5,False,3412397824,2026-10-09T02:02:11.453834+00:00
ON,Technology,79.41,29.64,70.22,45.87,-0.7311,False,False,81.28,False,True,True,True,True,4,5,False,30915792896,2026-10-09T02:02:11.453834+00:00
ROAD,Industrials,88.33,26.48,86.42,50.46,-0.7506,False,False,106.19,True,True,True,True,True,5,5,False,5013218304,2026-10-09T02:02:11.453834+00:00
CNS,Financial Services,70.71,,40.18,40.18,-0.76,False,False,,True,True,False,True,True,4,5,False,3636016384,2026-10-09T02:02:11.453834+00:00
ORA,Utilities,88.64,,50.2,50.2,-0.7656,False,False,,True,True,False,True,True,4,5,False,5451088896,2026-10-09T02:02:11.453834+00:00
COST,Consumer Defensive,947.92,622.97,404.72,535.67,-0.7696,False,False,42.47,True,True,True,True,True,5,5,False,420051156992,2026-10-09T02:02:11.453834+00:00
SPOT,Communication Services,526.42,313.49,273.35,297.43,-0.7699,False,False,13.68,True,True,True,True,True,5,5,False,108242509824,2026-10-09T02:02:11.453834+00:00
DCO,Industrials,168.3,,94.93,94.93,-0.7729,False,False,,True,False,False,True,True,3,5,False,2541292800,2026-10-09T02:02:11.453834+00:00
EL,Consumer Defensive,94.32,57.86,45.38,52.87,-0.784,False,False,24.17,False,True,True,False,True,3,5,False,34174285824,2026-10-09T02:02:11.453834+00:00
UCTT,Technology,67.58,,37.88,37.88,-0.7842,False,False,,False,False,True,True,True,3,5,False,3029500160,2026-10-09T02:02:11.453834+00:00
KMI,Energy,32.25,,18.06,18.06,-0.7853,False,False,,False,True,True,True,True,4,5,False,71750631424,2026-10-09T02:02:11.453834+00:00
ENPH,Technology,32.91,9.86,31.22,18.4,-0.7882,False,False,104.03,False,True,True,True,True,4,5,False,4337479680,2026-10-09T02:02:11.453834+00:00
RBLX,Communication Services,45.52,25.45,,25.45,-0.7884,False,False,,True,False,True,False,True,3,5,False,32518393856,2026-10-09T02:02:11.453834+00:00
SHOO,Consumer Cyclical,44.2,16.96,36.25,24.68,-0.7912,False,False,72.53,True,True,True,True,True,5,5,False,3234427648,2026-10-09T02:02:11.453834+00:00
RMBS,Technology,108.47,56.04,67.14,60.48,-0.7934,False,False,18.03,True,True,True,True,True,5,5,False,11729616896,2026-10-09T02:02:11.453834+00:00
BLK,Financial Services,1065.35,,593.67,593.67,-0.7945,False,False,,True,True,True,True,True,5,5,False,173094010880,2026-10-09T02:02:11.453834+00:00
MSFT,Technology,522.61,128.25,535.2,291.03,-0.7957,False,False,122.68,True,True,True,True,True,5,5,False,3880664432640,2026-10-09T02:02:11.453834+00:00
CSCO,Technology,114.89,41.61,97.01,63.77,-0.8017,False,False,79.94,True,True,True,True,True,5,5,False,452963794944,2026-10-09T02:02:11.453834+00:00
PLXS,Technology,261.38,97.63,216.23,145.07,-0.8017,False,False,75.57,True,True,True,True,True,5,5,False,6966326272,2026-10-09T02:02:11.453834+00:00
CSW,Industrials,286.62,138.61,189.71,159.05,-0.8021,False,False,31.13,True,True,True,True,True,5,5,False,4670039040,2026-10-09T02:02:11.453834+00:00
PODD,Healthcare,134.47,70.1,80.23,74.15,-0.8134,False,False,13.47,True,True,True,True,True,5,5,False,9326059520,2026-10-09T02:02:11.453834+00:00
KDP,Consumer Defensive,31.26,,17.22,17.22,-0.8156,False,False,,True,True,True,True,True,5,5,False,42539421696,2026-10-09T02:02:11.453834+00:00
AAON,Industrials,85.95,,47.26,47.26,-0.8188,False,False,,True,True,False,True,True,4,5,False,7086889984,2026-10-09T02:02:11.453834+00:00
BOOT,Consumer Cyclical,121.6,25.64,128.21,66.67,-0.824,False,False,133.33,True,True,True,True,True,5,5,False,3682637056,2026-10-09T02:02:11.453834+00:00
LH,Healthcare,314.2,178.74,161.21,171.72,-0.8297,False,False,10.31,True,True,True,True,True,5,5,False,25481621504,2026-10-09T02:02:11.453834+00:00
NVDA,Technology,230.48,67.76,212.43,125.63,-0.8346,False,False,103.26,True,True,True,True,True,5,5,False,5565400481792,2026-10-09T02:02:11.453834+00:00
KN,Technology,37.14,15.53,27.24,20.21,-0.8374,False,False,54.75,True,True,True,True,True,5,5,False,3172139520,2026-10-09T02:02:11.453834+00:00
CR,Industrials,202.12,77.04,157.26,109.13,-0.8521,False,False,68.47,True,True,True,True,True,5,5,False,11682608128,2026-10-09T02:02:11.453834+00:00
BHE,Technology,81.16,33.0,60.0,43.8,-0.853,False,False,58.08,False,True,True,True,True,4,5,False,2915261696,2026-10-09T02:02:11.453834+00:00
AMGN,Healthcare,407.44,,219.37,219.37,-0.8573,False,False,,True,True,True,False,False,3,5,False,220275097600,2026-10-09T02:02:11.453834+00:00
SPXC,Industrials,168.58,56.13,141.75,90.38,-0.8652,False,False,86.53,True,True,True,True,True,5,5,False,8443474432,2026-10-09T02:02:11.453834+00:00
PAG,Consumer Cyclical,198.05,63.6,169.83,106.09,-0.8668,False,False,91.02,True,True,True,True,True,5,5,False,13004531712,2026-10-09T02:02:11.453834+00:00
IPGP,Technology,77.74,,41.64,41.64,-0.8671,False,False,,False,True,False,True,True,3,5,False,3299566592,2026-10-09T02:02:11.453834+00:00
KGS,Energy,53.57,33.58,21.28,28.66,-0.8691,False,False,44.82,True,True,True,True,True,5,5,False,5416142848,2026-10-09T02:02:11.453834+00:00
ICE,Financial Services,155.35,,82.99,82.99,-0.872,False,False,,True,True,True,True,True,5,5,False,87212638208,2026-10-09T02:02:11.453834+00:00
ADMA,Healthcare,10.33,2.2,10.49,5.52,-0.8728,False,False,130.7,True,True,True,True,True,5,5,False,2313761536,2026-10-09T02:02:11.453834+00:00
AVPT,Technology,14.41,6.93,8.79,7.67,-0.8785,False,False,23.72,True,True,True,True,True,5,5,False,3048657664,2026-10-09T02:02:11.453834+00:00
HRI,Industrials,123.86,,65.79,65.79,-0.8827,False,False,,True,True,False,False,True,3,5,False,4140818688,2026-10-09T02:02:11.453834+00:00
LXP,Real Estate,61.01,,32.4,32.4,-0.883,False,False,,True,True,True,True,False,4,5,False,3596982528,2026-10-09T02:02:11.453834+00:00
INIO,Industrials,19.2,14.91,3.11,10.19,-0.8842,False,False,130.97,True,True,True,False,True,4,5,False,14400001024,2026-10-09T02:02:11.453834+00:00
SPGI,Financial Services,402.73,,212.34,212.34,-0.8967,False,False,,True,True,True,True,True,5,5,False,118724804608,2026-10-09T02:02:11.453834+00:00
GWW,Industrials,1268.67,473.26,961.36,668.5,-0.8978,False,False,68.05,True,True,True,True,True,5,5,False,59897872384,2026-10-09T02:02:11.453834+00:00
CC,Basic Materials,13.83,,7.29,7.29,-0.8984,False,False,,False,False,True,,True,2,4,False,2081401088,2026-10-09T02:02:11.453834+00:00
FCFS,Financial Services,211.49,,111.01,111.01,-0.9052,False,False,,True,True,True,True,True,5,5,False,9172702208,2026-10-09T02:02:11.453834+00:00
ETN,Industrials,424.51,222.28,220.45,221.55,-0.9161,False,False,0.83,True,True,True,True,True,5,5,False,164837244928,2026-10-09T02:02:11.453834+00:00
STRL,Industrials,518.41,218.68,345.49,269.4,-0.9243,False,False,44.95,True,True,True,True,True,5,5,False,15857392640,2026-10-09T02:02:11.453834+00:00
GTLB,Technology,53.56,27.82,,27.82,-0.9249,False,False,,True,False,True,,True,3,4,False,8923899904,2026-10-09T02:02:11.453834+00:00
DIOD,Technology,96.24,32.01,76.51,49.81,-0.932,False,False,82.01,False,True,True,True,True,4,5,False,4432015872,2026-10-09T02:02:11.453834+00:00
LOAR,Industrials,61.62,39.45,20.43,31.84,-0.9352,False,False,63.54,True,True,True,True,True,5,5,False,5773083648,2026-10-09T02:02:11.453834+00:00
DTM,Energy,123.76,69.34,54.9,63.57,-0.9469,False,False,23.25,True,True,True,True,True,5,5,False,12625413120,2026-10-09T02:02:11.453834+00:00
SBRA,Real Estate,18.84,,9.67,9.67,-0.9489,False,False,,True,True,,True,True,4,4,False,4812918272,2026-10-09T02:02:11.453834+00:00
PRLB,Industrials,92.21,51.34,40.71,47.09,-0.9582,False,False,23.12,True,True,True,True,True,5,5,False,2205838080,2026-10-09T02:02:11.453834+00:00
CNH,Industrials,12.13,5.82,6.71,6.18,-0.9636,False,False,14.08,False,True,True,False,True,3,5,False,19506964480,2026-10-09T02:02:11.453834+00:00
FAST,Industrials,50.49,24.76,27.06,25.68,-0.966,False,False,8.89,True,True,True,True,False,4,5,False,57937154048,2026-10-09T02:02:11.453834+00:00
KNTK,Energy,54.41,,27.52,27.52,-0.9773,False,False,,True,True,True,True,True,5,5,False,9206165504,2026-10-09T02:02:11.453834+00:00
JNJ,Healthcare,256.48,,128.84,128.84,-0.9907,False,False,,True,True,True,True,True,5,5,False,618090790912,2026-10-09T02:02:11.453834+00:00
KLIC,Technology,90.92,26.68,73.91,45.57,-0.9952,False,False,93.91,False,True,True,True,True,4,5,False,4757763072,2026-10-09T02:02:11.453834+00:00
TRMB,Technology,59.85,13.38,54.84,29.97,-0.9972,False,False,121.54,False,True,True,True,True,4,5,False,13955813376,2026-10-09T02:02:11.453834+00:00
MTH,Consumer Cyclical,60.63,3.75,69.95,30.23,-1.0057,False,False,179.66,False,True,True,True,True,4,5,False,3951505152,2026-10-09T02:02:11.453834+00:00
RBC,Industrials,490.99,237.15,254.41,244.05,-1.0118,False,False,7.02,True,True,True,True,True,5,5,False,15544372224,2026-10-09T02:02:11.453834+00:00
AVTR,Healthcare,15.39,7.63,,7.63,-1.016,False,False,,False,False,True,True,False,2,5,False,10409162752,2026-10-09T02:02:11.453834+00:00
POWL,Industrials,189.27,73.89,122.35,93.28,-1.0292,False,False,49.39,True,True,True,True,True,5,5,False,6895418368,2026-10-09T02:02:11.453834+00:00
SXT,Basic Materials,132.03,,65.01,65.01,-1.0309,False,False,,True,True,True,True,True,5,5,False,5620379648,2026-10-09T02:02:11.453834+00:00
BX,Financial Services,112.68,,55.22,55.22,-1.0404,False,False,,True,True,True,True,True,5,5,False,134686154752,2026-10-09T02:02:11.453834+00:00
PSX,Energy,281.6,87.18,213.72,137.79,-1.0436,False,False,84.11,False,True,True,True,False,3,5,False,112364298240,2026-10-09T02:02:11.453834+00:00
IVT,Real Estate,29.59,,14.43,14.43,-1.051,False,False,,True,True,True,True,True,5,5,False,2307381760,2026-10-09T02:02:11.453834+00:00
ECG,Industrials,122.17,23.53,112.87,59.27,-1.0613,False,False,130.98,True,True,True,True,True,5,5,False,6238468608,2026-10-09T02:02:11.453834+00:00
ALH,Consumer Cyclical,21.24,7.01,15.19,10.28,-1.0652,False,False,73.67,,True,True,False,True,3,4,False,4222280192,2026-10-09T02:02:11.453834+00:00
CVI,Energy,59.54,,28.78,28.78,-1.0691,False,False,,False,True,False,False,False,1,5,False,5985591808,2026-10-09T02:02:11.453834+00:00
GOLF,Consumer Cyclical,79.14,24.7,58.42,38.18,-1.0725,False,False,81.15,True,True,True,True,True,5,5,False,4622175232,2026-10-09T02:02:11.453834+00:00
DE,Industrials,652.58,291.92,349.26,314.86,-1.0726,False,False,17.89,False,True,True,False,True,3,5,False,175952150528,2026-10-09T02:02:11.453834+00:00
CME,Financial Services,276.44,,133.32,133.32,-1.0735,False,False,,True,True,True,True,True,5,5,False,99402096640,2026-10-09T02:02:11.453834+00:00
IDXX,Healthcare,513.14,271.19,211.0,247.11,-1.0765,False,False,24.97,True,True,True,True,True,5,5,False,40478023680,2026-10-09T02:02:11.453834+00:00
KRYS,Healthcare,327.3,177.36,127.78,157.53,-1.0777,False,False,32.5,,True,True,True,True,4,4,False,9687698432,2026-10-09T02:02:11.453834+00:00
SHC,Healthcare,17.83,4.5,14.66,8.56,-1.0818,False,False,105.97,True,True,True,False,True,4,5,False,5088232448,2026-10-09T02:02:11.453834+00:00
MGNI,Communication Services,25.45,8.7,17.32,12.15,-1.0947,False,False,66.23,True,True,True,True,True,5,5,False,3650145024,2026-10-09T02:02:11.453834+00:00
RS,Basic Materials,396.91,109.83,307.82,189.02,-1.0998,False,False,94.81,False,True,True,True,True,4,5,False,20263446528,2026-10-09T02:02:11.453834+00:00
LPLA,Financial Services,328.0,,155.3,155.3,-1.1121,False,False,,True,True,False,True,True,4,5,False,25827471360,2026-10-09T02:02:11.453834+00:00
ODFL,Industrials,181.65,57.49,128.64,85.95,-1.1135,False,False,76.45,False,True,True,True,True,4,5,False,37666328576,2026-10-09T02:02:11.453834+00:00
APPN,Technology,38.66,22.03,12.55,18.24,-1.1198,False,False,54.86,True,True,True,,False,3,4,False,2769123072,2026-10-09T02:02:11.453834+00:00
SDRL,Energy,45.62,,21.49,21.49,-1.1227,False,False,,True,False,False,True,True,3,5,False,2853140736,2026-10-09T02:02:11.453834+00:00
BAM,Financial Services,45.17,,21.27,21.27,-1.1235,False,False,,,True,True,True,True,4,4,False,72147853312,2026-10-09T02:02:11.453834+00:00
TW,Financial Services,109.68,,51.64,51.64,-1.1239,False,False,,True,True,True,True,True,5,5,False,23913093120,2026-10-09T02:02:11.453834+00:00
EMR,Industrials,159.06,42.01,123.78,74.72,-1.1288,False,False,98.64,True,True,True,True,True,5,5,False,89089499136,2026-10-09T02:02:11.453834+00:00
NSC,Industrials,316.99,53.49,291.23,148.59,-1.1333,False,False,137.93,False,True,True,True,True,4,5,False,71198605312,2026-10-09T02:02:11.453834+00:00
TRGP,Energy,288.49,,134.83,134.83,-1.1396,False,False,,False,True,True,False,True,3,5,False,61861203968,2026-10-09T02:02:11.453834+00:00
SN,Consumer Cyclical,184.87,86.78,85.48,86.26,-1.1432,False,False,1.52,True,True,True,True,True,5,5,False,26042923008,2026-10-09T02:02:11.453834+00:00
UI,Technology,641.8,193.24,454.55,297.76,-1.1554,False,False,80.68,True,True,True,True,,4,4,False,38847115264,2026-10-09T02:02:11.453834+00:00
HNGE,Healthcare,98.0,45.77,44.54,45.28,-1.1645,False,False,2.72,True,False,True,True,True,4,5,False,7908052992,2026-10-09T02:02:11.453834+00:00
ONON,Consumer Cyclical,34.04,10.71,23.19,15.7,-1.1681,False,False,73.66,True,True,True,True,True,5,5,False,11376668672,2026-10-09T02:02:11.453834+00:00
GE,Industrials,305.62,112.54,183.33,140.86,-1.1697,False,False,47.86,True,True,True,True,True,5,5,False,317099835392,2026-10-09T02:02:11.453834+00:00
FIG,Technology,22.63,10.4,,10.4,-1.1759,False,False,,True,False,True,True,True,4,5,False,12062012416,2026-10-09T02:02:11.453834+00:00
TFX,Healthcare,124.19,56.87,,56.87,-1.1839,False,False,,False,False,True,True,True,3,5,False,5262227968,2026-10-09T02:02:11.453834+00:00
MMM,Industrials,163.58,23.03,152.64,74.87,-1.1849,False,False,147.57,False,True,True,False,True,3,5,False,84361879552,2026-10-09T02:02:11.453834+00:00
KNX,Industrials,65.05,23.35,39.39,29.77,-1.1854,False,False,51.16,True,True,True,True,True,5,5,False,10587278336,2026-10-09T02:02:11.453834+00:00
ELF,Consumer Defensive,105.96,64.07,24.0,48.04,-1.2056,False,False,90.99,True,True,True,True,False,4,5,False,6252487168,2026-10-09T02:02:11.453834+00:00
NDAQ,Financial Services,92.37,,41.7,41.7,-1.2152,False,False,,True,True,True,True,True,5,5,False,51632738304,2026-10-09T02:02:11.453834+00:00
PFE,Healthcare,27.82,,12.54,12.54,-1.2183,False,False,,False,True,True,True,True,4,5,False,158564925440,2026-10-09T02:02:11.453834+00:00
KEYS,Technology,374.67,138.0,214.97,168.79,-1.2198,False,False,43.61,False,True,True,True,True,4,5,False,63785603072,2026-10-09T02:02:11.453834+00:00
IRM,Real Estate,112.97,,50.88,50.88,-1.2204,False,False,,True,True,False,,True,3,4,False,33631488000,2026-10-09T02:02:11.453834+00:00
DOCN,Technology,123.9,,55.78,55.78,-1.2212,False,False,,True,True,True,False,True,4,5,False,14484913152,2026-10-09T02:02:11.453834+00:00
AMR,Basic Materials,174.28,46.13,126.71,78.36,-1.2241,False,False,93.25,False,False,True,True,True,3,5,False,2209703936,2026-10-09T02:02:11.453834+00:00
MKSI,Technology,260.38,52.51,213.88,117.06,-1.2243,False,False,121.15,True,True,True,True,True,5,5,False,17606260736,2026-10-09T02:02:11.453834+00:00
CAI,Healthcare,27.5,4.91,23.34,12.28,-1.2391,False,False,130.49,True,False,True,True,True,4,5,False,7771367936,2026-10-09T02:02:11.453834+00:00
HQY,Healthcare,93.05,,41.48,41.48,-1.243,False,False,,True,True,True,True,True,5,5,False,7696658432,2026-10-09T02:02:11.453834+00:00
PTRN,Consumer Cyclical,18.35,9.57,6.1,8.18,-1.2432,False,False,44.35,True,True,True,True,True,5,5,False,3255273216,2026-10-09T02:02:11.453834+00:00
CHYM,Technology,28.96,3.87,26.42,12.89,-1.2464,False,False,148.84,True,False,True,True,True,4,5,False,10963824640,2026-10-09T02:02:11.453834+00:00
RDDT,Communication Services,156.47,59.75,84.24,69.55,-1.2499,False,False,34.01,True,True,True,True,True,5,5,False,30104283136,2026-10-09T02:02:11.453834+00:00
AAPL,Technology,340.42,84.44,251.39,151.22,-1.2511,False,False,99.42,True,True,True,True,False,4,5,False,4968150990848,2026-10-09T02:02:11.453834+00:00
CHH,Consumer Cyclical,104.82,13.05,96.67,46.5,-1.2542,False,False,152.42,True,True,True,False,True,4,5,False,4717804032,2026-10-09T02:02:11.453834+00:00
ORLY,Consumer Cyclical,86.01,30.23,49.97,38.12,-1.256,False,False,49.22,True,True,True,,True,4,4,False,69578719232,2026-10-09T02:02:11.453834+00:00
HUM,Healthcare,387.12,136.96,223.19,171.45,-1.2579,False,False,47.89,True,True,True,True,True,5,5,False,46485487616,2026-10-09T02:02:11.453834+00:00
BCRX,Healthcare,8.29,,3.67,3.67,-1.2583,False,False,,True,True,True,,True,4,4,False,2118386048,2026-10-09T02:02:11.453834+00:00
FIX,Industrials,1706.39,621.79,950.23,753.17,-1.2656,False,False,41.79,True,True,True,True,True,5,5,False,60055248896,2026-10-09T02:02:11.453834+00:00
AMBA,Technology,62.89,27.75,,27.75,-1.2662,False,False,,True,False,True,True,True,4,5,False,2776025600,2026-10-09T02:02:11.453834+00:00
BGC,Financial Services,11.23,,4.94,4.94,-1.2724,False,False,,True,True,True,True,,4,4,False,5339488768,2026-10-09T02:02:11.453834+00:00
ONTO,Technology,292.67,145.14,103.31,128.41,-1.2793,False,False,33.67,True,True,True,True,True,5,5,False,14362560512,2026-10-09T02:02:11.453834+00:00
INTC,Technology,107.08,,46.86,46.86,-1.2851,False,False,,False,False,False,True,True,2,5,False,566036135936,2026-10-09T02:02:11.453834+00:00
IESC,Industrials,300.43,57.41,242.29,131.36,-1.287,False,False,123.38,True,True,True,True,,4,4,False,12739676160,2026-10-09T02:02:11.453834+00:00
AVGO,Technology,360.14,110.45,227.58,157.31,-1.2894,False,False,69.3,True,True,True,True,True,5,5,False,1719175217152,2026-10-09T02:02:11.453834+00:00
CRVL,Financial Services,76.35,,33.31,33.31,-1.2918,False,False,,True,True,True,True,,4,4,False,3856940288,2026-10-09T02:02:11.453834+00:00
ACLS,Technology,133.48,39.71,85.85,58.17,-1.2948,False,False,73.49,False,True,True,True,True,4,5,False,4122060800,2026-10-09T02:02:11.453834+00:00
FLUT,Consumer Cyclical,81.58,,35.4,35.4,-1.3043,False,False,,True,False,True,True,True,4,5,False,14157320192,2026-10-09T02:02:11.453834+00:00
KKR,Financial Services,89.56,,38.67,38.67,-1.316,False,False,,True,True,True,True,True,5,5,False,82716762112,2026-10-09T02:02:11.453834+00:00
MTZ,Industrials,216.66,38.25,175.67,93.22,-1.3242,False,False,128.47,True,True,True,True,True,5,5,False,17398870016,2026-10-09T02:02:11.453834+00:00
H,Consumer Cyclical,159.43,,68.59,68.59,-1.3243,False,False,,True,False,True,True,True,4,5,False,15024161792,2026-10-09T02:02:11.453834+00:00
EBAY,Consumer Cyclical,111.98,29.88,75.34,48.06,-1.33,False,False,86.42,True,True,True,True,True,5,5,False,49831100416,2026-10-09T02:02:11.453834+00:00
EQIX,Real Estate,1011.16,,433.93,433.93,-1.3302,False,False,,True,True,False,True,True,4,5,False,99772858368,2026-10-09T02:02:11.453834+00:00
COHR,Technology,302.35,,129.74,129.74,-1.3305,False,False,,True,True,False,True,True,4,5,False,59209879552,2026-10-09T02:02:11.453834+00:00
ILMN,Healthcare,264.57,137.62,76.97,113.36,-1.3339,False,False,56.53,False,True,True,True,False,3,5,False,39950069760,2026-10-09T02:02:11.453834+00:00
INOD,Technology,61.2,16.22,41.05,26.15,-1.3403,False,False,86.72,True,True,True,True,True,5,5,False,2104218368,2026-10-09T02:02:11.453834+00:00
FIGS,Consumer Cyclical,14.98,6.4,6.38,6.39,-1.3448,False,False,0.33,True,True,True,True,True,5,5,False,2488780800,2026-10-09T02:02:11.453834+00:00
AGYS,Technology,102.59,,43.6,43.6,-1.3528,False,False,,True,True,True,True,True,5,5,False,2893631744,2026-10-09T02:02:11.453834+00:00
APD,Basic Materials,278.38,,118.28,118.28,-1.3536,False,False,,False,False,False,True,True,2,5,False,61991198720,2026-10-09T02:02:11.453834+00:00
ARCB,Industrials,129.96,31.91,89.86,55.09,-1.359,False,False,95.19,False,True,True,True,True,4,5,False,2904782080,2026-10-09T02:02:11.453834+00:00
FTNT,Technology,189.1,78.45,82.65,80.13,-1.3599,False,False,5.21,True,True,True,True,False,4,5,False,138745266176,2026-10-09T02:02:11.453834+00:00
TWLO,Technology,275.77,85.23,164.11,116.78,-1.3614,False,False,63.26,True,True,True,True,False,4,5,False,42351435776,2026-10-09T02:02:11.453834+00:00
COCO,Consumer Defensive,55.98,16.89,33.9,23.69,-1.3626,False,False,66.98,True,True,True,True,True,5,5,False,3239235328,2026-10-09T02:02:11.453834+00:00
ADI,Technology,405.93,109.9,261.71,170.63,-1.3791,False,False,81.7,False,True,True,True,True,4,5,False,196699652096,2026-10-09T02:02:11.453834+00:00
HWM,Industrials,222.56,86.29,104.29,93.49,-1.3806,False,False,18.88,True,True,True,True,True,5,5,False,88757239808,2026-10-09T02:02:11.453834+00:00
AS,Consumer Cyclical,27.45,6.28,19.32,11.5,-1.387,False,False,101.82,True,True,True,True,True,5,5,False,15971014656,2026-10-09T02:02:11.453834+00:00
LIN,Basic Materials,481.7,148.08,280.03,200.86,-1.3982,False,False,61.64,True,True,True,True,True,5,5,False,222054154240,2026-10-09T02:02:11.453834+00:00
LEU,Energy,142.09,74.12,36.75,59.17,-1.4014,False,False,67.41,True,True,True,True,True,5,5,False,2906182144,2026-10-09T02:02:11.453834+00:00
FIGR,Financial Services,27.6,,11.49,11.49,-1.4022,False,False,,True,True,True,True,True,5,5,False,6192829440,2026-10-09T02:02:11.453834+00:00
MCO,Financial Services,458.69,,190.28,190.28,-1.4106,False,False,,True,True,True,False,True,4,5,False,79436390400,2026-10-09T02:02:11.453834+00:00
AHR,Real Estate,50.44,,20.9,20.9,-1.413,False,False,,True,True,True,True,True,5,5,False,10995857408,2026-10-09T02:02:11.453834+00:00
JMKE,Consumer Cyclical,17.3,,7.16,7.16,-1.4167,False,False,,True,False,False,True,True,3,5,False,4037913344,2026-10-09T02:02:11.453834+00:00
SUPN,Healthcare,42.14,21.04,11.93,17.39,-1.4227,False,False,55.26,True,False,True,True,True,4,5,False,2453565440,2026-10-09T02:02:11.453834+00:00
IFF,Basic Materials,84.65,,34.63,34.63,-1.4444,False,False,,False,False,True,True,True,3,5,False,21611440128,2026-10-09T02:02:11.453834+00:00
AAMI,Financial Services,93.3,,37.82,37.82,-1.467,False,False,,True,True,False,True,False,3,5,False,3311228928,2026-10-09T02:02:11.453834+00:00
CAT,Industrials,796.18,197.32,507.08,321.23,-1.4786,False,False,87.95,True,True,True,False,True,4,5,False,365983956992,2026-10-09T02:02:11.453834+00:00
ALNY,Healthcare,224.53,,90.38,90.38,-1.4844,False,False,,True,True,True,False,True,4,5,False,30044162048,2026-10-09T02:02:11.453834+00:00
DHR,Healthcare,217.46,96.33,74.15,87.46,-1.4864,False,False,26.02,False,True,True,True,True,4,5,False,152871354368,2026-10-09T02:02:11.453834+00:00
FA,Industrials,18.73,3.77,13.15,7.52,-1.4897,False,False,110.85,True,False,True,True,True,4,5,False,3216946688,2026-10-09T02:02:11.453834+00:00
BA,Industrials,187.75,,75.12,75.12,-1.4995,False,False,,True,True,False,False,True,3,5,False,148283539456,2026-10-09T02:02:11.453834+00:00
ATI,Industrials,188.13,68.14,85.92,75.25,-1.5,False,False,23.07,True,True,True,True,True,5,5,False,25617735680,2026-10-09T02:02:11.453834+00:00
ANET,Technology,210.97,78.66,92.92,84.36,-1.5007,False,False,16.63,True,True,True,,True,4,4,False,266080583680,2026-10-09T02:02:11.453834+00:00
PCOR,Technology,54.78,29.35,10.71,21.89,-1.5021,False,False,93.04,True,False,True,True,True,4,5,False,8324113408,2026-10-09T02:02:11.453834+00:00
MOG-A,Industrials,362.92,47.67,289.61,144.45,-1.5125,False,False,143.47,True,True,True,True,True,5,5,False,11494100992,2026-10-09T02:02:11.453834+00:00
CSX,Industrials,47.34,2.7,43.03,18.83,-1.5137,False,False,176.4,False,True,True,True,True,4,5,False,87696162816,2026-10-09T02:02:11.453834+00:00
GRDN,Healthcare,41.6,,16.48,16.48,-1.5246,False,False,,True,True,True,True,True,5,5,False,2635039744,2026-10-09T02:02:11.453834+00:00
BIIB,Healthcare,218.43,,85.79,85.79,-1.5462,False,False,,False,True,True,True,True,4,5,False,32273905664,2026-10-09T02:02:11.453834+00:00
CRS,Industrials,387.1,86.7,250.01,152.03,-1.5463,False,False,97.01,True,True,True,True,True,5,5,False,19184121856,2026-10-09T02:02:11.453834+00:00
MA,Financial Services,574.76,,225.48,225.48,-1.549,False,False,,True,True,True,False,True,4,5,False,503495458816,2026-10-09T02:02:11.453834+00:00
BROS,Consumer Cyclical,39.78,,15.57,15.57,-1.5545,False,False,,True,True,True,True,True,5,5,False,6977269760,2026-10-09T02:02:11.453834+00:00
AJG,Financial Services,234.05,,91.49,91.49,-1.5581,False,False,,True,True,True,True,True,5,5,False,59996610560,2026-10-09T02:02:11.453834+00:00
BRZE,Technology,28.46,11.12,,11.12,-1.5598,False,False,,True,False,True,True,True,4,5,False,3232612608,2026-10-09T02:02:11.453834+00:00
CSQR,Technology,17.38,,6.78,6.78,-1.5644,False,False,,True,False,False,,True,2,4,False,2896098560,2026-10-09T02:02:11.453834+00:00
CURB,Real Estate,27.22,,10.57,10.57,-1.576,False,False,,True,True,,True,True,4,4,False,3104104704,2026-10-09T02:02:11.453834+00:00
SOFI,Financial Services,15.61,,6.05,6.05,-1.5786,False,False,,True,True,False,True,True,4,5,False,20161411072,2026-10-09T02:02:11.453834+00:00
MSGE,Communication Services,81.66,,31.66,31.66,-1.5792,False,False,,True,True,True,False,True,4,5,False,3862945536,2026-10-09T02:02:11.453834+00:00
POWI,Technology,49.89,19.62,18.92,19.34,-1.5798,False,False,3.66,False,True,True,,True,3,4,False,2787518720,2026-10-09T02:02:11.453834+00:00
DLR,Real Estate,176.07,,68.12,68.12,-1.5848,False,False,,True,True,,True,True,4,4,False,66495254528,2026-10-09T02:02:11.453834+00:00
SXI,Industrials,281.06,42.57,205.71,107.83,-1.6066,False,False,131.42,True,True,True,True,True,5,5,False,3451828480,2026-10-09T02:02:11.453834+00:00
GEV,Industrials,999.35,249.58,584.08,383.38,-1.6067,False,False,80.25,True,True,True,True,True,5,5,False,266160455680,2026-10-09T02:02:11.453834+00:00
CRWV,Technology,81.58,,31.25,31.25,-1.6102,False,False,,True,False,False,False,True,2,5,False,44994355200,2026-10-09T02:02:11.453834+00:00
CGNX,Technology,60.91,17.01,32.79,23.32,-1.6116,False,False,63.35,False,True,True,True,True,4,5,False,10246513664,2026-10-09T02:02:11.453834+00:00
AVAV,Industrials,137.6,,52.68,52.68,-1.6122,False,False,,True,False,False,True,True,3,5,False,6992929280,2026-10-09T02:02:11.453834+00:00
MAR,Consumer Cyclical,361.08,128.78,152.02,138.07,-1.6151,False,False,16.55,True,True,True,,True,4,4,False,94157488128,2026-10-09T02:02:11.453834+00:00
ISRG,Healthcare,415.41,169.0,138.92,156.97,-1.6464,False,False,19.54,True,,True,,True,3,3,False,146755239936,2026-10-09T02:02:11.453834+00:00
CDNS,Technology,348.84,114.64,152.8,129.91,-1.6853,False,False,28.54,True,True,True,True,True,5,5,False,96215654400,2026-10-09T02:02:11.453834+00:00
MTD,Healthcare,1529.46,532.12,622.91,568.43,-1.6907,False,False,15.72,True,True,True,False,False,3,5,False,30645116928,2026-10-09T02:02:11.453834+00:00
MDLN,Healthcare,35.74,15.17,10.28,13.22,-1.7045,False,False,38.37,,True,True,True,True,4,4,False,48085786624,2026-10-09T02:02:11.453834+00:00
NPO,Industrials,307.68,114.6,110.5,112.96,-1.7238,False,False,3.64,True,True,True,True,True,5,5,False,6512871424,2026-10-09T02:02:11.453834+00:00
AROC,Energy,30.34,0.89,26.48,11.12,-1.7276,False,False,187.06,True,True,True,True,True,5,5,False,5319760896,2026-10-09T02:02:11.453834+00:00
FROG,Technology,97.25,35.58,,35.58,-1.7329,False,False,,True,False,True,True,True,4,5,False,11991052288,2026-10-09T02:02:11.453834+00:00
ATRO,Industrials,64.45,7.17,47.53,23.31,-1.7645,False,False,147.59,True,True,True,True,True,5,5,False,2771933952,2026-10-09T02:02:11.453834+00:00
ASND,Healthcare,222.69,16.08,177.1,80.49,-1.7668,False,False,166.71,True,False,True,True,True,4,5,False,14653812736,2026-10-09T02:02:11.453834+00:00
IBKR,Financial Services,86.47,,31.13,31.13,-1.7774,False,False,,True,True,True,False,True,4,5,False,147328925696,2026-10-09T02:02:11.453834+00:00
AMRX,Healthcare,19.65,3.37,12.6,7.06,-1.7833,False,False,115.64,True,True,True,False,True,4,5,False,6844016640,2026-10-09T02:02:11.453834+00:00
AMAT,Technology,509.57,93.54,316.38,182.68,-1.7895,False,False,108.72,True,True,True,True,True,5,5,False,404393459712,2026-10-09T02:02:11.453834+00:00
A,Healthcare,168.17,51.22,73.06,59.95,-1.805,False,False,35.14,True,True,True,True,True,5,5,False,47411978240,2026-10-09T02:02:11.453834+00:00
STLD,Basic Materials,234.17,11.25,191.29,83.27,-1.8122,False,False,177.78,False,True,True,True,True,4,5,False,33563140096,2026-10-09T02:02:11.453834+00:00
MSCI,Financial Services,561.67,,198.02,198.02,-1.8364,False,False,,True,True,True,,True,4,4,False,40833409024,2026-10-09T02:02:11.453834+00:00
DASH,Consumer Cyclical,191.71,85.74,38.27,66.75,-1.872,False,False,76.55,True,True,True,True,True,5,5,False,83067551744,2026-10-09T02:02:11.453834+00:00
PWR,Industrials,685.33,240.6,233.24,237.66,-1.8837,False,False,3.11,True,True,True,True,True,5,5,False,103034839040,2026-10-09T02:02:11.453834+00:00
SAIA,Industrials,341.26,1.19,291.32,117.24,-1.9108,False,False,198.38,True,True,True,True,True,5,5,False,9079259136,2026-10-09T02:02:11.453834+00:00
EXTR,Technology,24.18,6.64,10.78,8.3,-1.9146,False,False,47.58,False,True,True,False,True,3,5,False,3195887360,2026-10-09T02:02:11.453834+00:00
BDX,Healthcare,182.75,,62.63,62.63,-1.918,False,False,,True,True,True,True,True,5,5,False,49778692096,2026-10-09T02:02:11.453834+00:00
CPNG,Consumer Cyclical,15.41,5.24,,5.24,-1.9422,False,False,,True,True,True,True,True,5,5,False,27661938688,2026-10-09T02:02:11.453834+00:00
FN,Technology,487.33,25.27,370.26,163.26,-1.9849,False,False,174.44,True,True,True,True,True,5,5,False,17463404544,2026-10-09T02:02:11.453834+00:00
DKNG,Consumer Cyclical,19.87,10.52,0.79,6.63,-1.9972,False,False,172.08,True,True,True,False,True,4,5,False,9864542208,2026-10-09T02:02:11.453834+00:00
CSGP,Real Estate,29.81,,9.93,9.93,-2.0032,False,False,,True,True,True,True,True,5,5,False,12078940160,2026-10-09T02:02:11.453834+00:00
ROKU,Communication Services,153.81,47.92,55.58,50.98,-2.0169,False,False,14.81,True,True,True,True,True,5,5,False,22828322816,2026-10-09T02:02:11.453834+00:00
HLT,Consumer Cyclical,323.29,107.32,105.55,106.61,-2.0325,False,False,1.66,True,True,True,,True,4,4,False,72761237504,2026-10-09T02:02:11.453834+00:00
TXN,Technology,288.2,23.84,200.09,94.34,-2.0549,False,False,157.41,False,True,True,True,True,4,5,False,263197999104,2026-10-09T02:02:11.453834+00:00
FCX,Basic Materials,71.14,4.31,50.56,22.81,-2.1188,False,False,168.6,True,True,True,True,True,5,5,False,102158286848,2026-10-09T02:02:11.453834+00:00
CDNA,Healthcare,62.2,12.85,30.56,19.93,-2.1205,False,False,81.59,True,False,True,True,False,3,5,False,3218127616,2026-10-09T02:02:11.453834+00:00
NOVT,Technology,136.33,23.13,72.93,43.05,-2.1667,False,False,103.69,True,True,True,True,,4,4,False,5155696128,2026-10-09T02:02:11.453834+00:00
KLAC,Technology,196.72,34.13,103.83,62.01,-2.1726,False,False,101.05,True,True,True,True,True,5,5,False,256720879616,2026-10-09T02:02:11.453834+00:00
GLNG,Energy,48.42,,15.14,15.14,-2.198,False,False,,True,True,False,True,True,4,5,False,4943536640,2026-10-09T02:02:11.453834+00:00
ICHR,Technology,58.83,,18.4,18.4,-2.198,False,False,,False,False,False,True,True,2,5,False,2203432192,2026-10-09T02:02:11.453834+00:00
CG,Financial Services,38.39,,11.98,11.98,-2.2035,False,False,,False,True,False,True,True,3,5,False,13679616000,2026-10-09T02:02:11.453834+00:00
MOH,Healthcare,195.76,,60.95,60.95,-2.2116,False,False,,True,True,False,True,True,4,5,False,10218672128,2026-10-09T02:02:11.453834+00:00
LPX,Industrials,65.06,10.62,34.02,19.98,-2.2567,False,False,104.86,False,True,True,True,True,4,5,False,4549216768,2026-10-09T02:02:11.453834+00:00
TMO,Healthcare,651.98,172.55,238.95,199.11,-2.2745,False,False,32.27,False,True,True,True,True,4,5,False,241067835392,2026-10-09T02:02:11.453834+00:00
TECH,Healthcare,72.45,24.61,18.34,22.1,-2.2783,False,False,29.22,True,True,True,True,False,4,5,False,11361480704,2026-10-09T02:02:11.453834+00:00
DD,Basic Materials,132.48,7.36,89.14,40.07,-2.306,False,False,169.5,False,False,True,True,True,3,5,False,17887371264,2026-10-09T02:02:11.453834+00:00
APO,Financial Services,115.3,,34.47,34.47,-2.345,False,False,,True,True,True,True,True,5,5,False,68089630720,2026-10-09T02:02:11.453834+00:00
GLW,Technology,152.83,26.42,73.98,45.44,-2.363,False,False,94.75,True,True,True,True,True,5,5,False,131378446336,2026-10-09T02:02:11.453834+00:00
CVNA,Consumer Cyclical,63.2,7.96,33.78,18.29,-2.4559,False,False,123.72,True,True,True,True,True,5,5,False,70054912000,2026-10-09T02:02:11.453834+00:00
MTRN,Basic Materials,277.11,,80.02,80.02,-2.463,False,False,,True,True,True,True,True,5,5,False,5773233152,2026-10-09T02:02:11.453834+00:00
JHX,Basic Materials,25.15,4.95,10.68,7.24,-2.4734,False,False,73.37,True,True,True,True,True,5,5,False,14600140800,2026-10-09T02:02:11.453834+00:00
GPC,Consumer Cyclical,128.17,20.63,60.37,36.53,-2.5088,False,False,98.1,True,True,True,True,True,5,5,False,17669484544,2026-10-09T02:02:11.453834+00:00
GNRC,Industrials,224.4,25.48,121.26,63.8,-2.5175,False,False,130.54,False,True,True,True,True,4,5,False,13253946368,2026-10-09T02:02:11.453834+00:00
NVT,Industrials,164.2,18.89,87.85,46.47,-2.5334,False,False,129.22,True,True,True,True,True,5,5,False,26577072128,2026-10-09T02:02:11.453834+00:00
ARWR,Healthcare,60.74,17.03,,17.03,-2.5668,False,False,,True,False,True,False,True,3,5,False,8555655680,2026-10-09T02:02:11.453834+00:00
TTAN,Technology,72.93,20.35,,20.35,-2.5832,False,False,,True,False,True,True,True,4,5,False,7035404288,2026-10-09T02:02:11.453834+00:00
KNSA,Healthcare,78.75,,21.93,21.93,-2.5911,False,False,,True,True,True,True,True,5,5,False,6058868736,2026-10-09T02:02:11.453834+00:00
TFSL,Financial Services,16.19,,4.45,4.45,-2.6401,False,False,,True,True,True,,,3,3,False,4540368384,2026-10-09T02:02:11.453834+00:00
LIND,Consumer Cyclical,35.54,5.17,16.59,9.74,-2.6493,False,False,104.95,True,False,True,,False,2,4,False,2332123648,2026-10-09T02:02:11.453834+00:00
LGND,Healthcare,295.0,39.9,138.64,79.4,-2.7155,False,False,110.6,True,True,True,True,True,5,5,False,5881004544,2026-10-09T02:02:11.453834+00:00
LRCX,Technology,320.59,35.62,161.58,86.0,-2.7277,False,False,127.75,True,True,True,True,True,5,5,False,401194123264,2026-10-09T02:02:11.453834+00:00
KRMN,Industrials,31.69,,8.47,8.47,-2.7407,False,False,,True,True,False,False,True,3,5,False,4199993344,2026-10-09T02:02:11.453834+00:00
PEN,Healthcare,317.52,96.91,66.5,84.75,-2.7466,False,False,37.22,True,True,True,True,True,5,5,False,12506929152,2026-10-09T02:02:11.453834+00:00
MPWR,Technology,1369.8,290.1,478.85,365.6,-2.7468,False,False,49.09,True,True,True,True,True,5,5,False,67316084736,2026-10-09T02:02:11.453834+00:00
AEIS,Industrials,284.24,38.13,132.05,75.69,-2.7552,False,False,110.38,False,True,True,True,True,4,5,False,11383937024,2026-10-09T02:02:11.453834+00:00
HOOD,Financial Services,107.01,,28.04,28.04,-2.8157,False,False,,True,True,True,False,True,4,5,False,96210796544,2026-10-09T02:02:11.453834+00:00
TER,Technology,398.72,29.5,211.46,102.28,-2.8982,False,False,151.02,True,True,True,True,True,5,5,False,62336184320,2026-10-09T02:02:11.453834+00:00
RVTY,Healthcare,152.16,45.22,29.37,38.88,-2.9134,False,False,42.51,False,True,True,True,False,3,5,False,16978987008,2026-10-09T02:02:11.453834+00:00
UPST,Financial Services,24.19,,6.18,6.18,-2.916,False,False,,True,True,False,False,True,3,5,False,2315262976,2026-10-09T02:02:11.453834+00:00
CTOS,Industrials,9.37,,2.39,2.39,-2.9172,False,False,,True,False,False,False,True,2,5,False,2131726848,2026-10-09T02:02:11.453834+00:00
SBUX,Consumer Cyclical,93.21,16.64,33.76,23.49,-2.9684,False,False,67.95,True,True,True,,True,4,4,False,106259398656,2026-10-09T02:02:11.453834+00:00
JCI,Industrials,154.0,4.33,88.28,37.91,-3.0621,False,False,181.3,True,True,True,True,True,5,5,False,93284179968,2026-10-09T02:02:11.453834+00:00
MOD,Consumer Cyclical,181.89,29.58,63.81,43.27,-3.2034,False,False,73.32,True,True,True,True,True,5,5,False,9660669952,2026-10-09T02:02:11.453834+00:00
LLY,Healthcare,1169.6,170.23,434.03,275.75,-3.2415,False,False,87.31,True,True,True,True,True,5,5,False,1042531221504,2026-10-09T02:02:11.453834+00:00
ALM,Basic Materials,11.57,,2.73,2.73,-3.243,False,False,,True,False,False,True,True,3,5,False,3282893312,2026-10-09T02:02:11.453834+00:00
CORT,Healthcare,118.54,41.59,7.29,27.87,-3.2535,False,False,140.34,True,True,True,True,True,5,5,False,12813984768,2026-10-09T02:02:11.453834+00:00
ESI,Basic Materials,36.71,4.36,14.76,8.52,-3.3093,False,False,108.76,True,True,True,True,True,5,5,False,8945715200,2026-10-09T02:02:11.453834+00:00
LFST,Healthcare,12.06,3.35,1.93,2.78,-3.3327,False,False,53.99,True,True,True,True,True,5,5,False,4584658944,2026-10-09T02:02:11.453834+00:00
ENTG,Technology,162.19,12.76,74.14,37.31,-3.3467,False,False,141.26,False,True,True,True,True,4,5,False,24701538304,2026-10-09T02:02:11.453834+00:00
PANW,Technology,398.5,136.83,22.87,91.25,-3.3673,False,False,142.72,True,True,True,True,False,4,5,False,325972983808,2026-10-09T02:02:11.453834+00:00
COIN,Financial Services,172.0,,39.19,39.19,-3.3884,False,False,,True,True,True,True,True,5,5,False,45379952640,2026-10-09T02:02:11.453834+00:00
FPS,Industrials,39.8,,9.03,9.03,-3.4058,False,False,,True,True,False,True,True,4,5,False,12695595008,2026-10-09T02:02:11.453834+00:00
PDFS,Technology,52.18,,11.67,11.67,-3.4731,False,False,,True,False,False,True,True,3,5,False,2203416064,2026-10-09T02:02:11.453834+00:00
HASI,Financial Services,36.35,,8.03,8.03,-3.5265,False,False,,True,True,,False,True,3,4,False,4670821888,2026-10-09T02:02:11.453834+00:00
COMP,Real Estate,9.52,,2.07,2.07,-3.597,False,False,,True,False,True,True,True,4,5,False,7307977216,2026-10-09T02:02:11.453834+00:00
SNOW,Technology,343.4,74.44,,74.44,-3.613,False,False,,True,False,True,True,True,4,5,False,121151520768,2026-10-09T02:02:11.453834+00:00
SLAB,Technology,221.75,47.96,,47.96,-3.6238,False,False,,False,False,True,,True,2,4,False,7399078912,2026-10-09T02:02:11.453834+00:00
UHAL-B,Industrials,50.85,,10.99,10.99,-3.6273,False,False,,True,True,False,True,,3,4,False,9884908544,2026-10-09T02:02:11.453834+00:00
RDNT,Healthcare,68.21,14.59,,14.59,-3.6757,False,False,,True,False,True,True,True,4,5,False,5367973888,2026-10-09T02:02:11.453834+00:00
CRCL,Financial Services,80.84,,17.28,17.28,-3.6784,False,False,,True,False,True,True,True,4,5,False,20523325440,2026-10-09T02:02:11.453834+00:00
CHEF,Consumer Defensive,111.4,8.72,45.75,23.53,-3.7343,False,False,135.96,True,True,True,True,True,5,5,False,4544684032,2026-10-09T02:02:11.453834+00:00
CRDO,Technology,211.86,22.8,76.87,44.43,-3.7682,False,False,108.49,True,True,True,True,True,5,5,False,39819493376,2026-10-09T02:02:11.453834+00:00
CIEN,Technology,425.93,56.12,137.56,88.7,-3.802,False,False,84.09,True,True,True,True,True,5,5,False,60400504832,2026-10-09T02:02:11.453834+00:00
KTOS,Industrials,41.93,,8.72,8.72,-3.8073,False,False,,True,True,False,True,True,4,5,False,7862712832,2026-10-09T02:02:11.453834+00:00
BTSG,Healthcare,63.66,12.0,15.09,13.23,-3.8111,False,False,22.82,True,True,True,True,True,5,5,False,12596037632,2026-10-09T02:02:11.453834+00:00
RBRK,Technology,120.89,24.84,,24.84,-3.8663,False,False,,True,False,True,,False,2,4,False,24882614272,2026-10-09T02:02:11.453834+00:00
ABBV,Healthcare,272.42,,55.9,55.9,-3.8736,False,False,,True,True,True,,True,4,4,False,481398128640,2026-10-09T02:02:11.453834+00:00
MCHP,Technology,75.52,5.83,29.9,15.46,-3.885,False,False,134.7,False,True,True,True,True,4,5,False,41008017408,2026-10-09T02:02:11.453834+00:00
SNPS,Technology,497.75,50.21,171.57,98.76,-4.0401,False,False,109.44,True,True,True,True,True,5,5,False,95387140096,2026-10-09T02:02:11.453834+00:00
RGEN,Healthcare,163.84,44.79,14.05,32.49,-4.0421,False,False,104.47,False,True,True,True,True,4,5,False,10402260992,2026-10-09T02:02:11.453834+00:00
PRM,Basic Materials,27.7,5.48,,5.48,-4.0566,False,False,,True,False,True,True,True,4,5,False,4534128128,2026-10-09T02:02:11.453834+00:00
MMED,Healthcare,19.8,,3.86,3.86,-4.1238,False,False,,True,False,False,True,True,3,5,False,5570728448,2026-10-09T02:02:11.453834+00:00
LASR,Technology,38.31,7.34,,7.34,-4.2202,False,False,,True,False,True,True,True,4,5,False,2210111488,2026-10-09T02:02:11.453834+00:00
S,Technology,25.4,4.77,,4.77,-4.3202,False,False,,True,False,True,,False,2,4,False,8840448000,2026-10-09T02:02:11.453834+00:00
FRHC,Financial Services,166.7,,31.13,31.13,-4.3544,False,False,,True,True,False,True,,3,4,False,10633403392,2026-10-09T02:02:11.453834+00:00
TPG,Financial Services,45.24,,8.28,8.28,-4.4654,False,False,,True,True,True,True,True,5,5,False,17669267456,2026-10-09T02:02:11.453834+00:00
MRK,Healthcare,142.38,,25.93,25.93,-4.4899,False,False,,True,True,True,True,True,5,5,False,351275909120,2026-10-09T02:02:11.453834+00:00
CWST,Industrials,84.05,2.11,34.92,15.24,-4.5164,False,False,177.19,True,True,True,True,True,5,5,False,5348946432,2026-10-09T02:02:11.453834+00:00
ATRC,Healthcare,52.84,12.63,4.71,9.46,-4.5861,False,False,91.34,True,False,True,True,True,4,5,False,2687774976,2026-10-09T02:02:11.453834+00:00
DDOG,Technology,273.8,69.85,16.71,48.59,-4.6345,False,False,122.8,True,True,True,True,True,5,5,False,98314731520,2026-10-09T02:02:11.453834+00:00
MDB,Technology,371.35,89.81,29.24,65.58,-4.6623,False,False,101.76,True,False,True,True,True,4,5,False,29914599424,2026-10-09T02:02:11.453834+00:00
MIRM,Healthcare,81.35,14.18,,14.18,-4.7357,False,False,,True,False,True,,True,3,4,False,5282234880,2026-10-09T02:02:11.453834+00:00
TXG,Healthcare,77.28,13.47,,13.47,-4.7383,False,False,,True,False,True,True,False,3,5,False,10068900864,2026-10-09T02:02:11.453834+00:00
BMRN,Healthcare,54.89,,9.51,9.51,-4.7697,False,False,,True,True,True,True,True,5,5,False,10625263616,2026-10-09T02:02:11.453834+00:00
MRCY,Industrials,78.52,13.66,13.0,13.4,-4.8605,False,False,4.92,True,False,True,True,True,4,5,False,4779008512,2026-10-09T02:02:11.453834+00:00
SMTC,Technology,187.49,25.58,41.37,31.9,-4.8776,False,False,47.17,True,False,True,True,True,4,5,False,17497622528,2026-10-09T02:02:11.453834+00:00
ECHO,Communication Services,93.36,,15.78,15.78,-4.9171,False,False,,False,False,False,True,True,2,5,False,27150567424,2026-10-09T02:02:11.453834+00:00
IOT,Technology,41.22,8.53,4.23,6.81,-5.0521,False,False,67.35,True,False,True,True,True,4,5,False,24138645504,2026-10-09T02:02:11.453834+00:00
FORM,Technology,137.13,5.81,47.8,22.6,-5.0668,False,False,156.66,True,True,True,True,True,5,5,False,10689937408,2026-10-09T02:02:11.453834+00:00
LYV,Communication Services,171.34,9.18,56.09,27.94,-5.1315,False,False,143.74,True,True,True,False,True,4,5,False,39915282432,2026-10-09T02:02:11.453834+00:00
TTWO,Communication Services,209.37,33.85,34.41,34.07,-5.1451,False,False,1.63,True,False,True,True,True,4,5,False,39148093440,2026-10-09T02:02:11.453834+00:00
U,Technology,45.89,8.8,5.37,7.43,-5.178,False,False,48.47,True,False,True,True,True,4,5,False,20195680256,2026-10-09T02:02:11.453834+00:00
ALGM,Technology,36.27,5.41,6.49,5.84,-5.2093,False,False,18.22,False,False,True,True,True,3,5,False,6760802304,2026-10-09T02:02:11.453834+00:00
SHAK,Consumer Cyclical,67.31,1.98,23.45,10.57,-5.3687,False,False,168.82,True,True,True,True,True,5,5,False,2883488768,2026-10-09T02:02:11.453834+00:00
NP,Financial Services,28.44,,4.43,4.43,-5.4205,False,False,,True,True,True,,True,4,4,False,3902909184,2026-10-09T02:02:11.453834+00:00
ARQT,Healthcare,24.49,,3.8,3.8,-5.4445,False,False,,True,False,False,True,True,3,5,False,3078195968,2026-10-09T02:02:11.453834+00:00
NAVN,Technology,23.08,3.57,,3.57,-5.4664,False,False,,,False,True,True,True,3,4,False,6010274304,2026-10-09T02:02:11.453834+00:00
MRVL,Technology,274.66,16.34,81.06,42.23,-5.5046,False,False,132.9,True,True,True,True,True,5,5,False,246838214656,2026-10-09T02:02:11.453834+00:00
ICUI,Healthcare,157.18,28.39,17.03,23.85,-5.591,False,False,50.05,False,True,True,True,True,4,5,False,3930606080,2026-10-09T02:02:11.453834+00:00
PTGX,Healthcare,139.91,21.39,20.74,21.13,-5.6226,False,False,3.08,True,False,True,True,True,4,5,False,9053336576,2026-10-09T02:02:11.453834+00:00
QXO,Industrials,11.12,0.44,3.52,1.68,-5.6341,False,False,155.15,True,False,True,True,True,4,5,False,11536896000,2026-10-09T02:02:11.453834+00:00
SYNA,Technology,119.08,12.26,26.33,17.89,-5.6566,False,False,72.92,False,False,True,True,True,3,5,False,4727641600,2026-10-09T02:02:11.453834+00:00
AMD,Technology,620.68,74.05,121.5,93.03,-5.6718,False,False,48.54,True,True,True,True,True,5,5,False,1013244559360,2026-10-09T02:02:11.453834+00:00
P,Technology,150.57,21.71,23.79,22.54,-5.6796,False,False,9.15,True,True,True,True,False,4,5,False,50174029824,2026-10-09T02:02:11.453834+00:00
MTSI,Technology,322.21,21.11,88.2,47.95,-5.7203,False,False,122.76,True,False,True,True,True,4,5,False,24607475712,2026-10-09T02:02:11.453834+00:00
GILD,Healthcare,147.1,,21.44,21.44,-5.8607,False,False,,True,True,True,False,True,4,5,False,182397419520,2026-10-09T02:02:11.453834+00:00
PL,Industrials,17.19,2.49,,2.49,-5.9163,False,False,,True,False,True,True,True,4,5,False,6254547456,2026-10-09T02:02:11.453834+00:00
TPL,Energy,357.78,11.99,105.2,49.27,-6.2609,False,False,159.08,True,True,True,True,,4,4,False,24677761024,2026-10-09T02:02:11.453834+00:00
PLTR,Technology,198.78,22.47,32.56,26.51,-6.4991,False,False,36.67,True,True,True,True,True,5,5,False,477679943680,2026-10-09T02:02:11.453834+00:00
CECO,Industrials,65.55,,8.4,8.4,-6.803,False,False,,True,True,False,True,True,4,5,False,3839252736,2026-10-09T02:02:11.453834+00:00
ARES,Financial Services,116.26,,14.52,14.52,-7.0075,False,False,,True,True,True,True,True,5,5,False,38572269568,2026-10-09T02:02:11.453834+00:00
ALKS,Healthcare,40.11,,4.94,4.94,-7.1127,False,False,,True,True,True,True,True,5,5,False,6728984576,2026-10-09T02:02:11.453834+00:00
SEI,Energy,73.08,,8.91,8.91,-7.2046,False,False,,True,True,False,False,True,3,5,False,7353774592,2026-10-09T02:02:11.453834+00:00
SPCX,Industrials,160.57,,18.46,18.46,-7.7,False,False,,True,False,False,True,True,3,5,False,2115379265536,2026-10-09T02:02:11.453834+00:00
RXO,Industrials,28.93,,3.19,3.19,-8.0671,False,False,,True,False,False,True,False,2,5,False,4772323328,2026-10-09T02:02:11.453834+00:00
LITE,Technology,1048.6,82.42,152.73,110.54,-8.4861,False,False,59.8,True,False,True,True,True,4,5,False,94985183232,2026-10-09T02:02:11.453834+00:00
CAVA,Consumer Cyclical,54.31,1.54,11.93,5.7,-8.5343,False,False,154.2,True,True,True,True,True,5,5,False,6343745024,2026-10-09T02:02:11.453834+00:00
MP,Basic Materials,46.14,,4.79,4.79,-8.6415,False,False,,False,False,False,True,True,2,5,False,8217607168,2026-10-09T02:02:11.453834+00:00
NIQ,,17.91,1.82,,1.82,-8.8636,False,False,,True,False,True,,True,3,4,False,5282659840,2026-10-09T02:02:11.453834+00:00
ALAB,Technology,347.05,21.13,53.94,34.25,-9.133,False,False,87.42,True,True,True,True,True,5,5,False,60208005120,2026-10-09T02:02:11.453834+00:00
COHU,Technology,68.37,5.9,7.78,6.65,-9.2774,False,False,27.42,False,False,True,True,True,3,5,False,3236528640,2026-10-09T02:02:11.453834+00:00
IRTC,Healthcare,102.6,9.76,,9.76,-9.5122,False,False,,True,False,True,False,True,3,5,False,3382004224,2026-10-09T02:02:11.453834+00:00
AXON,Industrials,417.31,,38.89,38.89,-9.731,False,False,,True,True,True,True,True,5,5,False,33901185024,2026-10-09T02:02:11.453834+00:00
SAIL,Technology,20.02,1.85,,1.85,-9.8404,False,False,,True,False,True,True,True,4,5,False,11429650432,2026-10-09T02:02:11.453834+00:00
CRWD,Technology,263.01,35.52,3.8,22.83,-10.5182,False,False,161.35,True,False,True,True,False,3,5,False,269305118720,2026-10-09T02:02:11.453834+00:00
JXN,Financial Services,133.06,,11.24,11.24,-10.8353,False,False,,False,True,,True,True,3,4,False,9011986432,2026-10-09T02:02:11.453834+00:00
DPC,Industrials,38.84,2.91,,2.91,-12.355,False,False,,True,False,True,True,True,4,5,False,5802424832,2026-10-09T02:02:11.453834+00:00
LSCC,Technology,124.98,7.59,10.26,8.66,-13.4359,False,False,29.88,False,True,True,True,True,4,5,False,17715818496,2026-10-09T02:02:11.453834+00:00
AXTI,Technology,71.66,,4.78,4.78,-13.9987,False,False,,False,False,False,True,True,2,5,False,4698976768,2026-10-09T02:02:11.453834+00:00
TSLA,Consumer Cyclical,375.0,19.68,27.73,22.9,-15.3758,False,False,33.99,True,True,True,True,True,5,5,False,1481080307712,2026-10-09T02:02:11.453834+00:00
SITM,Technology,645.06,40.15,32.34,37.03,-16.4217,False,False,21.55,True,False,True,True,True,4,5,False,19397621760,2026-10-09T02:02:11.453834+00:00
LION,,11.28,0.5,,0.5,-21.4048,False,False,,False,False,True,,True,2,4,False,3356473088,2026-10-09T02:02:11.453834+00:00
DJT,Communication Services,8.2,0.36,,0.36,-21.8547,False,False,,True,False,True,True,,3,4,False,2279118336,2026-10-09T02:02:11.453834+00:00
FLG,Financial Services,11.35,,0.37,0.37,-29.6231,False,False,,True,False,False,,True,2,4,False,4711303680,2026-10-09T02:02:11.453834+00:00
PI,Technology,183.45,9.58,0.24,5.84,-30.3926,False,False,190.29,True,False,True,True,False,3,5,False,5605207040,2026-10-09T02:02:11.453834+00:00
BE,Industrials,272.82,1.41,19.6,8.69,-30.4113,False,False,173.14,True,False,True,True,True,4,5,False,80352960512,2026-10-09T02:02:11.453834+00:00
NET,Technology,341.89,10.43,,10.43,-31.7754,False,False,,True,False,True,False,False,2,5,False,121740099584,2026-10-09T02:02:11.453834+00:00
NTRA,Healthcare,390.79,11.76,,11.76,-32.238,False,False,,True,False,True,True,False,3,5,False,56330104832,2026-10-09T02:02:11.453834+00:00
MSGS,Communication Services,407.17,11.82,7.11,9.93,-39.984,False,False,49.8,True,True,True,,True,4,4,False,9804628992,2026-10-09T02:02:11.453834+00:00
BRKR,Healthcare,57.92,,0.7,0.7,-81.7266,False,False,,True,False,True,True,True,4,5,False,8824650752,2026-10-09T02:02:11.453834+00:00
